السؤال,خيار 1,خيار 2,خيار 3,خيار 4,الإجابة,التفسير,رابط الصورة,اسم الملف,التفسير المفصل,Subject,Unnamed: 11
Q1: . A 16 year-old girl developed an infection over the surface of the heart after having her nose pierced. Which of the following would most likely require prophylactic treatment?,Pelvic examination,Dental Care,Bronchoscopy,Urinary catheterization,Dental Care,"Dental care is a high-risk activity for re-infection due to the risk of introducing bacteria into the bloodstream, especially in high-risk patients.",,RN. ZAHRA ACTIVITIES.pdf,"Prophylactic treatment is often recommended for patients who are at risk of infective endocarditis after dental procedures, as oral bacteria can enter the bloodstream during these activities.",التمريض العام,
Q2: . A 20 year-old woman is hospitalized with a strong and uncontrollable cough. Who of the following would be required to wear a mask?,Radiology staff,Nurse and patient,Patient,Nurse,Nurse and patient,Both the nurse and patient should wear a mask to prevent the transmission of infectious particles.,,RN. ZAHRA ACTIVITIES.pdf,"Infection control practices recommend that both the nurse and patient wear masks during any activity where airborne transmission could occur, especially in a hospital setting.",التمريض العام,
Q3: . A nurse is caring for an elderly bedridden patient who is dependent on staff most activities of daily living. Which of the activities would require precaution?,Brushing teeth,Feeding,Hair washing,Nail care,Brushing teeth,Brushing teeth requires precaution due to the risk of blood exposure and possible infection during the process.,,RN. ZAHRA ACTIVITIES.pdf,"Precautions are necessary when providing oral care to a bedridden patient to prevent the transmission of infections, especially when blood may be involved during oral care activities.",التمريض العام,
Q4: . Diaphragmatic hernia diagnostic test?,Radiology,Ultrasound,MRI,CT scan,Radiology,The diagnostic test for diaphragmatic hernia is often imaging techniques like radiology to visualize the diaphragmatic movement and any potential hernia.,,RN. ZAHRA ACTIVITIES.pdf,Diaphragmatic hernia is commonly diagnosed using radiological tests as they provide a clear view of any abnormal openings in the diaphragm.,التمريض العام,
"Q5: . A 10-year-old girl presents to the Emergency Room (ER) with pain. On assessment, you noticed that when you palpate the left lower quadrant of the child’s abdomen, the child feels pain in the right quadrant. Which of the following is the name of this sign?",Rebound tenderness,McBurney sign,Roving’s sign,Obdurat signs,Roving’s sign,Roving’s sign is a clinical indicator where palpation of the left lower abdomen causes pain in the right lower abdomen.,,RN. ZAHRA ACTIVITIES.pdf,"Roving’s sign indicates the presence of appendicitis, where the pain felt on one side can be felt on the opposite side of the abdomen.",التمريض العام,
"Q6: . A 10-year-old girl presents to the Emergency Room (ER) with pain. On assessment, you noticed that when you palpate the right lower quadrant of the child’s abdomen, the child feels pain in the right quadrant. Which of the following is the name of this sign?",Rebound tenderness,McBurney sign,Roving’s sign,Obdurate sign,Rebound tenderness,"Rebound tenderness is a clinical sign indicative of appendicitis, where pain is felt after the pressure on the abdomen is released.",,RN. ZAHRA ACTIVITIES.pdf,"Rebound tenderness indicates inflammation of the appendix, typically associated with appendicitis.",التمريض العام,
Q7: . A nurse called the doctor while he is at home when she asked him for an order for patient's medication as a nurse how many hours must the doctor took to write the order in the hospital documentation?,6 hours,24 hour,48 hours,12 hours,24 hour,"According to hospital policies, a doctor must document their medication orders within 24 hours.",,RN. ZAHRA ACTIVITIES.pdf,Healthcare providers must document orders in a timely manner to ensure patient safety and accuracy.,التمريض العام,
Q8: . A patient treated an insect bite with traditional alternative therapy of raw garlic juice caused strong skin reaction. The patient agreed not to use it again after the nurse explained its harmful effects. Which of the following is the best expression of the nurse's role?,patient's advocate,Resource person,Care planning,Caregiver,Caregiver,"The nurse's role is to provide care and explain the risks, serving as a caregiver while educating the patient.",,RN. ZAHRA ACTIVITIES.pdf,The caregiver role involves supporting the patient through education and ensuring safe care practices.,التمريض العام,
Q9: . Leaving the tourniquet for long time can cause?,Low blood flow,Limb embolism,Hemoconcentration,Low blood flow,Low blood flow,"Prolonged use of a tourniquet can impede circulation, leading to reduced blood flow.",,RN. ZAHRA ACTIVITIES.pdf,"Leaving a tourniquet on for an extended period can cause ischemia due to restricted blood flow, which may lead to tissue damage.",التمريض العام,
Q10: . Leaving the tourniquet for long time can cause?,Hemoconcentration,Low blood flow,Limb embolism,Low blood flow,Low blood flow,"Extended compression from a tourniquet may result in low blood flow, affecting the tissue oxygen supply.",,RN. ZAHRA ACTIVITIES.pdf,Tourniquets should be applied carefully and removed promptly to avoid adverse effects on circulation.,التمريض العام,
"Q11: . Following a lumbar puncture, a patient has several complaints. Which of the following complaints indicate that the patient is experiencing a complication?",I have a headache that gets worse when I sit up,I am having pain in my lower back when I move my legs,My throat hurts when I swallow,I feel sick to my stomach and I'm going to throw up,I have a headache that gets worse when I sit up,Headache after a lumbar puncture can be a sign of cerebrospinal fluid (CSF) leakage.,,RN. ZAHRA ACTIVITIES.pdf,Post-lumbar puncture headaches are common and typically worsen when sitting up due to decreased CSF pressure.,التمريض العام,
Q12: . The nurse is performing a physical examination on a client with hearing difficulty. The nurse activated the tuning fork and placed it on top of the client’s head. What test did the nurse perform?,Whisper test,Rinne test,Audiometer,Weber test,Weber test,Weber test is used to assess hearing by placing the tuning fork on the top of the patient's head to determine hearing loss in either ear.,,RN. ZAHRA ACTIVITIES.pdf,The Weber test helps identify unilateral hearing loss by testing the lateralization of sound.,التمريض العام,
"Q13: . 62-year-old man presents to the clinic with complaints of hearing loss in the left ear. The hearing loss has been progressive over the past year. A semi-transparent, a pale grey color and clear of cerumen. A Weber test is performed and the sound lateralized to the right ear. Which type of hearing loss is suspected?",Left-sided conductive,Right-sided conductive,Left-sided sensorineural,Right-sided sensorineural,Left-sided sensorineural,Sensorineural hearing loss occurs when there is damage to the inner ear or nerve pathways.,,RN. ZAHRA ACTIVITIES.pdf,Sensorineural hearing loss often results from damage to the auditory nerve or hair cells in the inner ear.,التمريض العام,
Q14: . What is the name of the procedure? (See image),Myingoplasty,Tympanoplasty,Tympanotomy,Tympanoplasty,Tympanoplasty,Tympanoplasty is a surgical procedure to repair the eardrum.,,RN. ZAHRA ACTIVITIES.pdf,Tympanoplasty is commonly used to repair tympanic membrane perforations and restore hearing.,التمريض العام,
Q15: . Otitis media surgery is?,Myingotomy,Tympanoplasty,Sitting,Drainage,Myringotomy,"Myringotomy is the surgical procedure to drain fluid from the middle ear, often used to treat otitis media.",,RN. ZAHRA ACTIVITIES.pdf,Myingotomy is often done to relieve pressure and fluid buildup in the middle ear caused by infection.,التمريض العام,
Q16: . During skin assessment of a patient the nurse observed a skin described as round solid mass beneath the skin (see image). Which of the following terms is best to describe the lesion?,Cyst,Papule,Pustule,Blister,Cyst,A cyst is a closed sac-like structure filled with liquid or semi-solid material.,,RN. ZAHRA ACTIVITIES.pdf,"A cyst is a benign, closed sac that often contains fluid, air, or other substances.",التمريض العام,
Q17: . A nurse measures blood pressure of a patient admitted to the male Medical Ward for 3 days. Which of the following is the best method to ensure that the nurse's reading is reliable and accurate?,Check patient's blood pressure every shift,Measure patient's temperature,Document result in chart,Measure patient's heart rate,Check patient's blood pressure every shift,Regular blood pressure monitoring ensures accuracy and consistency.,,RN. ZAHRA ACTIVITIES.pdf,Monitoring blood pressure consistently ensures that the readings are reliable and helps track any changes over time.,التمريض العام,
"Q18: . A 65-year-old woman who was diagnosed with hyperthyroidism at the age of 45 brought to the clinic by ambulance. On arrival, she had a severely decreased level of consciousness. Her breathing is shallow and irregular. The skin is cool, dry, and pale. There is generalized non-pitting edema of all extremities and face. Blood pressure 70/40 mmhg Heart rate 60/min Respiratory rate 12/min Body temperature 35.5 C tympanic What is the most appropriate method to rewarm this patient?",Warmed intravenous isotonic fluids,Place the patient in a warm bath,Apply heat packs to the head and neck,Cover the patient with hospital blankets,Cover the patient with hospital blankets,Covering the patient with blankets helps conserve body heat and slowly raises body temperature.,,RN. ZAHRA ACTIVITIES.pdf,Gradual warming is important to avoid complications like rewarming shock.,التمريض العام,
"Q19: . Adult patient complains of diarrhea, vomiting, abdomen cramp and pain within the past 2 weeks. The patient reported that the pain increases when he eats and relieves when he passes stool. Which of the following may be the cause?",Appendicitis,Crohns disease,Ectopic pregnancy,Cholecystitis,Crohn's disease,Crohn's disease can cause cramping pain that often improves after bowel movements.,,RN. ZAHRA ACTIVITIES.pdf,Crohn's disease is an inflammatory bowel condition that causes intermittent abdominal pain and diarrhea.,التمريض العام,
Q20: . A 45-year-old man was admitted to the Surgical Ward after removal of pancreatic cyst. The registered nurse checked the post-operative orders. Ondansetron (Zofran) PRN was prescribed for the patient. Which of the following complaints from the patient will require the registered nurse to serve the Ondansetron after 12 hours of post-operative period?,Wound pain,Nausea and vomiting,Congestion of flame,difficulty in passing urine,Nausea and vomiting,Nausea and vomiting are common post-operative symptoms that Ondansetron is prescribed for.,,RN. ZAHRA ACTIVITIES.pdf,Ondansetron is commonly used to treat nausea and vomiting following surgery.,التمريض العام,
"Q21: . A patient comes to the Emergency Department after falling out. The nurse notices that the patient's left leg is externally rotated, shorter than the right leg. The patient cannot move the left and complains of severe pain. What is the most likely cause of these symptoms?",A Dislocated patella,Fractured left hip,Fractured left tibia,Dislocated left fibula,Fractured left hip,A fractured hip causes external rotation and shortening of the affected leg.,,RN. ZAHRA ACTIVITIES.pdf,"A fractured hip commonly leads to severe pain, shortened limbs, and external rotation due to dislocation.",التمريض العام,
"Q22: . A patient is admitted to the emergency department after sustaining abdominal injuries and a broken femur from a motor vehicle accident. The patient is pale, diaphoretic, and is not talking coherently. Vital signs upon admission are temperature 98.0 F (36.3 C), heart rate 130 beats/minute, respiratory rate 34 breaths/minute, blood pressure 50/40mmHg. The healthcare provider suspects which type of shock?",Distributive,Neurogenic,Cardiogenic,Hypovolemic,Hypovolemic,"Hypovolemic shock occurs when there is severe blood loss or fluid loss, leading to low blood pressure and organ dysfunction.",,RN. ZAHRA ACTIVITIES.pdf,"Hypovolemic shock is caused by a significant loss of circulating blood or fluids, leading to low blood pressure.",التمريض العام,
"Q23: . The nurse was caring for a patient’s wound staples after an operation. While she was preparing the patient, the patient sneezed and one staple fell down the floor. What should the nurse do?",Bring the staple from the floor,Bring it and put it back on the wound,Apply dressing to the wound,Notify the physician,Apply dressing to the wound,The nurse should apply dressing to ensure that the wound stays protected from infection.,,RN. ZAHRA ACTIVITIES.pdf,"If a staple falls out, the wound needs to be protected with a clean dressing to avoid contamination.",التمريض العام,
"Q24: . A 38-year-old patient is about to have lumbar disk surgery. During preoperative care, the nurse instructs the patient, including the family members, how to do ""log rolling"" to change patient position. One of the family members asks why they must do such action in turning the patient postoperatively. Which of the following is the nurse's best response?",Facility good circulation,Avoid spinal movement,Prevent postoperative bed sores,Makes changing of patient position easier,Avoid spinal movement,Log rolling helps avoid stressing the spine and is critical for proper positioning after spinal surgery.,,RN. ZAHRA ACTIVITIES.pdf,Log rolling prevents strain on the spine and ensures the patient’s safety post-surgery.,التمريض العام,
"Q25: . A 38-year-old patient is about to have lumbar disk surgery during preoperative care. The nurse instructs the patient, including the family members, how to do log rolling to change the patient's position. One of the family members asks why they must do such action in turning the patient postoperatively. Which of the following is the nurse's best response?",Facility good circulation,Avoid movement,Prevent postoperative bedsore,Makes changing of patient position easier,Prevent postoperative bedsore,"Log rolling helps prevent the formation of pressure ulcers, which can occur from improper positioning after surgery.",,RN. ZAHRA ACTIVITIES.pdf,Log rolling is a key step in preventing pressure sores postoperatively by ensuring the patient is turned safely.,التمريض العام,
Q26: . Patient will start TPN and should start gradually to avoid which?,Hyperinsulinemia,Hypoinsulinemia,Hypoglycemia,Hyperglycemia,Hyperglycemia,Total Parenteral Nutrition (TPN) should be started gradually to avoid a rapid rise in blood glucose.,,RN. ZAHRA ACTIVITIES.pdf,Starting TPN slowly helps avoid hyperglycemia by allowing the body to adjust to the infusion of nutrients.,التمريض العام,
Q27: . What is the complication of disc?,Continue muscle spasm,Impaired motor response,Cerebrovascular accident,Diabetes,Impaired motor response,Severe disc problems can lead to impaired motor function due to nerve compression.,,RN. ZAHRA ACTIVITIES.pdf,"Disc injuries can compress spinal nerves, leading to motor deficits such as weakness or loss of movement.",التمريض العام,
Q28: . A 25-year-old patient is admitted for observation in the surgical unit with a concussion after being involved in a road traffic accident. A nurse performs a routine neurological assessment and notes a decrease in the patient’s level of consciousness. BP 170/110 HR 52 RR 11 TEM 36.1 SAT 93%. Which of the following is the most likely cause?,Hypovolemia,Hypothermia,Pulmonary embolism,Increased intracranial pressure,Increased intracranial pressure,Increased intracranial pressure is commonly associated with trauma to the head and causes symptoms like changes in consciousness.,,RN. ZAHRA ACTIVITIES.pdf,"Intracranial pressure increases due to brain swelling or bleeding, which can lead to altered consciousness.",التمريض العام,
Q29: . The doctor ordered for patient TPN. How can we prevent infection from the central line if the nurse suspects that there is bacteria inside?,Give antibiotics 3 times per day,Apply dressing with alcohol on central line,Apply one lumen for TPN,Apply dressing with antibiotics TPN daily,Apply dressing with alcohol on central line,Using alcohol to disinfect the central line reduces the risk of bacterial infection.,,RN. ZAHRA ACTIVITIES.pdf,"Alcohol dressing is used to maintain sterility around the central line, preventing infection from bacterial contamination.",التمريض العام,
"Q30: . A Female patient will do the breast implant surgery, and she tells the nurse not to tell her family about the surgery. What is the nature of this action?",Confidentiality,Ethical dilemma,Illegal nursing practice,Medico-legal practice,Confidentiality,Confidentiality refers to the nurse's obligation to respect the patient's wishes and protect personal health information.,,RN. ZAHRA ACTIVITIES.pdf,Patient confidentiality ensures that the information shared with healthcare providers is kept private.,التمريض العام,
Q31: . The nurse is caring for a client who has had a right modified radical mastectomy this morning. Which exercise should the nurse encourage the client to perform this evening?,Hair combing exercises with the right arm,Wall climbing exercises with the right arm,Movement of the fingers and wrists of the right arm,D. Movement of the fingers and wrists of the right arm,Movement of the fingers and wrists helps maintain range of motion and prevent stiffness after surgery.,https://www.ncbi.nlm.nih.gov/pmc/articles/PMC3187442/,,Finger and wrist exercises are essential for regaining strength and flexibility after mastectomy surgery.,RN. ZAHRA ACTIVITIES.pdf - Page 3,التمريض العام,
Q32: . Radon can cause any cancer?,Skin,Cervical,Colon,Prostate,Skin,Radon exposure is linked to increased risk of skin cancer due to its radioactive properties.,,RN. ZAHRA ACTIVITIES.pdf,"Radon exposure can increase the risk of lung cancer, but it is not typically associated with skin cancer.",التمريض العام,
Q33: . Radon cancer mostly affected?,Lung,Cervical,Prostate,A. Lung,Radon exposure has been identified as a leading cause of lung cancer.,https://www.ncbi.nlm.nih.gov/pmc/articles/PMC3187442/,,"Lung cancer is primarily associated with radon exposure, especially in nonsmokers.",RN. ZAHRA ACTIVITIES.pdf - Page 3,التمريض العام,
Q34: . Radon cancer mostly affected?,Pancreas,Cervical,Prostate,A. Pancreas,Radon exposure has been found to be a significant risk factor for pancreatic cancer.,https://www.ncbi.nlm.nih.gov/pmc/articles/PMC3187442/,,Pancreatic cancer is primarily associated with environmental factors like radon exposure.,RN. ZAHRA ACTIVITIES.pdf - Page 3,التمريض العام,
Q35: . A 5-year-old child was brought to the Emergency Room with a fractured forearm. He had several bruises on his body but showed no signs of pain while palpating them. He seemed scared and did not answer any questions asked. How should the nurse initiate therapeutic communication with the child?,Start interviewing,Encourage him to speak,Explain about the fracture,Greet and show gentleness - nurse gives health,Greet and show gentleness,Showing gentleness helps to create a supportive and non-threatening environment for the child.,,RN. ZAHRA ACTIVITIES.pdf,Children in distress may be more receptive to gentle communication that acknowledges their emotional state.,التمريض العام,
Q36: . You are assisting a MD with the removal of a chest tube. What activity may the MD have the patient perform while the chest tube is being removed?,Valsalva maneuver,Leopold Maneuver,Chest physiotherapy,Huff Cough Technique,Valsalva maneuver,The Valsalva maneuver helps prevent air from entering the pleural space while the chest tube is being removed.,,RN. ZAHRA ACTIVITIES.pdf,The Valsalva maneuver helps prevent negative pressure buildup in the chest during tube removal.,التمريض العام,
"Q37: . A 76 years-old man is admitted to the Post-anesthesia Recovery unit following chest surgery. The patient has a right chest tube that is attached to low suction. Three hours after admission to the unit, the nurse observes the drainage output from the chest tube is 300 milliliters. What is the most appropriate initial intervention?",Notify the doctor,Reduce IV infusion rate,Strip tube with roller device,Re-position in left lateral decubitus,Notify the doctor,"Excessive drainage can indicate a serious complication, and it is essential to notify the doctor immediately.",,RN. ZAHRA ACTIVITIES.pdf,"Excessive chest tube drainage can indicate bleeding or other complications, requiring immediate medical attention.",التمريض العام,
Q38: . Patient developed ascites which procedure will help relieve this condition?,Paracentesis,Hemodialysis,Lumbar puncture,Drainage,Paracentesis,Paracentesis is the procedure performed to remove excess fluid from the abdominal cavity in patients with ascites.,,RN. ZAHRA ACTIVITIES.pdf,Paracentesis is commonly used to manage ascites by removing fluid buildup in the abdominal cavity.,التمريض العام,
Q39: . 8 years-old child was admitted with suspected appendicitis. A nurse was evaluating the child’s condition and the mother stated that the child did not have his bowel movement for the past two days and requested for natives. What is the risk of giving laxative to patient with appendicitis?,Pain,Fever,Rupture,Diarrhea,Rupture,"Giving a laxative to a patient with appendicitis may cause the appendix to rupture, leading to peritonitis.",,RN. ZAHRA ACTIVITIES.pdf,"Laxatives can increase intra-abdominal pressure, which is dangerous for patients with appendicitis as it may lead to perforation.",التمريض العام,
"Q40: . A woman patient is admitted for abdominal pain. She complains of generalized pain, nausea, vomiting, and constipation. Rebound tenderness and abdominal rigidity are present the past hour. Her localized pain is on the right side. BP 130/68 HR 92 RR 18 TEM 38.6. What should the nurse suspect?",Intestinal obstruction,Influenza,Appendicitis,Pyloric stenosis,Appendicitis,"Appendicitis is characterized by right-sided abdominal pain, fever, and rebound tenderness.",,RN. ZAHRA ACTIVITIES.pdf,"Appendicitis typically presents with pain in the right lower quadrant, fever, and signs of peritoneal irritation.",التمريض العام,
"Q41: . A nurse is caring for a patient who underwent gallbladder surgery. When administering pain medication, the nurse needs to educate the patient on which of the following?",The importance of using the pain medication as prescribed,The need to take additional over-the-counter medications,The role of deep breathing to manage pain,The importance of avoiding movement,The importance of using the pain medication as prescribed,"Post-surgery pain management is crucial, and the nurse needs to educate the patient on the proper use of prescribed pain medications.",,RN. ZAHRA ACTIVITIES.pdf,Proper pain management post-surgery is essential to prevent discomfort and aid in the recovery process.,التمريض العام,
Q42: . A patient who underwent abdominal surgery develops a wound infection. Which of the following signs and symptoms would the nurse expect to observe?,Increased wound drainage,Absence of fever,Redness and warmth around the incision site,Pallor and weakness,Increased wound drainage,Increased drainage and signs of inflammation are typical of wound infection after surgery.,,RN. ZAHRA ACTIVITIES.pdf,"Signs of infection include increased drainage, redness, and warmth at the wound site, indicating an inflammatory response.",التمريض العام,
Q43: . A 30-year-old patient is diagnosed with a thyroid disorder and begins treatment with a thyroid hormone replacement. What is the most important instruction the nurse should give to the patient?,Increase physical activity,Monitor for signs of hyperthyroidism,Increase salt intake,Avoid taking the medication on an empty stomach,Monitor for signs of hyperthyroidism,Thyroid replacement therapy can lead to symptoms of hyperthyroidism if not properly dosed.,,RN. ZAHRA ACTIVITIES.pdf,"The nurse should instruct the patient to watch for signs of over-medication, including palpitations, irritability, and weight loss.",التمريض العام,
Q44: . A nurse is caring for a patient with a history of heart failure. Which of the following is the most important aspect of care?,Monitor for fluid retention,Encourage high salt intake,Restrict fluid intake,Encourage ambulation,Monitor for fluid retention,Monitoring for fluid retention is key in managing heart failure and preventing complications like pulmonary edema.,,RN. ZAHRA ACTIVITIES.pdf,"Fluid retention is common in heart failure and can worsen the condition, so regular monitoring is crucial.",التمريض العام,
"Q45: . A nurse is caring for a post-operative patient who is receiving IV antibiotics. The nurse notices redness, warmth, and swelling at the IV site. What should the nurse do next?",Continue the IV antibiotics,Apply a warm compress,Stop the IV and notify the doctor,Change the IV tubing,Stop the IV and notify the doctor,Signs of infection or phlebitis at the IV site require the nurse to stop the infusion and seek medical attention.,,RN. ZAHRA ACTIVITIES.pdf,Stopping the IV and informing the doctor is necessary to prevent further complications and address any possible infection.,التمريض العام,
Q46: . A nurse is caring for a patient with diabetes who is receiving insulin. The patient’s blood glucose levels are decreasing rapidly. What is the priority action for the nurse to take?,Increase the insulin dose,Administer a rapid-acting carbohydrate,Continue monitoring the patient,Consult the physician,Administer a rapid-acting carbohydrate,"For patients experiencing hypoglycemia, immediate administration of carbohydrates is crucial to restore normal blood glucose levels.",,RN. ZAHRA ACTIVITIES.pdf,Carbohydrate administration helps quickly elevate blood sugar levels and prevent further hypoglycemic episodes.,التمريض العام,
Q47: . A patient is recovering from hip surgery and has difficulty moving the affected leg. What is the best intervention to assist with mobility?,Provide a walker for support,Place a pillow under the knee,Encourage use of a crutch,Provide a manual wheelchair,Provide a walker for support,A walker can help the patient maintain balance and support weight during the recovery process after hip surgery.,,RN. ZAHRA ACTIVITIES.pdf,Using a walker helps improve mobility and reduce the risk of falls in patients recovering from hip surgery.,التمريض العام,
Q48: . The nurse is caring for a patient who is prescribed a new medication. The patient reports a history of allergies to other medications. What is the nurse's priority action?,Assess for allergic reactions,Administer the medication with food,Inform the physician of the allergies,Review the medication history,Assess for allergic reactions,The nurse must assess the patient for any signs of an allergic reaction to the new medication to prevent complications.,,RN. ZAHRA ACTIVITIES.pdf,"Monitoring for allergic reactions is critical when administering new medications, especially with a history of drug allergies.",التمريض العام,
Q49: . A patient is receiving a blood transfusion and begins to feel chills and nausea. What is the nurse’s priority action?,Stop the transfusion and notify the physician,Continue the transfusion and monitor the patient,Increase the flow rate of the transfusion,Administer an antihistamine,Stop the transfusion and notify the physician,"Chills and nausea are signs of a possible transfusion reaction, and the nurse should stop the transfusion immediately.",,RN. ZAHRA ACTIVITIES.pdf,Stopping the transfusion is essential to prevent further complications and to manage any adverse reactions.,التمريض العام,
Q50: . A patient who recently underwent surgery is now experiencing confusion and agitation. What is the nurse’s most appropriate action?,Ensure a quiet and calm environment,Administer sedatives,Increase the frequency of assessments,Notify the physician,Ensure a quiet and calm environment,Confusion and agitation post-surgery can be managed by creating a calm and quiet environment.,,RN. ZAHRA ACTIVITIES.pdf,Reducing environmental stimuli can help calm the patient and reduce postoperative agitation.,التمريض العام,
Q51: . A 45-year-old patient is admitted to the ICU with a diagnosis of acute respiratory failure. What should the nurse monitor most closely?,Heart rate and blood pressure,Oxygen saturation and respiratory rate,Temperature and white blood cell count,Urine output,Oxygen saturation and respiratory rate,Monitoring oxygen saturation and respiratory rate is critical in patients with respiratory failure to ensure adequate oxygenation.,,RN. ZAHRA ACTIVITIES.pdf,Monitoring oxygen levels and respiratory rate helps assess the effectiveness of respiratory interventions.,التمريض العام,
Q52: . A patient with chronic obstructive pulmonary disease (COPD) is receiving oxygen therapy. What is the nurse’s priority concern?,Providing adequate hydration,Preventing oxygen toxicity,Monitoring for respiratory infections,Assessing for skin breakdown,Preventing oxygen toxicity,Excessive oxygen therapy in COPD patients can lead to oxygen toxicity and respiratory depression.,,RN. ZAHRA ACTIVITIES.pdf,Monitoring oxygen levels closely is important to prevent toxicity and manage the patient's respiratory status effectively.,التمريض العام,
Q53: . A nurse is caring for a patient with a history of anxiety. The patient is experiencing a panic attack. What is the best intervention for the nurse to implement?,"Encourage slow, deep breathing",Administer sedatives immediately,Provide reassurance and distraction,Offer water and snacks,"Encourage slow, deep breathing","Slow, deep breathing helps the patient regain control during a panic attack and reduces anxiety.",,RN. ZAHRA ACTIVITIES.pdf,"Encouraging deep breathing helps activate the body’s relaxation response, reducing symptoms of a panic attack.",التمريض العام,
Q54: . A 55-year-old patient is recovering from a stroke and is having difficulty swallowing. What should the nurse implement to ensure safe feeding?,Provide soft foods and thickened liquids,Offer fluids in a cup,Encourage chewing gum,Assist with a mechanical feeding tube,Provide soft foods and thickened liquids,Thickened liquids and soft foods are safer for stroke patients with swallowing difficulties.,,RN. ZAHRA ACTIVITIES.pdf,Soft foods and thickened liquids reduce the risk of aspiration and choking in patients with swallowing difficulties.,التمريض العام,
Q55: . A patient recovering from surgery is complaining of pain at the incision site. Which of the following is the nurse’s best response?,Offer the patient nonpharmacologic pain management techniques,Administer prescribed analgesics,Ask the patient to wait a little longer,Offer distraction and relaxation techniques,Administer prescribed analgesics,Administering prescribed pain medications helps manage the patient’s discomfort and promotes healing.,,RN. ZAHRA ACTIVITIES.pdf,Effective pain management post-surgery is essential to ensure comfort and facilitate the recovery process.,التمريض العام,
Q56: . A patient admitted for chemotherapy is complaining of nausea. What is the nurse’s priority intervention?,Administer antiemetic medications,Encourage deep breathing techniques,Offer ginger tea,Provide hydration,Administer antiemetic medications,Chemotherapy-induced nausea is best managed by administering antiemetic drugs as prescribed.,,RN. ZAHRA ACTIVITIES.pdf,Antiemetic medications are commonly used to manage chemotherapy-induced nausea and vomiting effectively.,التمريض العام,
Q57: . A nurse is providing discharge education to a patient prescribed warfarin therapy. What is the most important information the nurse should include?,Limit physical activity,Monitor for signs of bleeding,Increase intake of leafy green vegetables,Limit fluid intake,Monitor for signs of bleeding,"Warfarin therapy increases the risk of bleeding, so it is essential for the patient to monitor for signs of bleeding.",,RN. ZAHRA ACTIVITIES.pdf,Patients on warfarin should be educated on bleeding risks and instructed to report any signs of unusual bleeding immediately.,التمريض العام,
Q58: . A patient is admitted to the emergency department with complaints of chest pain and shortness of breath. Which of the following diagnostic tests should the nurse anticipate first?,EKG,Chest x-ray,Arterial blood gases,CT scan,EKG,An EKG is the first-line diagnostic test to assess for cardiac issues such as myocardial infarction.,,RN. ZAHRA ACTIVITIES.pdf,"An EKG provides crucial information about the heart's electrical activity, helping diagnose cardiac conditions.",التمريض العام,
Q59: . A 72-year-old patient is experiencing dyspnea and fatigue. What is the nurse’s primary concern when providing care for this patient?,Assessing oxygen saturation levels,Offering frequent meals,Providing education on deep breathing exercises,Encouraging regular exercise,Assessing oxygen saturation levels,Monitoring oxygen saturation is crucial for patients with dyspnea to assess the adequacy of oxygenation.,,RN. ZAHRA ACTIVITIES.pdf,Monitoring oxygen saturation helps ensure that the patient’s respiratory function is stable and that they are not hypoxic.,التمريض العام,
Q60: . A patient with a severe burn injury has developed shock. What should the nurse prioritize in this situation?,Administering pain medication,Monitoring vital signs,Providing fluid resuscitation,Providing oxygen therapy,Providing fluid resuscitation,Fluid resuscitation is critical in managing shock after severe burns to maintain circulation and prevent organ failure.,,RN. ZAHRA ACTIVITIES.pdf,Fluid resuscitation helps restore circulatory volume and prevent hypovolemic shock in burn patients.,التمريض العام,
Q61: . A nurse is caring for a patient recovering from abdominal surgery. The patient is experiencing difficulty breathing and is exhibiting signs of a collapsed lung. What is the priority intervention?,Encourage deep breathing exercises,Administer supplemental oxygen,Assist the patient to sit upright,Perform a chest X-ray,Administer supplemental oxygen,Supplemental oxygen is crucial to maintain adequate oxygenation in patients with respiratory distress.,,RN. ZAHRA ACTIVITIES.pdf,"Administering oxygen improves oxygen saturation, preventing further complications from hypoxemia. It helps stabilize the patient's respiratory status.",التمريض العام,
"Q62: . A 45-year-old patient is diagnosed with a severe allergic reaction after exposure to a known allergen. The patient’s breathing is becoming shallow, and the skin is pale. What should the nurse administer first?",Antihistamines,Epinephrine,Glucocorticoids,Antibiotics,Epinephrine,"Epinephrine is the first-line treatment for anaphylactic reactions, as it rapidly reverses symptoms like airway constriction.",,RN. ZAHRA ACTIVITIES.pdf,Epinephrine acts quickly to reverse the effects of anaphylaxis by dilating the airways and improving circulation. It's critical for preventing severe complications.,التمريض العام,
Q63: . A 70-year-old patient is admitted for respiratory distress. The patient has a history of chronic obstructive pulmonary disease (COPD). What intervention should the nurse prioritize for this patient?,Encourage frequent ambulation,Administer oxygen therapy,Provide a high-calorie diet,Monitor for dehydration,Administer oxygen therapy,Oxygen therapy is essential for COPD patients who have low oxygen levels due to impaired lung function.,,RN. ZAHRA ACTIVITIES.pdf,Patients with COPD often need supplemental oxygen to maintain adequate oxygen saturation and prevent further respiratory distress.,التمريض العام,
Q64: . A patient recovering from surgery reports pain at the incision site. Which of the following is the nurse’s best action?,Offer a back massage,Administer pain medication,Encourage movement,Apply ice to the area,Administer pain medication,"Administering prescribed pain medication helps manage the patient’s discomfort, which is important for recovery.",,RN. ZAHRA ACTIVITIES.pdf,"Effective pain management ensures the patient remains comfortable, reduces stress, and aids the healing process after surgery.",التمريض العام,
Q65: . A nurse is caring for a patient on a ventilator. The patient’s oxygen saturation is dropping despite increasing oxygen levels. What should the nurse do next?,Increase sedation levels,Assess the ventilator settings,Administer a bronchodilator,Call the physician,Assess the ventilator settings,Assessing the ventilator settings is essential to ensure the patient is receiving appropriate ventilatory support.,,RN. ZAHRA ACTIVITIES.pdf,"Improper ventilator settings can affect oxygenation, and it's crucial to verify that the equipment is functioning correctly.",التمريض العام,
Q66: . A patient on a blood pressure medication reports feeling dizzy and lightheaded upon standing. What is the nurse’s most appropriate action?,Stop the medication immediately,Assist the patient to a sitting position and recheck blood pressure,Increase the dose of the medication,Administer fluids,Assist the patient to a sitting position and recheck blood pressure,Dizziness upon standing may be a sign of hypotension. The nurse should check the blood pressure to assess the cause.,,RN. ZAHRA ACTIVITIES.pdf,"Orthostatic hypotension is a common side effect of blood pressure medications, and the nurse should monitor the patient closely for changes in blood pressure.",التمريض العام,
Q67: . A patient with a history of deep vein thrombosis (DVT) is receiving anticoagulant therapy. What should the nurse monitor closely for this patient?,Signs of infection,Signs of bleeding,Changes in liver function,Changes in vision,Signs of bleeding,"Anticoagulants increase the risk of bleeding, so the nurse should monitor for any signs of bleeding or bruising.",,RN. ZAHRA ACTIVITIES.pdf,"Patients on anticoagulants are at higher risk for bleeding, so timely detection of any bleeding signs is critical.",التمريض العام,
"Q68: . A nurse is caring for a patient with severe asthma. The patient is having difficulty breathing, and the nurse notices wheezing on auscultation. What should the nurse administer first?",Antibiotics,Steroids,Short-acting beta-agonist,Antihistamines,Short-acting beta-agonist,"Short-acting beta-agonists are the first-line treatment for acute asthma attacks, as they rapidly open up the airways.",,RN. ZAHRA ACTIVITIES.pdf,"Short-acting beta-agonists, like albuterol, provide quick relief during asthma exacerbations by relaxing the smooth muscles around the airways.",التمريض العام,
Q69: . A patient who is receiving chemotherapy reports nausea. Which of the following is the nurse's best intervention?,Administer an antiemetic,Provide ginger tea,Encourage deep breathing,Offer a snack,Administer an antiemetic,Antiemetic medications are used to manage chemotherapy-induced nausea effectively.,,RN. ZAHRA ACTIVITIES.pdf,"Antiemetics help block the chemicals in the brain that cause nausea, providing effective relief for chemotherapy patients.",التمريض العام,
Q70: . A patient who underwent a hip replacement surgery is having difficulty walking. What intervention should the nurse recommend?,Encourage the use of a walker,Administer analgesics,Increase fluid intake,Restrict ambulation,Encourage the use of a walker,"Using a walker after hip surgery can help with balance and mobility, reducing the risk of falls.",,RN. ZAHRA ACTIVITIES.pdf,"A walker provides support, helping patients regain their mobility and maintain stability after hip replacement surgery.",التمريض العام,
Q71: . A patient is admitted with suspected stroke. What is the nurse’s priority assessment upon admission?,Monitor oxygen saturation,Assess the patient’s speech and motor function,Measure blood glucose levels,Assess for fever,Assess the patient’s speech and motor function,Assessing speech and motor function helps determine the severity and location of the stroke.,,RN. ZAHRA ACTIVITIES.pdf,Prompt assessment of speech and motor function helps determine whether the patient is experiencing a stroke and guide immediate interventions.,التمريض العام,
Q72: . A nurse is caring for a post-operative patient who is at risk for deep vein thrombosis (DVT). What intervention should the nurse implement to reduce the risk of DVT?,Apply compression stockings,Increase fluid intake,Encourage ambulation,Administer aspirin,Apply compression stockings,Compression stockings help improve circulation and reduce the risk of blood clots in post-operative patients.,,RN. ZAHRA ACTIVITIES.pdf,"Compression stockings help maintain proper blood flow and prevent clot formation, especially after surgery.",التمريض العام,
Q73: . A nurse is caring for a patient who is at risk for falls. Which of the following is the most appropriate intervention to prevent falls?,Encourage the patient to use a call bell,Provide a walking aid,Ensure the bed is low and locked,Ensure proper lighting,nan,C. Ensure proper lighting,,https://www.ncbi.nlm.nih.gov/pmc/articles/PMC3187442/,RN. ZAHRA ACTIVITIES.pdf,التمريض العام,RN. ZAHRA ACTIVITIES.pdf - Page 5
Q74: . A 60-year-old patient presents with a history of smoking and coughing. The nurse suspects the patient may have chronic obstructive pulmonary disease (COPD). Which of the following symptoms would the nurse expect?,Shortness of breath and chronic cough,Wheezing and chest pain,Chest tightness and headache,Dizziness and fatigue,Shortness of breath and chronic cough,"COPD is often characterized by shortness of breath, chronic cough, and sputum production.",,RN. ZAHRA ACTIVITIES.pdf,"Patients with COPD commonly experience progressive shortness of breath and a persistent cough, which are hallmark symptoms of the disease.",التمريض العام,
Q75: . A nurse is teaching a patient with asthma about managing their condition. What is the most important piece of information to include in the education?,Avoid allergens,Use medication only during an attack,Increase physical activity,Use medications as prescribed,Avoid allergens,"Patients with asthma should avoid known triggers, including allergens, to prevent exacerbations.",,RN. ZAHRA ACTIVITIES.pdf,Avoiding allergens helps reduce the likelihood of asthma attacks and prevents worsening of symptoms.,التمريض العام,
Q76: . A patient recovering from surgery is experiencing pain and discomfort. The nurse should encourage which of the following methods to promote relaxation and manage pain?,Progressive muscle relaxation,Non-pharmacologic therapy,Increase medication dose,Complete bed rest,Progressive muscle relaxation,Progressive muscle relaxation can help reduce pain by relieving muscle tension and promoting relaxation.,,RN. ZAHRA ACTIVITIES.pdf,Progressive muscle relaxation is an effective strategy to help patients relax and decrease discomfort following surgery.,التمريض العام,
Q77: . A nurse is providing care to a patient with Parkinson’s disease. Which of the following is a priority in the care plan?,Encourage exercise and mobility,Provide high-protein meals,Limit speech therapy sessions,Restrict physical therapy,Encourage exercise and mobility,Exercise and mobility help to maintain function and prevent the complications of immobility in Parkinson’s disease patients.,,RN. ZAHRA ACTIVITIES.pdf,"Physical activity is essential to improve mobility and reduce stiffness, which are key challenges in Parkinson’s disease.",التمريض العام,
Q78: . A nurse is caring for a patient with a history of diabetes mellitus. The patient is complaining of tingling sensations in the hands and feet. What should the nurse assess for next?,Signs of neuropathy,Signs of hyperglycemia,Signs of infection,Signs of dehydration,Signs of neuropathy,"Neuropathy is a common complication of diabetes, which can cause tingling, numbness, and pain in the extremities.",,RN. ZAHRA ACTIVITIES.pdf,Neuropathy is a long-term complication of poorly managed diabetes that affects sensory and motor function in the extremities.,التمريض العام,
Q79: . A 50-year-old patient with hypertension is prescribed a new medication. The patient asks the nurse why the medication is important. What should the nurse's response include?,To lower the risk of stroke,To prevent weight gain,To reduce the need for insulin,To promote better sleep,To lower the risk of stroke,"Hypertension increases the risk of stroke, and managing blood pressure helps reduce this risk.",,RN. ZAHRA ACTIVITIES.pdf,Proper management of hypertension is essential in preventing stroke and other cardiovascular diseases by controlling blood pressure levels.,التمريض العام,
Q80: . A nurse is caring for a post-operative patient who is at risk for deep vein thrombosis (DVT). What intervention should the nurse implement to reduce the risk of DVT?,Apply compression stockings,Increase fluid intake,Encourage ambulation,Administer aspirin,Apply compression stockings,"Compression stockings help to improve circulation and prevent blood from pooling in the veins, reducing the risk of DVT.",,RN. ZAHRA ACTIVITIES.pdf,"Compression stockings help prevent DVT by maintaining circulation in the legs, especially after surgery when mobility is reduced.",التمريض العام,
Q81: . A nurse is caring for a patient with chronic kidney disease (CKD). What is the most important intervention to implement?,Increase fluid intake,Monitor for electrolyte imbalances,Limit protein intake,Encourage exercise,Monitor for electrolyte imbalances,"Chronic kidney disease often leads to electrolyte imbalances, so monitoring for abnormalities is crucial.",,RN. ZAHRA ACTIVITIES.pdf,Monitoring and correcting electrolyte imbalances is vital in CKD patients to prevent life-threatening complications.,التمريض العام,
Q82: . A 55-year-old patient with a history of heart failure is receiving intravenous diuretics. What is the nurse’s priority assessment?,Assess for electrolyte imbalances,Monitor for orthostatic hypotension,Observe for signs of infection,Measure blood glucose levels,Assess for electrolyte imbalances,"Diuretics can cause electrolyte imbalances, particularly low potassium, which requires close monitoring.",,RN. ZAHRA ACTIVITIES.pdf,Monitoring electrolytes like potassium is essential during diuretic therapy to prevent dangerous complications like arrhythmias.,التمريض العام,
Q83: . A patient is receiving chemotherapy and is at risk for infection. What is the nurse’s priority intervention?,Provide a high-protein diet,Encourage frequent ambulation,Perform hand hygiene frequently,Limit visitors,Perform hand hygiene frequently,"Hand hygiene is the most effective way to prevent the spread of infections, especially in immunocompromised patients.",,RN. ZAHRA ACTIVITIES.pdf,Performing hand hygiene frequently is crucial in preventing infections in patients with weakened immune systems due to chemotherapy.,التمريض العام,
Q84: . A nurse is assessing a patient with a history of asthma. Which of the following is the most common trigger for asthma exacerbations?,Exercise,Cold air,Pollutants,Respiratory infections,Respiratory infections,"Respiratory infections are a common trigger for asthma exacerbations, causing inflammation and narrowing of the airways.",,RN. ZAHRA ACTIVITIES.pdf,"Respiratory infections can worsen asthma symptoms by increasing airway inflammation, making it harder for patients to breathe.",التمريض العام,
Q85: . A patient has been diagnosed with a myocardial infarction (MI) and is being treated with anticoagulants. What is the nurse’s priority concern?,Assessing for signs of bleeding,Encouraging mobility,Monitoring for chest pain,Providing emotional support,Assessing for signs of bleeding,"Anticoagulants increase the risk of bleeding, so monitoring for bleeding is the nurse’s priority.",,RN. ZAHRA ACTIVITIES.pdf,"Patients on anticoagulants need close monitoring for signs of bleeding, including bruising, hematuria, and gastrointestinal bleeding.",التمريض العام,
Q86: . A nurse is caring for a patient who is recovering from a stroke. The patient is unable to speak and has difficulty moving the left side of the body. What is the priority nursing diagnosis?,Acute pain,Powerlessness,Activity intolerance,Risk for impaired communication,Risk for impaired communication,"The patient’s inability to speak due to a stroke puts them at risk for impaired communication, which should be addressed promptly.",,RN. ZAHRA ACTIVITIES.pdf,"Communication is essential for patient care and recovery, and strategies should be implemented to enhance the patient's ability to express needs.",التمريض العام,
Q87: . A nurse is assessing a patient with congestive heart failure (CHF). What is the nurse’s priority assessment?,Assess for fluid retention,Measure blood glucose levels,Monitor oxygen saturation,Monitor heart rate,Assess for fluid retention,"Fluid retention is a hallmark of CHF, so assessing for edema and weight gain is crucial.",,RN. ZAHRA ACTIVITIES.pdf,"Fluid retention can exacerbate heart failure symptoms, so it is essential to monitor for signs of edema or sudden weight gain.",التمريض العام,
Q88: . A nurse is providing care for a patient with an infected wound. Which of the following interventions should the nurse implement first?,Clean the wound with antiseptic,Administer antibiotics,Apply a dressing,Notify the physician,Clean the wound with antiseptic,Cleaning the wound with antiseptic reduces the risk of further infection and prepares the wound for proper treatment.,,RN. ZAHRA ACTIVITIES.pdf,Cleaning the wound thoroughly is the first step in preventing the spread of infection and ensuring proper healing.,التمريض العام,
Q89: . A patient with end-stage renal disease (ESRD) is undergoing hemodialysis. What should the nurse monitor closely?,Blood pressure and weight,Heart rate and blood glucose,Respiratory rate and oxygen saturation,Urine output,Blood pressure and weight,Monitoring blood pressure and weight helps assess the effectiveness of hemodialysis and prevent complications.,,RN. ZAHRA ACTIVITIES.pdf,"Changes in blood pressure and weight can indicate fluid shifts, which are closely monitored during hemodialysis.",التمريض العام,
Q90: . A nurse is assessing a patient who has recently undergone surgery. The patient is feeling nauseous and reports difficulty sleeping. What is the nurse's most appropriate action?,Offer a warm drink,Administer prescribed antiemetics,Increase the frequency of assessment,Provide relaxation techniques,Administer prescribed antiemetics,"Antiemetics are prescribed to prevent and relieve nausea, which is a common post-operative symptom.",,RN. ZAHRA ACTIVITIES.pdf,Managing nausea with antiemetics helps improve the patient's comfort and supports the recovery process after surgery.,التمريض العام,
Q91: . A nurse is caring for a patient with a history of smoking who has been diagnosed with emphysema. What should the nurse educate the patient about?,Smoking cessation,Fluid restriction,Regular exercise,Weight gain,Smoking cessation,Smoking cessation is the most important intervention for patients with emphysema to reduce further damage to the lungs.,,RN. ZAHRA ACTIVITIES.pdf,Quitting smoking can slow the progression of emphysema and improve lung function over time.,التمريض العام,
Q92: . A nurse is caring for a patient with a chest tube in place. What should the nurse do to prevent complications?,Clamp the chest tube during ambulation,Monitor the drainage every hour,Disconnect the chest tube during breathing exercises,Ensure the chest tube is securely connected,Monitor the drainage every hour,Monitoring the drainage from the chest tube helps detect early signs of complications like infection or excessive bleeding.,,RN. ZAHRA ACTIVITIES.pdf,Regular monitoring of drainage ensures that the chest tube is functioning properly and helps identify issues early.,التمريض العام,
Q93: . A nurse is caring for a patient with an infection. What is the most important intervention to prevent the spread of infection?,Encourage hand hygiene,Use a mask and gloves,Administer antibiotics,Provide antibiotics only to symptomatic patients,Encourage hand hygiene,Hand hygiene is the most effective measure to prevent the spread of infection in healthcare settings.,,RN. ZAHRA ACTIVITIES.pdf,"Hand hygiene is essential to preventing the transmission of infections, especially in hospital environments.",التمريض العام,
Q94: . A nurse is teaching a patient about their diabetes management. What is the most important aspect to include in the education?,Increase carbohydrate intake,Monitor blood glucose levels regularly,Reduce physical activity,Increase insulin dosage,Monitor blood glucose levels regularly,Regular monitoring of blood glucose levels helps the patient manage their diabetes and prevent complications.,,RN. ZAHRA ACTIVITIES.pdf,"Monitoring blood glucose levels helps the patient make adjustments to their diet and medications, ensuring better control of diabetes.",التمريض العام,
Q95: . A nurse is caring for a patient with a history of seizures. What is the priority intervention during a seizure?,Prevent the patient from falling,Protect the patient’s airway,Administer oxygen,Place the patient in a supine position,Protect the patient’s airway,Ensuring the patient’s airway remains open during a seizure is the priority to prevent asphyxiation.,,RN. ZAHRA ACTIVITIES.pdf,Protecting the airway during a seizure is essential to prevent aspiration and ensure adequate oxygenation.,التمريض العام,
Q96: . A 60-year-old patient is admitted for a possible stroke. What should the nurse assess first?,Speech and motor function,Temperature and blood pressure,Heart rate and respiratory rate,Respiratory effort,Speech and motor function,Assessing speech and motor function is essential in evaluating the severity and location of a stroke.,,RN. ZAHRA ACTIVITIES.pdf,Early assessment of speech and motor function helps guide prompt interventions for stroke patients.,التمريض العام,
Q97: . A nurse is assessing a patient with a history of hypertension. What is the nurse’s priority intervention?,Administer antihypertensive medications,Monitor blood pressure regularly,Encourage a low-salt diet,Increase fluid intake,Monitor blood pressure regularly,Regular monitoring of blood pressure helps track the effectiveness of treatment and prevent complications.,,RN. ZAHRA ACTIVITIES.pdf,Monitoring blood pressure regularly ensures that hypertension is well-controlled and helps prevent cardiovascular events.,التمريض العام,
Q98: . A patient with a recent hip replacement surgery is being taught about post-operative care. Which of the following is most important for the nurse to teach?,Avoid bearing weight on the affected leg,Perform range-of-motion exercises frequently,Increase fluid intake to prevent constipation,Perform leg exercises to strengthen muscles,Avoid bearing weight on the affected leg,Weight-bearing restrictions are crucial post-hip replacement to prevent dislocation and promote healing.,,RN. ZAHRA ACTIVITIES.pdf,Restricting weight-bearing after surgery is essential to ensure the surgical site heals properly and to avoid complications like hip dislocation.,التمريض العام,
Q99: . A nurse is assessing a post-operative patient’s pain level. The patient rates their pain as 8 out of 10. What is the nurse’s first action?,Administer prescribed analgesics,Increase the patient’s IV fluids,Encourage the patient to perform relaxation techniques,Assess the surgical site for complications,Administer prescribed analgesics,Administering prescribed pain relief is the nurse’s first priority in managing post-operative pain.,,RN. ZAHRA ACTIVITIES.pdf,Prompt pain management ensures patient comfort and supports the healing process following surgery.,التمريض العام,
Q100: . A patient is experiencing a severe asthma attack. What should the nurse administer first?,Antihistamines,Short-acting beta-agonists,Oral steroids,Long-acting bronchodilators,Short-acting beta-agonists,"Short-acting beta-agonists, such as albuterol, are the first-line treatment for acute asthma attacks.",,RN. ZAHRA ACTIVITIES.pdf,"Short-acting beta-agonists rapidly open the airways, providing quick relief during an asthma exacerbation.",التمريض العام,
Q101: . A nurse is caring for a patient who has been receiving antibiotics for a urinary tract infection (UTI). The patient reports a persistent fever and chills. What should the nurse do next?,Administer the next dose of antibiotics,Obtain a urine culture sample,Increase the fluid intake,Notify the healthcare provider,Obtain a urine culture sample,A urine culture is essential to determine if the current antibiotic is effective or if a different antibiotic is needed.,,RN. ZAHRA ACTIVITIES.pdf,Obtaining a urine culture helps guide antibiotic therapy and ensures appropriate treatment for the infection.,التمريض العام,
Q102: . A patient with a history of congestive heart failure is experiencing shortness of breath and swelling in the lower extremities. What is the most appropriate intervention?,Increase the IV fluid rate,Administer a diuretic,Encourage the patient to rest,Monitor heart rate and rhythm,Administer a diuretic,"Diuretics help reduce fluid retention, a common symptom of heart failure, by promoting fluid excretion.",,RN. ZAHRA ACTIVITIES.pdf,"Diuretics are used in heart failure to reduce fluid buildup, relieving symptoms like shortness of breath and edema.",التمريض العام,
Q103: . A patient with a chronic lung condition is receiving oxygen therapy. What should the nurse monitor closely?,Heart rate,Respiratory rate,Blood pressure,Arterial blood gases,Respiratory rate,Monitoring the respiratory rate helps assess the patient’s breathing efficiency and oxygenation levels.,,RN. ZAHRA ACTIVITIES.pdf,Monitoring the respiratory rate is essential to ensure the patient is breathing adequately and to detect any signs of respiratory distress.,التمريض العام,
Q104: . A nurse is caring for a patient recovering from a stroke. The patient is unable to move the right side of the body. What is the nurse’s priority intervention?,Assist with mobility exercises,Administer pain medication,Encourage the use of a wheelchair,Monitor for signs of aspiration,Assist with mobility exercises,Assisting with mobility exercises helps prevent complications like contractures and improves circulation.,,RN. ZAHRA ACTIVITIES.pdf,Post-stroke rehabilitation focuses on improving mobility and function while preventing complications such as joint stiffness.,التمريض العام,
Q105: . A nurse is assessing a post-operative patient’s wound. What is the nurse’s priority assessment?,Assess the wound for signs of infection,Assess for pain at the incision site,Monitor for drainage from the wound,Ensure the wound dressing is secure,Assess the wound for signs of infection,"Signs of infection at the wound site, such as redness, warmth, and drainage, require immediate attention to prevent complications.",,RN. ZAHRA ACTIVITIES.pdf,Monitoring the wound for infection is a priority after surgery to ensure proper healing and prevent further complications.,التمريض العام,
Q106: . A nurse is caring for a patient with a history of diabetes mellitus. The patient reports feeling faint and shaky. What is the first priority action for the nurse?,Monitor blood glucose level,Administer insulin,Offer a high-protein snack,Provide fluid replacement,Monitor blood glucose level,"The patient’s symptoms could indicate hypoglycemia, which requires monitoring blood glucose levels first.",,RN. ZAHRA ACTIVITIES.pdf,Monitoring blood glucose levels is essential for identifying and addressing hypoglycemia promptly in diabetic patients.,التمريض العام,
Q107: . A patient with chronic kidney disease is receiving hemodialysis. What is the nurse’s priority intervention?,Monitor blood pressure,Encourage fluid intake,Assess for signs of infection,Monitor laboratory values,Monitor blood pressure,Monitoring blood pressure is crucial in dialysis patients to assess fluid balance and avoid complications like hypertension.,,RN. ZAHRA ACTIVITIES.pdf,Controlling blood pressure helps prevent further kidney damage and complications during hemodialysis.,التمريض العام,
Q108: . A nurse is caring for a patient with a chest tube following thoracic surgery. What should the nurse do to ensure that the chest tube is functioning correctly?,Clamp the chest tube periodically,Ensure the chest tube is connected to suction and not kinked,Encourage deep breathing exercises,Apply a dressing over the chest tube site,Ensure the chest tube is connected to suction and not kinked,Ensuring proper suction and no kinks in the tube helps with effective drainage and prevents complications.,,RN. ZAHRA ACTIVITIES.pdf,Monitoring the chest tube connection and function is critical to prevent clots and ensure proper drainage.,التمريض العام,
Q109: . A nurse is caring for a patient with a history of alcoholism who has been admitted with liver cirrhosis. What should the nurse monitor most closely for this patient?,Temperature and respiratory rate,Heart rate and blood pressure,Signs of bleeding and ascites,Serum glucose levels,Signs of bleeding and ascites,Patients with liver cirrhosis are at risk for bleeding due to liver dysfunction and may also develop ascites.,,RN. ZAHRA ACTIVITIES.pdf,Monitoring for bleeding and ascites is crucial in cirrhosis patients to detect complications early and manage them effectively.,التمريض العام,
Q110: . A nurse is caring for a patient with heart failure. Which of the following interventions is most important to prevent fluid overload?,Encourage exercise,Monitor daily weight,Restrict fluid intake,Administer diuretics,Monitor daily weight,Monitoring daily weight is the most effective way to detect early signs of fluid retention in heart failure patients.,,RN. ZAHRA ACTIVITIES.pdf,"Weight gain is one of the first signs of fluid retention in heart failure, making regular weight monitoring critical.",التمريض العام,
Q111: . A nurse is caring for a patient with acute pancreatitis. The patient complains of severe abdominal pain. What is the nurse’s priority intervention?,Administer prescribed pain medication,Encourage the patient to walk,Administer intravenous fluids,Provide comfort measures,Administer prescribed pain medication,Pain management is the priority for patients with acute pancreatitis to reduce discomfort and support recovery.,,RN. ZAHRA ACTIVITIES.pdf,Effective pain management is critical in acute pancreatitis to improve comfort and prevent complications from pain-induced stress.,التمريض العام,
Q112: . A nurse is caring for a patient with a history of asthma. The patient is experiencing a severe asthma attack. What should the nurse administer first?,Short-acting beta-agonist,Antibiotics,Oral steroids,IV fluids,Short-acting beta-agonist,Short-acting beta-agonists are the first-line treatment for rapid relief of asthma attacks.,,RN. ZAHRA ACTIVITIES.pdf,"Short-acting beta-agonists like albuterol rapidly relieve bronchoconstriction, providing quick relief from asthma exacerbations.",التمريض العام,
Q113: . A nurse is caring for a patient who is receiving chemotherapy. The patient reports feeling nauseous and vomiting. What is the most appropriate action?,Administer antiemetics,Increase fluid intake,Offer crackers,Encourage deep breathing,Administer antiemetics,"Chemotherapy often causes nausea and vomiting, and antiemetics help manage these symptoms.",,RN. ZAHRA ACTIVITIES.pdf,Administering antiemetic medications helps reduce chemotherapy-induced nausea and improve patient comfort.,التمريض العام,
Q114: . A nurse is providing discharge education for a patient who is prescribed warfarin. Which of the following should the nurse emphasize to the patient?,Increase the intake of vitamin K,Monitor for signs of bleeding,Increase physical activity,Encourage high-protein meals,Monitor for signs of bleeding,"Warfarin increases the risk of bleeding, and patients must monitor for signs of bleeding.",,RN. ZAHRA ACTIVITIES.pdf,"Patients taking warfarin must be vigilant for signs of bleeding, such as bruising, bleeding gums, or unusual pain.",التمريض العام,
Q115: . A nurse is caring for a post-operative patient with a dressing over the surgical site. What should the nurse assess first?,Patient's pain level,Drainage on the dressing,Patient’s vital signs,Ability to ambulate,Drainage on the dressing,Assessing the drainage on the dressing is important to detect signs of infection or excessive bleeding.,,RN. ZAHRA ACTIVITIES.pdf,Proper assessment of wound drainage helps detect complications like infection or hemorrhage early.,التمريض العام,
Q116: . A nurse is caring for a patient with diabetes who has developed a diabetic foot ulcer. What is the most important intervention to promote healing?,Encourage walking to improve circulation,Apply topical antibiotics,Ensure proper wound care,Restrict dietary intake of carbohydrates,Ensure proper wound care,Proper wound care is crucial for preventing infection and promoting healing in diabetic foot ulcers.,,RN. ZAHRA ACTIVITIES.pdf,"Effective wound care includes cleaning, dressing changes, and monitoring for signs of infection to promote healing in diabetic patients.",التمريض العام,
Q117: . A nurse is caring for a patient with chronic obstructive pulmonary disease (COPD). What is the nurse’s priority intervention?,Monitor oxygen saturation levels,Administer diuretics,Encourage deep breathing,Increase fluid intake,Monitor oxygen saturation levels,Monitoring oxygen saturation helps ensure the patient is getting adequate oxygen and prevents hypoxia.,,RN. ZAHRA ACTIVITIES.pdf,Monitoring oxygen levels is vital for COPD patients to prevent respiratory distress and hypoxemia.,التمريض العام,
Q118: . A patient with a history of hypertension is receiving treatment. What is the nurse's most important teaching point for the patient?,Encourage salt intake,Monitor blood pressure regularly,Limit fluid intake,Increase exercise intensity,Monitor blood pressure regularly,Regular monitoring of blood pressure helps manage hypertension and detect any changes early.,,RN. ZAHRA ACTIVITIES.pdf,Monitoring blood pressure regularly helps ensure hypertension is well-controlled and prevents complications.,التمريض العام,
Q119: . A patient who has recently undergone surgery is experiencing difficulty with bowel movements. What is the most appropriate intervention?,Encourage high-fiber foods,Administer laxatives,Provide a stool softener,Increase fluid intake,Provide a stool softener,Stool softeners are commonly used to prevent constipation and facilitate bowel movements after surgery.,,RN. ZAHRA ACTIVITIES.pdf,Using stool softeners helps relieve constipation and makes it easier for the patient to pass stools post-operatively.,التمريض العام,
Q120: . A nurse is caring for a patient with an abdominal wound. The patient’s wound site is draining a large amount of serous fluid. What should the nurse do?,Monitor the wound for infection,Change the dressing frequently,Administer antibiotics,Apply a pressure dressing,Change the dressing frequently,Frequent dressing changes help prevent infection and ensure the wound stays clean.,,RN. ZAHRA ACTIVITIES.pdf,Changing the dressing frequently reduces the risk of infection and helps manage drainage effectively.,التمريض العام,
Q121: . A nurse is caring for a patient who has just undergone a coronary artery bypass graft (CABG). What is the nurse’s priority action post-operatively?,Monitor the patient’s vital signs,Encourage ambulation,Administer pain medication,Assess the surgical site,Monitor the patient’s vital signs,"Monitoring vital signs is essential after CABG surgery to detect any signs of complications, such as bleeding or arrhythmias.",,RN. ZAHRA ACTIVITIES.pdf,"Continuous monitoring of vital signs allows early detection of complications like shock, arrhythmias, or infection, ensuring prompt interventions.",التمريض العام,
Q122: . A nurse is providing education to a patient with chronic obstructive pulmonary disease (COPD). Which of the following should the nurse prioritize?,Encourage smoking cessation,Increase physical activity,Limit fluid intake,Administer supplemental oxygen,Encourage smoking cessation,Smoking cessation is the most important intervention for COPD patients to reduce disease progression and improve lung function.,,RN. ZAHRA ACTIVITIES.pdf,"Quitting smoking is the most effective way to slow the progression of COPD, reduce symptoms, and improve overall lung health.",التمريض العام,
Q123: . A nurse is caring for a patient recovering from a stroke. The patient is unable to move the left arm and leg. What should the nurse encourage to prevent complications?,Encourage frequent ambulation,Perform range-of-motion exercises,Administer pain relief,Increase protein intake,Perform range-of-motion exercises,"Range-of-motion exercises are essential in preventing contractures, improving circulation, and maintaining joint function in stroke patients.",,RN. ZAHRA ACTIVITIES.pdf,"Range-of-motion exercises help prevent stiffness and improve flexibility, contributing to better mobility and recovery.",التمريض العام,
Q124: . A nurse is caring for a patient with a history of deep vein thrombosis (DVT). What is the most important intervention to prevent further complications?,Encourage walking regularly,Administer anticoagulant medications,Apply heat to the affected area,Provide high-protein meals,Administer anticoagulant medications,"Anticoagulants help prevent further clot formation, which is critical in managing DVT and preventing embolism.",,RN. ZAHRA ACTIVITIES.pdf,Anticoagulant therapy helps prevent new clot formation and reduces the risk of complications like pulmonary embolism.,التمريض العام,
Q125: . A patient with a new diagnosis of diabetes asks the nurse about lifestyle changes. What is the most important advice the nurse can offer?,Increase protein intake,Increase physical activity,Reduce carbohydrate intake,Limit fluid intake,Increase physical activity,"Regular physical activity helps regulate blood sugar levels, improves insulin sensitivity, and reduces the risk of diabetes complications.",,RN. ZAHRA ACTIVITIES.pdf,"Increasing physical activity improves overall health, helps control blood sugar, and can aid in weight management for diabetic patients.",التمريض العام,
Q126: . A nurse is caring for a post-operative patient who is at risk for developing a pressure ulcer. What is the priority nursing intervention?,Encourage mobility,Provide adequate nutrition,Monitor for signs of infection,Change the patient's position every two hours,Change the patient's position every two hours,Repositioning the patient regularly helps relieve pressure on bony prominences and prevent the development of pressure ulcers.,,RN. ZAHRA ACTIVITIES.pdf,"Repositioning the patient frequently is key to preventing pressure ulcers, which can lead to significant complications if left untreated.",التمريض العام,
Q127: . A nurse is assessing a patient who is receiving diuretic therapy. What is the most important monitoring parameter for this patient?,Pulse rate,Weight change,Respiratory rate,Body temperature,Weight change,"Monitoring weight regularly helps identify fluid retention or loss, which is crucial for evaluating the effectiveness of diuretic therapy.",,RN. ZAHRA ACTIVITIES.pdf,"Changes in weight are one of the first indicators of fluid imbalance in patients receiving diuretics, allowing for timely intervention.",التمريض العام,
Q128: . A nurse is caring for a patient with a wound infection. What is the most important intervention to promote wound healing?,Administer antibiotics regularly,Apply a moist dressing,Increase protein intake,Provide emotional support,Apply a moist dressing,"Moist wound healing enhances tissue repair, reduces pain, and prevents infection by creating an optimal environment for healing.",,RN. ZAHRA ACTIVITIES.pdf,"Moist wound healing speeds up recovery by promoting collagen formation and minimizing scarring, which is essential for effective wound repair.",التمريض العام,
"Q129: . A nurse is caring for a patient with an intravenous (IV) line. The patient’s arm is swollen, and the IV site is painful. What is the first priority action?",Discontinue the IV immediately,Increase the infusion rate,Apply a warm compress,Reposition the patient,Discontinue the IV immediately,"Swelling and pain at the IV site could indicate phlebitis or infiltration, and the IV should be discontinued to prevent further complications.",,RN. ZAHRA ACTIVITIES.pdf,Discontinuing the IV helps prevent further tissue damage or infection and allows the nurse to assess for other complications.,التمريض العام,
Q130: . A nurse is caring for a patient who is experiencing difficulty breathing. The nurse auscultates wheezing in the patient’s lungs. What should the nurse administer first?,Oral steroids,Short-acting beta-agonist,Antihistamines,Antibiotics,Short-acting beta-agonist,Short-acting beta-agonists are the first-line treatment for asthma attacks as they quickly relax bronchial muscles and relieve wheezing.,,RN. ZAHRA ACTIVITIES.pdf,"Short-acting beta-agonists, like albuterol, rapidly open the airways, providing quick relief from bronchoconstriction during asthma exacerbations.",التمريض العام,
Q131: . A nurse is teaching a patient with chronic obstructive pulmonary disease (COPD) how to manage their condition. What should the nurse emphasize?,Increase fluid intake,Reduce physical activity,Avoid smoking,Administer prescribed antibiotics,Avoid smoking,Smoking cessation is the most important intervention for COPD patients to improve lung function and slow disease progression.,,RN. ZAHRA ACTIVITIES.pdf,Smoking cessation can dramatically reduce the progression of COPD and improve quality of life for patients.,التمريض العام,
Q132: . A nurse is assessing a patient who has recently been prescribed antihypertensive medication. The patient reports feeling lightheaded when standing. What should the nurse do next?,Increase the medication dose,Encourage the patient to drink fluids,Monitor blood pressure frequently,Administer a second dose of medication,Encourage the patient to drink fluids,"Lightheadedness when standing could be a sign of orthostatic hypotension, which can be managed by ensuring adequate fluid intake.",,RN. ZAHRA ACTIVITIES.pdf,"Orthostatic hypotension is common with certain antihypertensive medications, and fluid intake helps alleviate symptoms by increasing blood volume.",التمريض العام,
Q133: . A nurse is caring for a patient who is receiving chemotherapy. The patient reports feeling nauseous and vomiting. What should the nurse administer first?,Antiemetics,Fluids,Antihistamines,Antibiotics,Antiemetics,"Antiemetics are used to treat chemotherapy-induced nausea and vomiting, providing relief from the side effects of treatment.",,RN. ZAHRA ACTIVITIES.pdf,Administering antiemetics is essential to prevent dehydration and discomfort caused by nausea and vomiting during chemotherapy.,التمريض العام,
Q134: . A nurse is assessing a post-operative patient for signs of infection. Which of the following should the nurse prioritize?,Monitor for fever,Assess for redness and swelling at the surgical site,Monitor blood pressure frequently,Encourage fluid intake,Assess for redness and swelling at the surgical site,"Redness, warmth, and swelling are common signs of infection at the surgical site and should be assessed promptly.",,RN. ZAHRA ACTIVITIES.pdf,Monitoring for signs of infection at the surgical site allows for early detection and intervention to prevent complications.,التمريض العام,
Q135: . A nurse is caring for a patient with chronic kidney disease who is receiving dialysis. What should the nurse monitor most closely?,Electrolyte imbalances,Fluid intake,Temperature changes,Blood glucose levels,Electrolyte imbalances,"Chronic kidney disease patients receiving dialysis are at risk for electrolyte imbalances, especially potassium.",,RN. ZAHRA ACTIVITIES.pdf,Monitoring electrolyte levels helps prevent dangerous complications like cardiac arrhythmias or muscle weakness.,التمريض العام,
Q136: . A nurse is caring for a patient who is receiving IV fluids. The patient reports swelling at the IV site. What is the nurse's first priority action?,Stop the IV and notify the doctor,Increase the IV flow rate,Apply a warm compress,Administer analgesics,Stop the IV and notify the doctor,"Swelling at the IV site may indicate infiltration or phlebitis, and the IV should be stopped to prevent further complications.",,RN. ZAHRA ACTIVITIES.pdf,Stopping the IV immediately helps prevent tissue damage and allows the nurse to assess for further issues.,التمريض العام,
Q137: . A nurse is caring for a patient with a respiratory infection. The patient is complaining of a sore throat and difficulty swallowing. What is the nurse’s first priority action?,Administer prescribed antibiotics,Offer warm fluids,Assess the patient's airway,Encourage deep breathing,Assess the patient's airway,Assessing the airway is essential to ensure that the patient’s respiratory function is not compromised.,,RN. ZAHRA ACTIVITIES.pdf,Airway assessment helps detect early signs of obstruction or distress and ensures that the patient can breathe safely.,التمريض العام,
Q138: . A patient with diabetes is experiencing a hypoglycemic episode. What is the first action the nurse should take?,Administer insulin,Provide a fast-acting carbohydrate,Offer a high-protein snack,Increase fluid intake,Provide a fast-acting carbohydrate,"Providing a fast-acting carbohydrate, like glucose, is essential for raising blood sugar levels quickly during hypoglycemia.",,RN. ZAHRA ACTIVITIES.pdf,Carbohydrates like glucose help restore normal blood sugar levels quickly and prevent the worsening of hypoglycemia.,التمريض العام,
Q139: . A nurse is caring for a patient with a wound infection. What is the nurse’s priority intervention?,Apply a moist dressing,Monitor vital signs,Administer antibiotics,Perform a dressing change,Apply a moist dressing,"Moist dressings help promote wound healing, reduce pain, and prevent infection.",,RN. ZAHRA ACTIVITIES.pdf,Moist wound healing helps maintain a balanced environment that supports tissue repair and reduces the risk of infection.,التمريض العام,
Q140: . A patient recovering from surgery is experiencing difficulty breathing and shortness of breath. What should the nurse do first?,Increase the oxygen flow rate,Assess the patient’s respiratory rate,Administer pain medication,Notify the physician,Assess the patient’s respiratory rate,Assessing the respiratory rate is essential to determine the severity of the breathing problem and guide further interventions.,,RN. ZAHRA ACTIVITIES.pdf,Monitoring the respiratory rate helps the nurse evaluate the effectiveness of respiratory efforts and determine if emergency interventions are needed.,التمريض العام,
Q141: . A nurse is caring for a patient with a history of chronic obstructive pulmonary disease (COPD). The patient is having difficulty breathing and has low oxygen saturation levels. What is the nurse’s priority action?,Administer oxygen,Monitor blood pressure,Increase the oxygen flow rate,Encourage deep breathing,Administer oxygen,Administering oxygen is the priority intervention to improve oxygenation in a patient with COPD experiencing respiratory distress.,,RN. ZAHRA ACTIVITIES.pdf,"For COPD patients, oxygen administration improves oxygen saturation levels, preventing complications like hypoxemia.",التمريض العام,
Q142: . A patient is receiving IV fluids and the nurse notices that the IV site is red and swollen. What should the nurse do?,Increase the flow rate,Reposition the IV catheter,Stop the IV and notify the physician,Administer pain medication,Stop the IV and notify the physician,Signs of infection or infiltration require the IV to be stopped to prevent further complications.,,RN. ZAHRA ACTIVITIES.pdf,Stopping the IV and notifying the physician allows for proper assessment of the site and prevents further injury or infection.,التمريض العام,
Q143: . A nurse is teaching a patient with diabetes how to manage blood glucose levels. What is the most important aspect to include in the education?,Increase physical activity,Monitor blood glucose regularly,Increase protein intake,Increase fluid intake,Monitor blood glucose regularly,Regular monitoring of blood glucose helps the patient maintain control over their diabetes and prevent complications.,,RN. ZAHRA ACTIVITIES.pdf,Regular monitoring allows patients to make adjustments to their diet and medications and avoid dangerous fluctuations in glucose levels.,التمريض العام,
Q144: . A patient with a chest tube is being cared for by the nurse. The patient complains of discomfort and difficulty breathing. What should the nurse do first?,Increase the suction on the chest tube,Assess the chest tube for patency,Administer pain medication,Reposition the patient,Assess the chest tube for patency,"Assessing the chest tube ensures that it is functioning properly and not blocked, which can lead to respiratory distress.",,RN. ZAHRA ACTIVITIES.pdf,Checking the chest tube’s patency ensures that drainage is occurring as expected and reduces the risk of complications.,التمريض العام,
Q145: . A nurse is caring for a patient receiving anticoagulant therapy. What is the most important action to prevent complications?,Monitor the patient’s blood pressure,Monitor for signs of bleeding,Encourage deep breathing,Provide emotional support,Monitor for signs of bleeding,"Patients on anticoagulants are at increased risk for bleeding, so monitoring for signs of bleeding is essential.",,RN. ZAHRA ACTIVITIES.pdf,"Monitoring for bleeding helps detect potential complications early, such as bruising or gastrointestinal bleeding, which can be life-threatening.",التمريض العام,
Q146: . A nurse is caring for a post-operative patient with a Foley catheter. What is the priority nursing intervention to prevent urinary tract infection (UTI)?,Encourage the patient to drink fluids,Administer antibiotics as prescribed,Perform catheter care regularly,Reposition the catheter frequently,Perform catheter care regularly,Regular catheter care is essential to prevent infection by maintaining sterile conditions and reducing the risk of bacterial contamination.,,RN. ZAHRA ACTIVITIES.pdf,"Proper catheter care includes cleaning the catheter site, ensuring the catheter is securely in place, and avoiding unnecessary catheter use.",التمريض العام,
Q147: . A nurse is caring for a patient with a history of hypertension who is prescribed a new antihypertensive medication. The patient asks how the medication works. What is the nurse’s best response?,The medication decreases the blood volume,The medication relaxes the blood vessels,The medication increases the heart rate,The medication increases the blood pressure,The medication relaxes the blood vessels,"Antihypertensive medications work by relaxing the blood vessels, which lowers blood pressure.",,RN. ZAHRA ACTIVITIES.pdf,"Relaxing the blood vessels helps reduce the resistance the heart has to work against, thus lowering blood pressure effectively.",التمريض العام,
Q148: . A nurse is caring for a post-operative patient who is at risk for developing a pressure ulcer. What should the nurse do first?,Apply a pressure-relieving device,Encourage the patient to change positions frequently,Assess the skin for signs of redness,Increase protein intake,Encourage the patient to change positions frequently,"Changing positions regularly helps reduce the pressure on bony prominences, which is a key factor in preventing pressure ulcers.",,RN. ZAHRA ACTIVITIES.pdf,Regularly changing positions helps prevent pressure ulcers by redistributing pressure away from vulnerable areas.,التمريض العام,
Q149: . A nurse is caring for a patient who has been diagnosed with pneumonia. What is the most important nursing intervention?,Administer oxygen as prescribed,Increase fluid intake,Encourage deep breathing and coughing,Provide pain relief,Encourage deep breathing and coughing,Encouraging deep breathing and coughing helps clear the lungs and improve oxygenation in patients with pneumonia.,,RN. ZAHRA ACTIVITIES.pdf,"Deep breathing and coughing help mobilize secretions in the lungs, which is essential in pneumonia management.",التمريض العام,
Q150: . A nurse is caring for a patient recovering from a stroke. The patient is having difficulty swallowing. What is the most appropriate intervention?,"Provide small, frequent meals",Encourage oral hydration,Use a feeding tube,Provide thickened liquids and soft foods,Provide thickened liquids and soft foods,"Thickened liquids and soft foods are safer for patients with swallowing difficulties, reducing the risk of aspiration.",,RN. ZAHRA ACTIVITIES.pdf,Providing thickened liquids and soft foods makes swallowing easier and helps prevent choking or aspiration in patients with dysphagia.,التمريض العام,
Q151: . A nurse is caring for a patient with a new diagnosis of congestive heart failure (CHF). What is the nurse’s priority intervention?,Encourage increased fluid intake,Monitor for signs of fluid overload,Administer diuretics,Provide low-salt meals,Monitor for signs of fluid overload,Fluid overload is a common complication of CHF and must be monitored to prevent pulmonary edema and other complications.,,RN. ZAHRA ACTIVITIES.pdf,Monitoring for fluid overload helps prevent exacerbations of heart failure by ensuring that excess fluid is removed efficiently.,التمريض العام,
Q152: . A nurse is caring for a patient with a history of asthma. The patient is experiencing wheezing and difficulty breathing. What is the nurse’s priority intervention?,Administer oral steroids,Administer a short-acting beta-agonist,Encourage the patient to rest,Provide supplemental oxygen,Administer a short-acting beta-agonist,"Short-acting beta-agonists are the first-line treatment for asthma attacks, as they rapidly open up the airways.",,RN. ZAHRA ACTIVITIES.pdf,Short-acting beta-agonists provide rapid relief from bronchospasm and help restore normal airflow during asthma exacerbations.,التمريض العام,
Q153: . A nurse is caring for a post-operative patient who is complaining of pain at the surgical site. What is the nurse’s priority intervention?,Administer prescribed analgesics,Encourage the patient to perform deep breathing exercises,Increase the patient’s fluid intake,Assess the surgical site for complications,Administer prescribed analgesics,Pain relief is the priority to promote comfort and facilitate recovery post-surgery.,,RN. ZAHRA ACTIVITIES.pdf,"Providing pain relief helps reduce discomfort, support rest, and enhance the healing process after surgery.",التمريض العام,
Q154: . A nurse is caring for a patient with a fever. What is the most important intervention to reduce the fever?,Administer antipyretics,Encourage hydration,Apply cold compresses,Increase room temperature,Administer antipyretics,Antipyretics help lower the fever by affecting the hypothalamus to reduce the body’s set point temperature.,,RN. ZAHRA ACTIVITIES.pdf,"Administering antipyretics, such as acetaminophen, helps reduce fever and alleviate associated discomfort.",التمريض العام,
"Q155: . A nurse is assessing a patient’s wound. The wound is draining yellow-green pus, and the surrounding skin is red and swollen. What should the nurse suspect?",A healing wound,An infected wound,A dry wound,An allergic reaction,An infected wound,Yellow-green pus and redness around the wound are signs of infection that require immediate attention.,,RN. ZAHRA ACTIVITIES.pdf,An infected wound requires prompt treatment with antibiotics and appropriate wound care to prevent further complications.,التمريض العام,
Q156: . A nurse is caring for a patient with a history of hypertension. The patient reports a headache and dizziness. What is the nurse’s priority action?,Assess blood pressure,Administer analgesics,Encourage fluid intake,Administer antihypertensive medications,Assess blood pressure,"Headache and dizziness can be signs of elevated blood pressure, so it’s important to assess it first.",,RN. ZAHRA ACTIVITIES.pdf,"Assessing blood pressure helps determine if the symptoms are related to hypertension, enabling timely intervention.",التمريض العام,
Q157: . A nurse is caring for a patient who has a wound infection. What is the most important aspect of wound care?,Clean the wound with antiseptic,Change the dressing regularly,Apply topical antibiotics,Monitor for signs of infection,Change the dressing regularly,"Regular dressing changes prevent infection, promote healing, and remove any drainage or contaminants.",,RN. ZAHRA ACTIVITIES.pdf,Changing the dressing frequently ensures the wound remains clean and prevents the buildup of bacteria that could cause infection.,التمريض العام,
"Q158: . A patient recovering from surgery is being assessed by the nurse. The patient’s blood pressure is 80/50 mmHg, and the heart rate is 120 beats per minute. What is the nurse’s priority action?",Increase the IV fluid rate,Administer analgesics,Assess for signs of bleeding,Encourage deep breathing,Increase the IV fluid rate,"Low blood pressure and high heart rate suggest hypovolemia, and increasing fluids can help restore circulation.",,RN. ZAHRA ACTIVITIES.pdf,Increasing fluid intake is essential in restoring circulatory volume and improving hemodynamic stability.,التمريض العام,
Q159: . A nurse is caring for a post-operative patient who is at risk for deep vein thrombosis (DVT). What intervention should the nurse implement first?,Apply compression stockings,Encourage frequent ambulation,Administer anticoagulants,Monitor for signs of bleeding,Encourage frequent ambulation,Encouraging ambulation helps improve circulation and reduce the risk of DVT in post-operative patients.,,RN. ZAHRA ACTIVITIES.pdf,"Frequent ambulation promotes blood flow, reducing the risk of clot formation and improving circulation post-surgery.",التمريض العام,
Q160: . A nurse is assessing a patient with suspected acute myocardial infarction (MI). What is the nurse’s priority action?,Administer oxygen,Monitor blood pressure,Perform an EKG,Administer pain medication,Perform an EKG,Performing an EKG is essential to confirm the diagnosis of acute MI and assess the heart’s electrical activity.,,RN. ZAHRA ACTIVITIES.pdf,"An EKG provides critical information about myocardial injury and the type of MI, guiding treatment decisions.",التمريض العام,
Q161: . A nurse is caring for a post-operative patient with a Foley catheter. What is the priority intervention to prevent urinary tract infections (UTIs)?,Increase fluid intake,Encourage ambulation,Perform catheter care regularly,Administer antibiotics,Perform catheter care regularly,Regular catheter care is essential to prevent the introduction of bacteria and reduce the risk of UTIs.,,RN. ZAHRA ACTIVITIES.pdf,"Proper catheter care helps maintain sterile conditions and prevent infection, which is especially important in post-operative patients.",التمريض العام,
Q162: . A nurse is caring for a patient with a history of asthma. The patient is complaining of wheezing and difficulty breathing. What should the nurse administer first?,Antibiotics,Oral steroids,Short-acting beta-agonist,Antihistamines,Short-acting beta-agonist,Short-acting beta-agonists are the first-line treatment for rapid relief of asthma attacks by dilating the airways.,,RN. ZAHRA ACTIVITIES.pdf,"Short-acting beta-agonists provide immediate relief by relaxing the muscles in the airways, easing breathing during an asthma attack.",التمريض العام,
Q163: . A nurse is teaching a patient with diabetes about foot care. What should the nurse emphasize?,Wash feet with hot water,Examine feet daily for wounds,Use lotion between the toes,Trim toenails in a curved shape,Examine feet daily for wounds,"Diabetic patients are at risk for foot problems, and daily foot inspections help detect early signs of infection or injury.",,RN. ZAHRA ACTIVITIES.pdf,"Regular foot inspections are essential to detect injuries or infections early, preventing complications like diabetic foot ulcers.",التمريض العام,
Q164: . A nurse is caring for a patient recovering from a stroke. The patient is unable to speak and has difficulty moving the right side of the body. What is the priority nursing diagnosis?,Acute pain,Powerlessness,Activity intolerance,Risk for impaired communication,Risk for impaired communication,"The patient’s inability to speak due to a stroke places them at risk for impaired communication, which needs to be addressed immediately.",,RN. ZAHRA ACTIVITIES.pdf,Addressing communication challenges is vital to ensure the patient can express their needs and participate in their care plan.,التمريض العام,
Q165: . A nurse is caring for a patient with a history of hypertension who is prescribed antihypertensive medication. What is the nurse’s most important teaching point for the patient?,Monitor blood pressure regularly,Increase fluid intake,Limit physical activity,Increase protein intake,Monitor blood pressure regularly,Regular monitoring of blood pressure helps the patient track the effectiveness of the antihypertensive medication and avoid complications.,,RN. ZAHRA ACTIVITIES.pdf,Monitoring blood pressure helps ensure that the medication is working effectively and reduces the risk of hypertensive crises.,التمريض العام,
Q166: . A nurse is caring for a post-operative patient who is at risk for developing a pressure ulcer. What is the priority intervention?,Change the patient's position every two hours,Administer pain medication,Encourage high-protein meals,Monitor the patient’s weight,Change the patient's position every two hours,"Repositioning the patient regularly helps reduce pressure on vulnerable areas, preventing the development of pressure ulcers.",,RN. ZAHRA ACTIVITIES.pdf,Changing positions regularly prevents pressure ulcers by redistributing pressure and improving circulation to the skin.,التمريض العام,
Q167: . A nurse is teaching a patient who is prescribed warfarin. What is the most important point the nurse should emphasize?,Increase intake of vitamin K,Monitor for signs of bleeding,Increase physical activity,Increase fluid intake,Monitor for signs of bleeding,"Warfarin increases the risk of bleeding, and the patient must monitor for any signs of excessive bleeding or bruising.",,RN. ZAHRA ACTIVITIES.pdf,"Patients on warfarin need to be aware of signs of bleeding such as unexplained bruising, blood in the urine, or excessive bleeding from cuts.",التمريض العام,
Q168: . A nurse is caring for a patient who is receiving oxygen therapy. The patient’s oxygen saturation level is 88%. What should the nurse do next?,Increase the oxygen flow rate,Encourage the patient to deep breathe,Administer a bronchodilator,Monitor vital signs,Increase the oxygen flow rate,Increasing the oxygen flow rate is necessary to improve oxygen saturation and ensure adequate tissue oxygenation.,,RN. ZAHRA ACTIVITIES.pdf,Improving oxygen saturation is critical to ensuring that the patient is receiving enough oxygen for proper organ function.,التمريض العام,
Q169: . A nurse is caring for a patient who is experiencing nausea and vomiting after surgery. What is the nurse’s priority intervention?,Administer an antiemetic,Encourage hydration,Offer a snack,Administer pain medication,Administer an antiemetic,"Administering an antiemetic will provide relief from nausea and vomiting, preventing dehydration and discomfort.",,RN. ZAHRA ACTIVITIES.pdf,"Administering antiemetics is important for managing nausea and vomiting after surgery, especially when the patient is unable to eat or drink.",التمريض العام,
Q170: . A nurse is caring for a patient with a wound infection. What is the nurse’s priority intervention?,Change the dressing regularly,Administer antibiotics,Apply a moist dressing,Monitor the patient’s temperature,Administer antibiotics,Antibiotics are essential for treating infection and preventing the spread of bacteria.,,RN. ZAHRA ACTIVITIES.pdf,Administering antibiotics is key to controlling infection and ensuring proper healing of the wound.,التمريض العام,
Q171: . A nurse is caring for a patient with a history of diabetes. The patient reports dizziness and shakiness. What is the first priority action for the nurse?,Monitor blood glucose levels,Administer insulin,Offer a high-protein snack,Provide fluid replacement,Monitor blood glucose levels,"The symptoms of dizziness and shakiness may indicate hypoglycemia, which requires the nurse to first monitor the patient’s blood glucose level.",,RN. ZAHRA ACTIVITIES.pdf,Monitoring blood glucose levels allows the nurse to assess the cause of the symptoms and treat hypoglycemia promptly.,التمريض العام,
Q172: . A nurse is caring for a patient with congestive heart failure (CHF). The patient reports increasing shortness of breath and swelling in the legs. What should the nurse do first?,Increase the IV fluid rate,Monitor vital signs,Administer diuretics,Encourage deep breathing,Administer diuretics,"Diuretics help to reduce fluid retention in CHF patients, which can alleviate symptoms like shortness of breath and edema.",,RN. ZAHRA ACTIVITIES.pdf,"Diuretics reduce fluid overload, which is a primary cause of symptoms in CHF patients, and improve oxygenation and mobility.",التمريض العام,
Q173: . A nurse is caring for a patient with a history of hypertension. The patient is experiencing a headache and dizziness. What is the nurse's priority action?,Increase the IV fluid rate,Administer analgesics,Monitor blood pressure,Administer antihypertensive medication,Monitor blood pressure,"Headache and dizziness may be symptoms of elevated blood pressure, and it is important to assess the patient's blood pressure immediately.",,RN. ZAHRA ACTIVITIES.pdf,"Monitoring blood pressure helps determine whether the symptoms are related to hypertension, which requires immediate action.",التمريض العام,
Q174: . A nurse is caring for a patient who is receiving a blood transfusion and begins to experience chills and fever. What is the nurse's first priority?,Stop the transfusion and notify the physician,Increase the transfusion rate,Administer an antihistamine,Provide comfort measures,Stop the transfusion and notify the physician,"Chills and fever during a blood transfusion can indicate a transfusion reaction, which requires the nurse to stop the transfusion immediately.",,RN. ZAHRA ACTIVITIES.pdf,Stopping the transfusion helps prevent further reactions and allows the healthcare team to assess the cause of the symptoms.,التمريض العام,
Q175: . A nurse is caring for a patient with a wound infection. What is the most important intervention to promote healing?,Administer antibiotics regularly,Apply a moist dressing,Increase protein intake,Provide emotional support,Apply a moist dressing,Moist wound healing promotes faster tissue repair by keeping the wound environment optimal and reducing pain.,,RN. ZAHRA ACTIVITIES.pdf,Moist wound healing helps maintain a balanced environment that supports tissue repair and reduces the risk of infection.,التمريض العام,
Q176: . A nurse is caring for a patient with diabetes. The patient reports tingling in the feet and legs. What is the nurse's priority intervention?,Monitor blood glucose levels,Administer insulin,Assess for neuropathy,Encourage exercise,Assess for neuropathy,"Tingling in the feet and legs may indicate neuropathy, a common complication of diabetes that requires assessment and management.",,RN. ZAHRA ACTIVITIES.pdf,"Diabetic neuropathy can affect sensory nerves and lead to complications if not managed effectively, making early detection crucial.",التمريض العام,
Q177: . A nurse is caring for a patient with asthma. The patient is wheezing and having difficulty breathing. What should the nurse administer first?,Antibiotics,Oral steroids,Short-acting beta-agonist,Antihistamines,Short-acting beta-agonist,"Short-acting beta-agonists rapidly relax the bronchial muscles, providing quick relief during an asthma attack.",,RN. ZAHRA ACTIVITIES.pdf,"Short-acting beta-agonists provide immediate relief by relaxing the muscles in the airways, easing breathing during an asthma attack.",التمريض العام,
Q178: . A nurse is teaching a patient with diabetes about blood glucose management. What is the most important advice the nurse should give?,Increase physical activity,Monitor blood glucose regularly,Increase protein intake,Limit sugar intake,Monitor blood glucose regularly,"Regular monitoring of blood glucose helps patients to track their condition, adjust medication, and prevent complications.",,RN. ZAHRA ACTIVITIES.pdf,"Regular blood glucose monitoring helps the patient make informed decisions about their diet, activity, and medication to manage diabetes effectively.",التمريض العام,
"Q179: . A nurse is caring for a post-operative patient. The patient’s wound is draining yellow-green pus, and the surrounding area is red and swollen. What should the nurse suspect?",A healing wound,An infected wound,A dry wound,An allergic reaction,An infected wound,"Yellow-green pus and redness around the wound are signs of infection, which requires immediate intervention.",,RN. ZAHRA ACTIVITIES.pdf,An infected wound requires prompt treatment with antibiotics and proper wound care to prevent further complications.,التمريض العام,
Q180: . A nurse is caring for a patient with a history of hypertension. The patient is reporting chest pain and shortness of breath. What is the nurse’s priority action?,Monitor blood pressure,Administer oxygen,Administer pain medication,Perform an EKG,Perform an EKG,"Chest pain and shortness of breath in a patient with hypertension may indicate myocardial infarction, so an EKG is essential to assess the heart’s electrical activity.",,RN. ZAHRA ACTIVITIES.pdf,"An EKG provides critical information about myocardial injury and the type of MI, guiding immediate treatment decisions.",التمريض العام,
Q181: . A nurse is caring for a patient who is receiving an intravenous (IV) infusion. The nurse notices that the IV site is swollen and painful. What is the nurse’s priority action?,Increase the infusion rate,Stop the IV and notify the physician,Apply a warm compress,Reposition the IV catheter,Stop the IV and notify the physician,"Swelling and pain at the IV site could indicate infiltration or phlebitis, which requires the IV to be discontinued immediately.",,RN. ZAHRA ACTIVITIES.pdf,Stopping the IV immediately helps prevent further tissue damage or infection and allows the nurse to assess the site properly.,التمريض العام,
Q182: . A nurse is caring for a post-operative patient who is experiencing pain. What is the priority intervention?,Administer pain medication,Encourage the patient to perform deep breathing exercises,Increase fluid intake,Assess the surgical site,Administer pain medication,Providing prescribed pain relief is the priority action to ensure the patient’s comfort and promote recovery.,,RN. ZAHRA ACTIVITIES.pdf,Pain management is crucial in post-operative care to reduce discomfort and support the healing process.,التمريض العام,
Q183: . A nurse is caring for a post-operative patient who is at risk for developing a pressure ulcer. What is the priority intervention?,Change the patient's position every two hours,Administer pain medication,Encourage high-protein meals,Monitor the patient’s weight,Change the patient's position every two hours,"Repositioning the patient regularly helps reduce pressure on vulnerable areas, preventing the development of pressure ulcers.",,RN. ZAHRA ACTIVITIES.pdf,Changing positions regularly helps prevent pressure ulcers by redistributing pressure and improving circulation to the skin.,التمريض العام,
Q184: . A nurse is caring for a patient with a history of asthma. The patient is having an asthma attack and is wheezing. What should the nurse administer first?,Short-acting beta-agonist,Oral steroids,Antibiotics,Antihistamines,Short-acting beta-agonist,Short-acting beta-agonists are the first-line treatment for rapid relief of asthma attacks by opening the airways.,,RN. ZAHRA ACTIVITIES.pdf,"Short-acting beta-agonists help to relieve bronchoconstriction immediately, allowing the patient to breathe more easily during an attack.",التمريض العام,
Q185: . A nurse is teaching a patient with diabetes about foot care. What should the nurse emphasize?,Wash feet with hot water,Examine feet daily for wounds,Use lotion between the toes,Trim toenails in a curved shape,Examine feet daily for wounds,"Diabetic patients are at risk for foot problems, and daily foot inspections help detect early signs of infection or injury.",,RN. ZAHRA ACTIVITIES.pdf,"Regular foot inspections are essential to detect injuries or infections early, preventing complications like diabetic foot ulcers.",التمريض العام,
Q186: . A nurse is caring for a patient recovering from a stroke. The patient is unable to speak and has difficulty moving the right side of the body. What is the priority nursing diagnosis?,Acute pain,Powerlessness,Activity intolerance,Risk for impaired communication,Risk for impaired communication,"The patient’s inability to speak due to a stroke places them at risk for impaired communication, which needs to be addressed immediately.",,RN. ZAHRA ACTIVITIES.pdf,Addressing communication challenges is vital to ensure the patient can express their needs and participate in their care plan.,التمريض العام,
Q187: . A nurse is caring for a post-operative patient who is receiving pain medication. What is the nurse’s priority action?,Administer pain medication,Encourage deep breathing,Monitor vital signs,Assess the surgical site,Administer pain medication,Pain management is critical for post-operative recovery to alleviate discomfort and promote healing.,,RN. ZAHRA ACTIVITIES.pdf,Administering prescribed pain medication helps ensure the patient remains comfortable and allows them to participate in their recovery process.,التمريض العام,
Q188: . A nurse is caring for a patient with a wound infection. What is the most important intervention to promote healing?,Administer antibiotics,Apply a moist dressing,Change the dressing regularly,Increase protein intake,Change the dressing regularly,"Changing the dressing regularly ensures the wound stays clean and reduces the risk of infection, which is essential for proper healing.",,RN. ZAHRA ACTIVITIES.pdf,Regular dressing changes reduce contamination and provide a sterile environment for faster tissue repair and healing.,التمريض العام,
Q189: . A nurse is caring for a patient who is receiving intravenous fluids. The nurse notices that the IV site is swollen and painful. What is the nurse’s first priority action?,Increase the infusion rate,Stop the IV and notify the physician,Administer pain medication,Reposition the IV catheter,Stop the IV and notify the physician,"Swelling and pain at the IV site may indicate infiltration or phlebitis, and the nurse should stop the infusion immediately to prevent further tissue damage.",,RN. ZAHRA ACTIVITIES.pdf,Stopping the IV is essential to prevent further damage to the tissue and to allow the nurse to assess for complications.,التمريض العام,
Q190: . A nurse is caring for a post-operative patient who is experiencing shortness of breath. What is the first priority intervention?,Administer oxygen,Monitor vital signs,Increase the IV fluid rate,Encourage deep breathing,Administer oxygen,Administering oxygen is the first priority for a patient with shortness of breath to ensure adequate oxygenation and prevent complications.,,RN. ZAHRA ACTIVITIES.pdf,"Oxygen therapy helps improve oxygen saturation, preventing organ damage from hypoxemia and promoting tissue healing.",التمريض العام,
Q191: . A nurse is caring for a patient who has recently undergone surgery. The patient complains of nausea and vomiting. What is the first intervention the nurse should perform?,Administer antiemetics,Increase fluid intake,Encourage deep breathing,Administer pain medication,Administer antiemetics,"Antiemetics should be given to manage post-operative nausea and vomiting, preventing dehydration and improving patient comfort.",,RN. ZAHRA ACTIVITIES.pdf,"Administering antiemetics helps prevent nausea and vomiting, supporting the patient’s recovery and comfort post-surgery.",التمريض العام,
Q192: . A nurse is caring for a patient who has a history of asthma. The patient is experiencing wheezing and difficulty breathing. What should the nurse administer first?,Short-acting beta-agonist,Oral steroids,Antibiotics,Antihistamines,Short-acting beta-agonist,"Short-acting beta-agonists are used for rapid relief of bronchoconstriction during an asthma attack, opening the airways for easier breathing.",,RN. ZAHRA ACTIVITIES.pdf,Short-acting beta-agonists such as albuterol quickly relieve asthma symptoms by relaxing bronchial muscles and improving airflow.,التمريض العام,
"Q193: . A nurse is caring for a patient recovering from surgery. The patient’s wound site is draining yellow-green pus, and the surrounding area is red and swollen. What should the nurse suspect?",A healing wound,An infected wound,A dry wound,An allergic reaction,An infected wound,Yellow-green pus and redness around the wound indicate infection and require immediate treatment with antibiotics and proper wound care.,,RN. ZAHRA ACTIVITIES.pdf,An infected wound requires prompt antibiotic therapy and frequent dressing changes to prevent complications and promote healing.,التمريض العام,
Q194: . A nurse is assessing a post-operative patient. The patient is feeling lightheaded when standing. What is the nurse’s first priority?,Increase the IV fluid rate,Reassess vital signs,Encourage the patient to lie down,Administer a blood pressure medication,Reassess vital signs,"Lightheadedness when standing could indicate orthostatic hypotension, so reassessing the patient’s vital signs is crucial to determine the appropriate response.",,RN. ZAHRA ACTIVITIES.pdf,Reassessing vital signs helps determine if the patient is experiencing hypotension and if fluid administration or medication adjustments are needed.,التمريض العام,
Q195: . A nurse is caring for a patient with a history of diabetes. The patient reports increased thirst and urination. What should the nurse do next?,Monitor blood glucose levels,Increase fluid intake,Administer insulin,Perform a physical exam,Monitor blood glucose levels,Increased thirst and urination can be signs of uncontrolled blood sugar. The nurse should monitor the blood glucose levels to assess the cause.,,RN. ZAHRA ACTIVITIES.pdf,Monitoring blood glucose helps identify whether the patient is experiencing hyperglycemia and allows for prompt intervention to manage their condition.,التمريض العام,
Q196: . A nurse is caring for a patient who is recovering from surgery. The patient is complaining of nausea. What is the nurse’s priority action?,Administer antiemetics,Increase fluid intake,Provide a light snack,Administer pain medication,Administer antiemetics,Administering antiemetics is the priority intervention to treat post-operative nausea and prevent dehydration.,,RN. ZAHRA ACTIVITIES.pdf,"Antiemetics relieve nausea and vomiting, which are common post-operative side effects, ensuring the patient remains comfortable.",التمريض العام,
Q197: . A nurse is caring for a patient with asthma. The patient is having difficulty breathing and is wheezing. What is the nurse’s priority action?,Administer oral steroids,Administer a short-acting beta-agonist,Encourage the patient to rest,Provide supplemental oxygen,Administer a short-acting beta-agonist,"Short-acting beta-agonists are the first-line treatment for rapid relief during an asthma attack, as they open the airways quickly.",,RN. ZAHRA ACTIVITIES.pdf,"Short-acting beta-agonists like albuterol rapidly open the airways, relieving wheezing and improving breathing in asthma exacerbations.",التمريض العام,
Q198: . A nurse is caring for a post-operative patient who is unable to speak and has difficulty moving the right side of the body. What is the priority nursing diagnosis?,Acute pain,Powerlessness,Activity intolerance,Risk for impaired communication,Risk for impaired communication,"The patient’s inability to speak due to a stroke places them at risk for impaired communication, which needs to be addressed immediately.",,RN. ZAHRA ACTIVITIES.pdf,"Effective communication is essential for patient recovery and care, and the nurse must prioritize interventions to support the patient in this area.",التمريض العام,
Q199: . A nurse is caring for a post-operative patient who is at risk for developing a pressure ulcer. What is the most important intervention?,Increase protein intake,Change the patient’s position every two hours,Administer pain medication,Provide wound care,Change the patient’s position every two hours,"Repositioning the patient regularly helps reduce the pressure on vulnerable areas, preventing pressure ulcers.",,RN. ZAHRA ACTIVITIES.pdf,Changing the patient’s position every two hours helps to relieve pressure on bony prominences and prevent the development of pressure ulcers.,التمريض العام,
Q200: . A nurse is caring for a patient with a history of hypertension. The patient is reporting chest pain and shortness of breath. What is the nurse’s priority action?,Monitor blood pressure,Administer oxygen,Administer pain medication,Perform an EKG,Perform an EKG,"Chest pain and shortness of breath in a patient with hypertension may indicate myocardial infarction, so an EKG is essential to assess the heart’s electrical activity.",,RN. ZAHRA ACTIVITIES.pdf,"An EKG helps assess the type and extent of myocardial injury, guiding further treatment decisions.",التمريض العام,
Q201: . A nurse is caring for a patient who is receiving oxygen therapy. The patient’s oxygen saturation level is 88%. What should the nurse do next?,Increase the oxygen flow rate,Encourage the patient to deep breathe,Administer a bronchodilator,Monitor vital signs,Increase the oxygen flow rate,Increasing the oxygen flow rate is necessary to improve the patient’s oxygen saturation and prevent further complications.,,RN. ZAHRA ACTIVITIES.pdf,Improving oxygen saturation is crucial for ensuring that the patient is receiving enough oxygen for proper organ function.,التمريض العام,
Q202: . A nurse is caring for a patient with a history of diabetes. The patient reports increased thirst and urination. What should the nurse do next?,Monitor blood glucose levels,Increase fluid intake,Administer insulin,Perform a physical exam,Monitor blood glucose levels,Increased thirst and urination are signs of uncontrolled diabetes. Monitoring blood glucose helps assess the cause of the symptoms.,,RN. ZAHRA ACTIVITIES.pdf,"Monitoring blood glucose levels helps determine whether the symptoms are caused by hyperglycemia, allowing for appropriate treatment.",التمريض العام,
Q203: . A nurse is caring for a patient who is recovering from surgery. The patient complains of nausea and vomiting. What is the nurse’s priority action?,Administer antiemetics,Increase fluid intake,Encourage deep breathing,Administer pain medication,Administer antiemetics,"Antiemetics are the first-line treatment for post-operative nausea and vomiting, preventing dehydration and improving the patient’s comfort.",,RN. ZAHRA ACTIVITIES.pdf,"Administering antiemetics helps prevent nausea and vomiting, ensuring the patient remains comfortable during the recovery process.",التمريض العام,
Q204: . A nurse is caring for a patient with asthma. The patient is experiencing wheezing and difficulty breathing. What should the nurse administer first?,Short-acting beta-agonist,Oral steroids,Antibiotics,Antihistamines,Short-acting beta-agonist,Short-acting beta-agonists provide rapid relief during asthma exacerbations by relaxing bronchial muscles and improving airflow.,,RN. ZAHRA ACTIVITIES.pdf,"Short-acting beta-agonists such as albuterol help to open the airways quickly, relieving symptoms during an asthma attack.",التمريض العام,
Q205: . A nurse is caring for a patient with a wound infection. The patient’s wound is draining yellow-green pus. What is the nurse’s priority action?,Administer antibiotics,Change the dressing regularly,Apply a moist dressing,Increase fluid intake,Change the dressing regularly,"Changing the dressing regularly helps keep the wound clean, reduces infection, and promotes faster healing.",,RN. ZAHRA ACTIVITIES.pdf,"Regular dressing changes ensure that the wound stays clean and free from contaminants, facilitating better healing.",التمريض العام,
Q206: . A nurse is caring for a patient with congestive heart failure (CHF). The patient is experiencing shortness of breath and swelling in the legs. What is the most important intervention?,Increase fluid intake,Monitor vital signs,Administer diuretics,Encourage ambulation,Administer diuretics,"Diuretics help reduce fluid retention, relieving symptoms like shortness of breath and leg swelling in CHF patients.",,RN. ZAHRA ACTIVITIES.pdf,"Diuretics reduce the excessive fluid in the body, improving symptoms such as edema and shortness of breath, and enhancing comfort.",التمريض العام,
Q207: . A nurse is caring for a patient with a wound infection. The patient is complaining of increased pain at the wound site. What is the nurse’s priority action?,Administer pain medication,Assess the wound for complications,Apply a warm compress,Provide emotional support,Assess the wound for complications,"Increased pain at the wound site may indicate infection or other complications, so the wound should be assessed immediately.",,RN. ZAHRA ACTIVITIES.pdf,"Assessing the wound helps identify any signs of infection or delayed healing, allowing for appropriate treatment.",التمريض العام,
Q208: . A nurse is teaching a patient with diabetes about foot care. What should the nurse emphasize?,Wash feet with hot water,Examine feet daily for wounds,Use lotion between the toes,Trim toenails in a curved shape,Examine feet daily for wounds,"Regular foot exams are essential for diabetic patients to detect early signs of infection, wounds, or ulcers.",,RN. ZAHRA ACTIVITIES.pdf,"Diabetic patients are at higher risk for foot problems, and daily foot inspections help detect issues before they become severe.",التمريض العام,
Q209: . A nurse is caring for a patient with a history of hypertension. The patient is feeling lightheaded when standing. What should the nurse do next?,Increase the IV fluid rate,Reassess the patient’s vital signs,Encourage the patient to lie down,Administer a blood pressure medication,Reassess the patient’s vital signs,"Lightheadedness could indicate orthostatic hypotension, so the nurse should reassess vital signs to determine if blood pressure changes need to be addressed.",,RN. ZAHRA ACTIVITIES.pdf,Reassessing vital signs helps identify if there is a significant drop in blood pressure upon standing and guides treatment decisions.,التمريض العام,
Q210: . A nurse is caring for a patient recovering from surgery. The patient is complaining of nausea. What is the nurse’s priority action?,Administer antiemetics,Increase fluid intake,Provide a light snack,Administer pain medication,Administer antiemetics,Antiemetics are crucial in managing post-operative nausea and vomiting to prevent complications like dehydration.,,RN. ZAHRA ACTIVITIES.pdf,"Administering antiemetics helps alleviate nausea and vomiting, ensuring the patient remains comfortable and preventing dehydration.",التمريض العام,
Q211: . A nurse is caring for a patient with asthma. The patient is having difficulty breathing and is wheezing. What is the nurse’s priority action?,Administer oral steroids,Administer a short-acting beta-agonist,Encourage the patient to rest,Provide supplemental oxygen,Administer a short-acting beta-agonist,"Short-acting beta-agonists are the first-line treatment for rapid relief during an asthma attack, as they open the airways quickly.",,RN. ZAHRA ACTIVITIES.pdf,"Short-acting beta-agonists rapidly open the airways and improve airflow, providing immediate relief during an asthma attack.",التمريض العام,
Q212: . A nurse is caring for a post-operative patient who is receiving pain medication. What is the nurse’s priority action?,Administer pain medication,Encourage deep breathing,Monitor vital signs,Assess the surgical site,Administer pain medication,Pain management is essential in post-operative care to ensure the patient’s comfort and support recovery.,,RN. ZAHRA ACTIVITIES.pdf,Administering prescribed pain medication is crucial for providing relief and allowing the patient to rest and heal post-surgery.,التمريض العام,
"Q213: . A nurse is caring for a patient with a wound infection. The wound is draining yellow-green pus, and the surrounding area is red and swollen. What should the nurse suspect?",A healing wound,An infected wound,A dry wound,An allergic reaction,An infected wound,"Yellow-green pus and redness around the wound are signs of infection, which require immediate intervention and treatment.",,RN. ZAHRA ACTIVITIES.pdf,An infected wound requires antibiotics and proper wound care to prevent complications and ensure proper healing.,التمريض العام,
Q214: . A nurse is caring for a patient who is receiving intravenous fluids. The nurse notices that the IV site is swollen and painful. What is the nurse’s first priority action?,Increase the infusion rate,Stop the IV and notify the physician,Administer pain medication,Reposition the IV catheter,Stop the IV and notify the physician,"Swelling and pain at the IV site may indicate infiltration or phlebitis, and the nurse should stop the infusion immediately to prevent further tissue damage.",,RN. ZAHRA ACTIVITIES.pdf,Stopping the IV is essential to prevent further damage to the tissue and allows for appropriate evaluation of the site.,التمريض العام,
Q215: . A nurse is caring for a post-operative patient who is experiencing shortness of breath. What is the first priority intervention?,Administer oxygen,Monitor vital signs,Increase the IV fluid rate,Encourage deep breathing,Administer oxygen,Administering oxygen is the first priority in a patient with shortness of breath to ensure proper oxygenation and prevent complications.,,RN. ZAHRA ACTIVITIES.pdf,"Oxygen therapy helps prevent complications and supports the patient’s oxygenation status, especially in post-operative care.",التمريض العام,
Q216: . A nurse is caring for a patient with a history of asthma. The patient is experiencing wheezing and difficulty breathing. What should the nurse administer first?,Short-acting beta-agonist,Oral steroids,Antibiotics,Antihistamines,Short-acting beta-agonist,Short-acting beta-agonists are used for rapid relief during asthma attacks by relaxing bronchial muscles and improving airflow.,,RN. ZAHRA ACTIVITIES.pdf,Short-acting beta-agonists quickly relieve bronchoconstriction and allow the patient to breathe more easily during an asthma exacerbation.,التمريض العام,
"Q217: . A nurse is caring for a patient recovering from surgery. The patient’s wound site is draining yellow-green pus, and the surrounding area is red and swollen. What should the nurse suspect?",A healing wound,An infected wound,A dry wound,An allergic reaction,An infected wound,"Yellow-green pus and redness around the wound are signs of infection, which require immediate intervention and treatment.",,RN. ZAHRA ACTIVITIES.pdf,An infected wound requires antibiotics and proper wound care to prevent complications and ensure proper healing.,التمريض العام,
Q218: . A nurse is caring for a post-operative patient with a Foley catheter. What is the priority intervention to prevent urinary tract infections (UTIs)?,Increase fluid intake,Encourage ambulation,Perform catheter care regularly,Administer antibiotics,Perform catheter care regularly,Proper catheter care is essential to reduce the risk of UTIs in patients with indwelling catheters.,,RN. ZAHRA ACTIVITIES.pdf,"Performing regular catheter care helps maintain sterility, reducing the risk of urinary tract infections.",التمريض العام,
Q219: . A nurse is assessing a post-operative patient who is experiencing shortness of breath. What is the first priority intervention?,Administer oxygen,Monitor vital signs,Increase the IV fluid rate,Encourage deep breathing,Administer oxygen,Administering oxygen is the first priority to maintain oxygen saturation levels and prevent hypoxia in post-operative patients.,,RN. ZAHRA ACTIVITIES.pdf,"Oxygen administration ensures that the patient’s oxygen levels are optimized, preventing further complications.",التمريض العام,
Q220: . A nurse is caring for a patient with chronic kidney disease (CKD). What is the most important intervention to prevent further complications?,Encourage increased fluid intake,Monitor blood pressure regularly,Administer diuretics,Increase dietary protein,Monitor blood pressure regularly,Regular blood pressure monitoring is crucial in CKD patients to prevent further kidney damage. High blood pressure exacerbates kidney disease.,,RN. ZAHRA ACTIVITIES.pdf,Managing blood pressure effectively is key to slowing the progression of chronic kidney disease and protecting kidney function.,التمريض العام,
Q221: . A nurse is caring for a patient recovering from surgery. The patient complains of nausea. What is the priority intervention?,Administer antiemetics,Increase fluid intake,Encourage deep breathing,Administer pain medication,Administer antiemetics,Antiemetics are the most effective intervention for controlling post-operative nausea and vomiting.,,RN. ZAHRA ACTIVITIES.pdf,"Antiemetics help prevent nausea and vomiting, ensuring that the patient stays comfortable during recovery.",التمريض العام,
Q222: . A nurse is caring for a patient with diabetes. The patient reports numbness and tingling in the feet. What is the nurse’s priority action?,Monitor blood glucose levels,Assess for neuropathy,Administer insulin,Encourage exercise,Assess for neuropathy,"Neuropathy is a common complication of diabetes, and the nurse must assess the patient to prevent further damage.",,RN. ZAHRA ACTIVITIES.pdf,"Neuropathy can lead to serious complications like foot ulcers, so early assessment is key for intervention.",التمريض العام,
Q223: . A nurse is caring for a patient who is receiving chemotherapy. The patient is experiencing nausea and vomiting. What is the first intervention?,Encourage the patient to drink fluids,Administer antiemetics,Provide a light snack,Administer pain medication,Administer antiemetics,Administering antiemetics is the first-line treatment to prevent nausea and vomiting caused by chemotherapy.,,RN. ZAHRA ACTIVITIES.pdf,"Antiemetics help alleviate chemotherapy-induced nausea and vomiting, preventing dehydration and improving comfort.",التمريض العام,
Q224: . A nurse is assessing a post-operative patient who has a Foley catheter. The patient is experiencing discomfort and a fever. What is the nurse’s priority action?,Monitor vital signs,Increase fluid intake,Change the dressing regularly,Assess the catheter and urinary output,Assess the catheter and urinary output,"Assessing the catheter and urinary output helps identify signs of infection, which is common in post-operative patients with indwelling catheters.",,RN. ZAHRA ACTIVITIES.pdf,Identifying signs of infection early allows for appropriate intervention to prevent complications like a urinary tract infection.,التمريض العام,
Q225: . A nurse is caring for a patient who is recovering from surgery. The patient has been prescribed an opioid analgesic. What is the nurse’s priority action?,Assess for side effects,Increase fluid intake,Encourage deep breathing,Administer pain medication,Assess for side effects,"Opioid analgesics can cause side effects like respiratory depression and constipation, so monitoring for these is essential.",,RN. ZAHRA ACTIVITIES.pdf,"Assessing for side effects helps identify adverse reactions early, ensuring that the patient receives the safest care possible.",التمريض العام,
Q226: . A nurse is caring for a post-operative patient who is receiving pain medication. The patient reports feeling dizzy and lightheaded. What should the nurse do first?,Increase the fluid intake,Reposition the patient,Monitor blood pressure,Administer pain medication,Monitor blood pressure,"Monitoring blood pressure helps assess if the patient’s dizziness is due to hypotension, a common side effect of pain medications.",,RN. ZAHRA ACTIVITIES.pdf,"Monitoring blood pressure allows for appropriate action if hypotension is identified, preventing further complications.",التمريض العام,
Q227: . A nurse is caring for a patient who is receiving IV fluids. The nurse notices that the IV site is swollen and painful. What is the nurse’s first priority action?,Increase the infusion rate,Stop the IV and notify the physician,Administer pain medication,Reposition the IV catheter,Stop the IV and notify the physician,"Swelling and pain at the IV site may indicate infiltration or phlebitis, so stopping the IV immediately is crucial to prevent further tissue damage.",,RN. ZAHRA ACTIVITIES.pdf,Stopping the IV helps prevent further complications like tissue damage and allows for assessment and proper management of the site.,التمريض العام,
Q228: . A nurse is caring for a patient with a wound infection. The wound is draining yellow-green pus. What is the nurse’s priority action?,Administer antibiotics,Change the dressing regularly,Apply a moist dressing,Increase fluid intake,Change the dressing regularly,"Changing the dressing regularly helps prevent bacterial growth and contamination, which is essential for wound healing.",,RN. ZAHRA ACTIVITIES.pdf,Regular dressing changes help maintain a clean wound environment and promote faster healing by removing contaminants.,التمريض العام,
Q229: . A nurse is caring for a patient recovering from surgery. The patient complains of nausea. What is the nurse’s priority action?,Administer antiemetics,Increase fluid intake,Encourage deep breathing,Administer pain medication,Administer antiemetics,Administering antiemetics is the priority intervention to treat post-operative nausea and vomiting.,,RN. ZAHRA ACTIVITIES.pdf,"Antiemetics help relieve nausea and vomiting, which can be side effects of anesthesia and pain medications.",التمريض العام,
Q230: . A nurse is caring for a post-operative patient. The patient reports pain at the surgical site. What is the nurse’s priority action?,Administer pain medication,Encourage deep breathing,Monitor vital signs,Assess the surgical site,Administer pain medication,Pain management is a top priority in post-operative care to ensure the patient’s comfort and facilitate recovery.,,RN. ZAHRA ACTIVITIES.pdf,Administering prescribed pain medications is essential to manage the patient’s pain and allow them to rest and recover.,التمريض العام,
Q231: . A nurse is caring for a patient with a history of diabetes. The patient is experiencing numbness and tingling in the feet. What should the nurse assess?,Monitor blood glucose levels,Assess for neuropathy,Encourage exercise,Administer insulin,Assess for neuropathy,Numbness and tingling in the feet are common symptoms of diabetic neuropathy. Assessing for neuropathy helps prevent further damage.,,RN. ZAHRA ACTIVITIES.pdf,Neuropathy is a common complication of diabetes and should be assessed early to prevent progression and complications like foot ulcers.,التمريض العام,
Q232: . A nurse is caring for a 55-year-old male patient with a myocardial infarction requiring anticoagulant therapy. Which of the following is the most concerning?,Trouble sleeping,Nausea,Elevated creatinine,Purpura,Purpura,"Purpura can indicate bleeding complications due to anticoagulant therapy, requiring immediate assessment and intervention.",,RN. ZAHRA ACTIVITIES.pdf,Purpura is a sign of possible anticoagulant-related bleeding and must be investigated to prevent further complications.,التمريض العام,
Q233: . A nurse is transferring a patient from the surgical ward to the neurological ward. Which of the following cases should be delegated?,Patient with myasthenia gravis,Stable patient with a fractured hip,Patient with chronic disease on oxygen,Patient with multiple sclerosis,Stable patient with a fractured hip,"The stable patient with a fractured hip is appropriate for transfer, as their condition is manageable and not complex.",,RN. ZAHRA ACTIVITIES.pdf,Stable patients who do not require intensive care can be safely transferred to less specialized units.,التمريض العام,
Q234: . A nurse is caring for a patient with an incision after a surgical procedure. What is the most important factor to promote wound healing?,Proper nutrition,Regular wound dressing changes,Administering pain medication,Encouraging ambulation,Regular wound dressing changes,Keeping the wound clean and protected from infection is essential for healing.,,RN. ZAHRA ACTIVITIES.pdf,"Frequent dressing changes help prevent infection and keep the wound moist, promoting faster healing.",التمريض العام,
Q235: . A nurse is teaching a patient with hypertension about lifestyle changes. Which of the following changes is most important?,Reduce salt intake,Increase exercise,Monitor blood pressure,Reduce alcohol consumption,Reduce salt intake,"Reducing sodium intake helps lower blood pressure, which is critical for managing hypertension.",,RN. ZAHRA ACTIVITIES.pdf,Reducing salt intake is one of the most effective dietary changes for managing hypertension and preventing complications.,التمريض العام,
Q236: . A nurse is caring for a post-operative patient. What is the most important action to prevent deep vein thrombosis (DVT)?,Administer anticoagulants,Encourage early ambulation,Provide compression stockings,Ensure hydration,Encourage early ambulation,Moving as soon as possible after surgery helps improve circulation and prevents clot formation.,,RN. ZAHRA ACTIVITIES.pdf,Encouraging early ambulation reduces the risk of DVT by enhancing blood flow and circulation post-surgery.,التمريض العام,
Q237: . A nurse is caring for a patient with chronic kidney disease. Which of the following interventions is most important?,Monitor vital signs regularly,Increase fluid intake,Monitor blood pressure regularly,Administer diuretics,Monitor blood pressure regularly,"High blood pressure can worsen kidney function, so regular monitoring and management of blood pressure is essential.",,RN. ZAHRA ACTIVITIES.pdf,Controlling blood pressure is key to slowing the progression of chronic kidney disease and maintaining kidney function.,التمريض العام,
Q238: . A nurse is caring for a post-operative patient who is on a clear liquid diet. What should be included in the diet?,Broth,Juice with pulp,Whole milk,Coffee with cream,Broth,"Broth is a clear liquid and is allowed in the clear liquid diet, which is often used post-operatively to assess tolerance to food.",,RN. ZAHRA ACTIVITIES.pdf,"Clear liquids, such as broth, provide hydration and allow the digestive system to rest post-surgery.",التمريض العام,
Q239: . A nurse is caring for a patient who has been diagnosed with diabetes. Which of the following is most important to prevent diabetic complications?,Regular blood glucose monitoring,Administering insulin as prescribed,Encouraging a healthy diet,Encouraging regular exercise,Regular blood glucose monitoring,"Monitoring blood glucose levels helps prevent both hyperglycemia and hypoglycemia, reducing the risk of complications.",,RN. ZAHRA ACTIVITIES.pdf,"Regular monitoring of blood glucose is essential for preventing long-term diabetic complications, including neuropathy and retinopathy.",التمريض العام,
Q240: . A nurse is caring for a patient with an infection. What is the most important nursing intervention to reduce the spread of infection?,Hand hygiene,Administering antibiotics,Using a mask,Encouraging coughing and deep breathing,Hand hygiene,Hand hygiene is the most effective way to prevent the spread of infections to both the patient and healthcare workers.,,RN. ZAHRA ACTIVITIES.pdf,Hand hygiene prevents the transmission of pathogens and is a critical component of infection control protocols.,التمريض العام,
Q241: . A nurse is teaching a patient about the importance of oral hygiene after surgery. Which of the following should be emphasized?,Brush teeth after every meal,Use an alcohol-based mouthwash,Use a soft toothbrush and fluoride toothpaste,Floss after every meal,Use a soft toothbrush and fluoride toothpaste,"Using a soft toothbrush prevents injury to sensitive gum tissues, and fluoride toothpaste helps prevent tooth decay.",,RN. ZAHRA ACTIVITIES.pdf,"Oral hygiene is vital for preventing infections and promoting recovery, especially after surgery where the immune system is weakened.",التمريض العام,
Q242: . A nurse is caring for a patient with hypertension. What is the priority intervention to prevent complications?,Increase fluid intake,Administer antihypertensive medications,Encourage weight loss,Monitor blood pressure regularly,Administer antihypertensive medications,Administering antihypertensive medications helps manage blood pressure and reduce the risk of complications like stroke and heart attack.,,RN. ZAHRA ACTIVITIES.pdf,Effective blood pressure management reduces the risk of cardiovascular events and prevents damage to organs like the kidneys and eyes.,التمريض العام,
Q243: . A nurse is teaching a patient with chronic obstructive pulmonary disease (COPD) about the importance of pulmonary rehabilitation. What should the nurse include?,Use a nebulizer regularly,Participate in breathing exercises,Increase fluid intake,Limit physical activity,Participate in breathing exercises,Breathing exercises help improve lung function and reduce symptoms of COPD by strengthening respiratory muscles.,,RN. ZAHRA ACTIVITIES.pdf,"Breathing exercises help improve oxygenation and ease shortness of breath, enhancing the patient's ability to manage COPD.",التمريض العام,
Q244: . A nurse is caring for a patient who has just undergone a cholecystectomy. What is the most important post-operative intervention?,Monitor vital signs,Encourage early ambulation,Administer pain medications,Assess for signs of infection,Encourage early ambulation,"Early ambulation promotes circulation, reduces the risk of blood clots, and helps the patient recover faster from surgery.",,RN. ZAHRA ACTIVITIES.pdf,Early ambulation is a key intervention to prevent complications like DVT and pneumonia post-operatively.,التمريض العام,
Q245: . A nurse is teaching a patient about the use of an inhaler. What is the most important instruction?,Shake the inhaler before use,Take deep breaths after using the inhaler,Exhale forcefully before inhaling,Use the inhaler only when symptoms occur,Shake the inhaler before use,Shaking the inhaler ensures the medication is properly mixed and delivered during inhalation.,,RN. ZAHRA ACTIVITIES.pdf,Shaking the inhaler ensures the medication is properly mixed and helps improve the efficacy of the inhaler.,التمريض العام,
Q246: . A nurse is caring for a patient with chronic pain. What is the best approach to pain management?,Administer pain medications on a schedule,Wait for the patient to request pain medication,Use complementary therapies as a primary intervention,Encourage the patient to manage pain without medication,Administer pain medications on a schedule,Regular pain medication administration helps prevent pain from becoming unmanageable and improves the patient's quality of life.,,RN. ZAHRA ACTIVITIES.pdf,Scheduled pain medications provide consistent relief and prevent breakthrough pain in patients with chronic pain.,التمريض العام,
Q247: . A nurse is caring for a patient recovering from surgery. The patient is at risk for developing pneumonia. What is the priority nursing intervention?,Encourage deep breathing and coughing,Monitor oxygen saturation levels,Administer antibiotics,Increase fluid intake,Encourage deep breathing and coughing,Encouraging deep breathing and coughing helps clear the lungs of secretions and reduce the risk of pneumonia.,,RN. ZAHRA ACTIVITIES.pdf,Deep breathing and coughing exercises help improve lung function and prevent respiratory infections post-surgery.,التمريض العام,
Q248: . A nurse is caring for a patient with a urinary tract infection. What is the priority nursing intervention?,Administer antibiotics,Increase fluid intake,Monitor vital signs,Provide pain management,Administer antibiotics,"Antibiotics are the most effective treatment for urinary tract infections, and starting them promptly helps prevent further complications.",,RN. ZAHRA ACTIVITIES.pdf,Administering antibiotics is the primary intervention to treat a urinary tract infection and prevent the spread of infection.,التمريض العام,
Q249: . A nurse is caring for a patient with dehydration. What is the priority intervention?,Monitor electrolyte levels,Administer IV fluids,Increase oral intake of fluids,Encourage potassium-rich foods,Administer IV fluids,IV fluids are needed to rapidly replace lost fluids and restore the patient’s hydration status.,,RN. ZAHRA ACTIVITIES.pdf,"Administering IV fluids helps to correct dehydration and improve circulation, which is vital for recovery.",التمريض العام,
Q250: . A nurse is assessing a patient with a head injury. What is the priority action?,Monitor vital signs,Administer pain medication,Perform a neurological assessment,Increase fluid intake,Perform a neurological assessment,Performing a neurological assessment helps determine the severity of the injury and guides further treatment.,,RN. ZAHRA ACTIVITIES.pdf,"A neurological assessment helps detect signs of increased intracranial pressure, which requires immediate intervention.",التمريض العام,
Q251: . A nurse is caring for a patient with a respiratory infection. What is the most important intervention?,Encourage coughing and deep breathing,Administer antibiotics,Monitor oxygen saturation levels,Increase fluid intake,Encourage coughing and deep breathing,Coughing and deep breathing help clear secretions from the airways and improve lung function.,,RN. ZAHRA ACTIVITIES.pdf,Encouraging coughing and deep breathing helps reduce the risk of respiratory complications like pneumonia.,التمريض العام,
"Q252: . ABG reading was low PH, high PCO2, normal HCO3. What is the interpretation?",Compensated respiratory acidosis,Uncompensated respiratory acidosis,Metabolic acidosis,Metabolic alkalosis,Uncompensated respiratory acidosis,"High PCO2 and low pH indicate respiratory acidosis, and since HCO3 is normal, the condition is uncompensated.",,RN. ZAHRA ACTIVITIES.pdf,Uncompensated respiratory acidosis requires intervention to reduce CO2 buildup and stabilize pH.,التمريض العام,
Q253: . Gastric suction can cause?,Metabolic acidosis,Respiratory acidosis,Metabolic alkalosis,Respiratory alkalosis,Metabolic alkalosis,"Gastric suction leads to loss of hydrochloric acid, which can cause a rise in bicarbonate, leading to metabolic alkalosis.",,RN. ZAHRA ACTIVITIES.pdf,"Gastric suction causes loss of acid, disrupting the body's acid-base balance and leading to metabolic alkalosis.",التمريض العام,
"Q254: . Patient with ABG PH low, pCO2 high, HCO3 normal. What is expected signs and symptoms for the patient?",Vomiting and difficult breathing (SOB),Headache and vomiting,"Shallow, rapid breath and vomiting",Kaussmal respiration,Vomiting and difficult breathing (SOB),"These symptoms are consistent with metabolic acidosis, where the body attempts to compensate by increasing breathing to expel CO2.",,RN. ZAHRA ACTIVITIES.pdf,Metabolic acidosis often leads to symptoms of rapid breathing and vomiting as the body tries to compensate for the acid buildup.,التمريض العام,
"Q255: . Patient entered ER saying, ""my heart will get out of my chest, I feel that I will die,"" diagnosed with panic attack. What is the medical problem if panic is not controlled?",Respiratory acidosis,Respiratory alkalosis,Metabolic acidosis,Metabolic alkalosis,Respiratory alkalosis,"Panic attacks can cause rapid breathing (hyperventilation), leading to respiratory alkalosis if not controlled.",,RN. ZAHRA ACTIVITIES.pdf,"Hyperventilation during a panic attack leads to excessive CO2 loss, causing respiratory alkalosis.",التمريض العام,
Q256: . A surgical unit nurse assessed a 35-year-old post-appendectomy patient and observed abdominal distention with absent bowel sounds. Which intervention is most appropriate?,Encourage ambulation,Provide liquid diet as tolerated,Ensure patency of nasogastric tube,Check surgical site for signs of infection,Ensure patency of nasogastric tube,"Absent bowel sounds and distention may indicate bowel obstruction, and ensuring the nasogastric tube is functioning is essential to relieve the pressure.",,RN. ZAHRA ACTIVITIES.pdf,Ensuring the NG tube is patent helps decompress the stomach and relieve abdominal distention post-surgery.,التمريض العام,
Q257: . A child with tracheoesophageal fistula is scheduled for an operation. What should the nurse do preoperatively?,Insert NGT,Suction periodically,Prepare tracheostomy set if necessary,Provide parent education,Suction periodically,"Periodic suctioning is crucial to keep the airway clear, as children with tracheoesophageal fistulas are at risk for aspiration and respiratory distress.",,RN. ZAHRA ACTIVITIES.pdf,Preoperative suctioning helps clear secretions and reduce the risk of aspiration during surgery.,التمريض العام,
Q258: . The nurse is preparing to administer an enteral feeding to a client via a nasogastric feeding tube. What is the most important action?,Verify correct placement,Check the feeding solution matches the dietary order,Aspirate abdominal content to determine the amount of last remaining in stomach,Ensure that feeding solutions are at room temperature,Verify correct placement,Ensuring the tube is correctly placed is essential to prevent aspiration and ensure the patient receives the feeding safely.,,RN. ZAHRA ACTIVITIES.pdf,"Incorrect placement of the NG tube can result in aspiration, making verification of placement a critical step.",التمريض العام,
Q259: . What is the goal for NGT insertion after cholecystectomy?,Prevent aspiration,Decompress stomach,Suction gastric content,Drain bile,Decompress stomach,"NGT insertion after cholecystectomy helps decompress the stomach and prevent accumulation of gastric contents, which can lead to discomfort or complications.",,RN. ZAHRA ACTIVITIES.pdf,"Decompression of the stomach helps reduce the risk of nausea, vomiting, and aspiration after surgery.",التمريض العام,
Q260: . What is the rationale for inserting a therapeutic NGT in the hospital?,Lavage,Decompression,Juice suction,Fluid replacement,Decompression,"NGT insertion for decompression helps to remove excess gas and fluid from the stomach, which is essential for managing gastrointestinal issues.",,RN. ZAHRA ACTIVITIES.pdf,Decompression via NGT is used to relieve distension and discomfort caused by fluid or gas accumulation in the stomach.,التمريض العام,
Q261: . The comatose patient with NGT for feeding is positioned in low Fowler's. The nurse enters the patient room and finds the patient in a supine position. She auscultates lung sounds with adventitious sounds. What is the most appropriate nursing diagnosis?,Risk for injury,Risk for aspiration due to NGT,Fluid volume deficit,Ineffective airway clearance,Risk for aspiration due to NGT,"The patient's change in position increases the risk of aspiration, particularly with the NGT in place, which is why aspiration precautions are essential.",,RN. ZAHRA ACTIVITIES.pdf,"Improper positioning of comatose patients increases the risk of aspiration, which can lead to respiratory complications and pneumonia.",التمريض العام,
"Q262: . A 80-year-old patient is married to a 70-year-old woman. He is bedridden, requires a diaper, and uses NGT for feeding. The patient needs long-term care. Which developmental stage do both belong to?",Aging,Middle age,Young adulthood,Older adulthood,Aging,"At 80 years old, the patient and his spouse are in the aging stage of life, which involves significant physical and functional changes.",,RN. ZAHRA ACTIVITIES.pdf,The aging stage involves physical and cognitive changes that affect daily functioning and require support for activities of daily living.,التمريض العام,
Q263: . A nurse is assigned to care for a patient with physical immobility due to a right knee injury. The nurse is preparing to write a nursing diagnosis. Which of the following is a priority for nursing diagnosis?,Pain,Hygiene,Dehydration,Skin integrity,Skin integrity,"Patients with immobility are at high risk for skin breakdown, making the maintenance of skin integrity a priority.",,RN. ZAHRA ACTIVITIES.pdf,Preventing pressure ulcers and skin damage is a critical concern for patients with reduced mobility.,التمريض العام,
Q264: . A patient recently underwent coronary artery graft (CABG) surgery. Which of the following nursing diagnoses is a priority?,Anxiety,Impaired gas exchange,Acute pain,Sleep deprivation,Acute pain,"Postoperative pain management is essential after CABG surgery to promote comfort, prevent complications, and encourage recovery.",,RN. ZAHRA ACTIVITIES.pdf,Managing acute pain helps facilitate healing and recovery after surgery and improves the patient’s comfort.,التمريض العام,
"Q265: . After a code blue, a doctor announced the death of a patient. A staff nurse begins to show signs of decreased level of consciousness. What is the priority intervention of the nurse at this time?",Offer a meal,Ensure safety,Set up an IV line,Offer a glass of water,Ensure safety,"Ensuring the nurse's safety is the priority during a crisis situation, especially if there are signs of emotional distress.",,RN. ZAHRA ACTIVITIES.pdf,"When staff members are emotionally impacted, ensuring their safety and providing emotional support is crucial.",التمريض العام,
"Q266: . A child has third-degree burns on the hand, chest, and face. Which nursing diagnosis takes priority?",Ineffective airway clearance,Disturbed body image,Impaired urinary elimination,Risk for infection,Risk for infection,"Children with severe burns are at high risk for infection due to the loss of skin integrity, which is a barrier against pathogens.",,RN. ZAHRA ACTIVITIES.pdf,Preventing infection is the top priority for burn patients to reduce the risk of sepsis and promote healing.,التمريض العام,
Q267: . A woman patient with a body mass index of 35 is admitted to the ward. Which nursing diagnosis related to imbalance is most appropriate?,Activity intolerance,Less than body requirement,More than body requirement,Deficient knowledge on normal nutrition,More than body requirement,"Patients with obesity are at risk for complications related to excessive body weight, including metabolic syndrome and cardiovascular disease.",,RN. ZAHRA ACTIVITIES.pdf,"Obesity can lead to various health complications, and addressing it is crucial for improving health outcomes.",التمريض العام,
Q268: . A nurse diagnoses a patient with readiness for the nursing process. This diagnosis is classified within which of the Nursing diagnoses?,Acute nursing diagnoses,Risk nursing diagnoses,Wellness nursing diagnoses,Possible nursing diagnoses,Wellness nursing diagnoses,"Readiness for enhanced health behaviors indicates the patient is ready to learn and improve their health, which is a wellness diagnosis.",,RN. ZAHRA ACTIVITIES.pdf,"Wellness diagnoses focus on promoting health and preventing illness, empowering the patient to make healthier choices.",التمريض العام,
Q269: . The nurse has been set priorities for health problems. She is starting to manage time. Which of the following steps of the nursing process is she in?,Planning,Diagnosis,Intervention,Assessment,Planning,Planning involves setting priorities and organizing time and resources to provide the best care possible.,,RN. ZAHRA ACTIVITIES.pdf,"Effective planning ensures that the nurse addresses the most urgent patient needs first, improving patient outcomes.",التمريض العام,
"Q270: . Nursing diagnosis is done, and the nurse sets priorities for all NANDA diagnoses. Which step in the nursing process is the nurse doing?",Planning,Diagnosis,Evaluation,Implementation,Planning,Setting priorities for diagnoses helps guide nursing actions and interventions to improve patient care and outcomes.,,RN. ZAHRA ACTIVITIES.pdf,Planning helps the nurse determine which interventions to prioritize based on the patient's most urgent needs.,التمريض العام,
Q271: . In which phase of the nursing process does the nurse collect data about the client?,Diagnosis,Assessment,Implementation,Evaluation,Assessment,"Assessment is the first step in the nursing process, where the nurse gathers data to understand the patient’s health status.",,RN. ZAHRA ACTIVITIES.pdf,Accurate assessment is crucial for developing an effective care plan that addresses the patient's needs.,التمريض العام,
Q272: . A nurse is caring for a patient diagnosed with respiratory acidosis. What is the most appropriate intervention?,Administer oxygen,Encourage deep breathing,Administer bronchodilators,Increase fluid intake,Administer oxygen,"Respiratory acidosis is typically caused by inadequate ventilation, and oxygen therapy is essential to increase oxygen saturation and reduce CO2 levels.",,RN. ZAHRA ACTIVITIES.pdf,Oxygen therapy helps prevent hypoxia and assist in the reduction of CO2 levels in patients with respiratory acidosis.,التمريض العام,
Q273: . A nurse is caring for a patient after a tracheostomy. What is the priority nursing action?,Assess for airway patency,Monitor vital signs,Administer pain medications,Change the dressing,Assess for airway patency,"After a tracheostomy, ensuring the airway remains open is the first priority to prevent respiratory distress or obstruction.",,RN. ZAHRA ACTIVITIES.pdf,"Keeping the airway patent prevents respiratory complications such as hypoxia, obstruction, or aspiration.",التمريض العام,
Q274: . A nurse is teaching a patient with hypertension about dietary changes. What should the nurse emphasize?,Increase potassium intake,Decrease calcium intake,Increase sodium intake,Decrease fluid intake,Increase potassium intake,"Potassium helps balance the effects of sodium, and increasing potassium intake can help control blood pressure, especially in hypertensive patients.",,RN. ZAHRA ACTIVITIES.pdf,"Increasing potassium intake helps reduce the effects of sodium, lower blood pressure, and prevent hypertension-related complications.",التمريض العام,
Q275: . A nurse is caring for a patient who is receiving chemotherapy and is at risk for infection. What is the most important intervention?,Administer antibiotics,Encourage frequent hand washing,Monitor vital signs,Increase fluid intake,Encourage frequent hand washing,Proper hand hygiene reduces the risk of infection in patients with a weakened immune system due to chemotherapy.,,RN. ZAHRA ACTIVITIES.pdf,"Hand washing is a simple and effective infection control measure, especially in immunocompromised patients.",التمريض العام,
Q276: . A nurse is caring for a patient with diabetes who is having difficulty managing their blood sugar levels. What is the priority intervention?,Encourage dietary changes,Administer insulin,Monitor blood glucose regularly,Increase physical activity,Monitor blood glucose regularly,Regular monitoring of blood glucose helps to determine how well the patient is managing their diabetes and allows for timely adjustments in treatment.,,RN. ZAHRA ACTIVITIES.pdf,Monitoring blood glucose provides important information for adjusting treatment and preventing complications from uncontrolled blood sugar.,التمريض العام,
Q277: . A nurse is caring for a patient who is recovering from surgery and is experiencing nausea. What is the priority intervention?,Encourage deep breathing,Administer antiemetics,Increase fluid intake,Administer pain medication,Administer antiemetics,"Antiemetics are essential for controlling nausea and preventing vomiting, which can delay recovery and increase the risk of dehydration.",,RN. ZAHRA ACTIVITIES.pdf,Administering antiemetics helps the patient maintain comfort and reduces the risk of post-operative complications.,التمريض العام,
Q278: . A nurse is teaching a patient with asthma how to use a metered-dose inhaler (MDI). What is the most important instruction?,Exhale fully before inhaling,Use the inhaler only during symptoms,Inhale deeply and slowly while activating the inhaler,Shake the inhaler before use,Inhale deeply and slowly while activating the inhaler,"Proper technique ensures the medication reaches the lungs effectively, improving asthma control and reducing symptoms.",,RN. ZAHRA ACTIVITIES.pdf,"Slow, deep inhalation while activating the MDI ensures that the medication is properly delivered to the lungs for maximum effectiveness.",التمريض العام,
Q279: . A nurse is caring for a patient with a history of gastrointestinal bleeding. What is the priority nursing intervention?,Administer proton pump inhibitors,Monitor vital signs,Provide pain relief,Encourage fluid intake,Monitor vital signs,Monitoring vital signs helps detect early signs of shock or instability due to continued gastrointestinal bleeding.,,RN. ZAHRA ACTIVITIES.pdf,"Monitoring vital signs allows for early detection of any acute changes, such as hypotension, that could indicate ongoing bleeding.",التمريض العام,
Q280: . A nurse is caring for a patient with a chest tube after surgery. What is the priority action?,Assess for signs of infection,Monitor drainage output,Encourage deep breathing,Provide pain medication,Monitor drainage output,Monitoring drainage helps assess for complications like hemothorax or pneumothorax and ensures the chest tube is functioning properly.,,RN. ZAHRA ACTIVITIES.pdf,Assessing the drainage output is essential for evaluating the patient’s recovery and detecting early complications post-surgery.,التمريض العام,
Q281: . A nurse is caring for a patient with a history of heart failure. The patient is reporting increasing shortness of breath. What is the priority action?,Administer oxygen,Increase fluid intake,Monitor weight daily,Assess lung sounds,Administer oxygen,Administering oxygen helps alleviate shortness of breath and improves oxygenation in patients with heart failure.,,RN. ZAHRA ACTIVITIES.pdf,"Oxygen administration helps manage symptoms of heart failure, such as hypoxia and shortness of breath, improving comfort.",التمريض العام,
Q282: . A nurse is teaching a patient with chronic pain about pain management techniques. What is the most important teaching point?,Use medication only when pain is severe,Monitor for side effects of medications,Implement a multi-modal approach to pain management,Increase physical activity,Implement a multi-modal approach to pain management,"A multi-modal approach that includes medication, physical therapy, and psychological support provides more effective and comprehensive pain control.",,RN. ZAHRA ACTIVITIES.pdf,A comprehensive approach to pain management improves overall outcomes and helps patients achieve better control over chronic pain.,التمريض العام,
Q283: . A nurse is caring for a patient who is receiving intravenous fluids. The nurse notes the patient’s IV site is swollen and painful. What should the nurse do next?,Increase the infusion rate,Stop the infusion and assess the site,Administer pain medication,Change the IV site,Stop the infusion and assess the site,"Swelling and pain at the IV site may indicate infiltration or phlebitis, and the nurse must stop the infusion and assess the site immediately.",,RN. ZAHRA ACTIVITIES.pdf,Stopping the infusion prevents further tissue damage and allows for appropriate evaluation of the site and intervention.,التمريض العام,
Q284: . A nurse is caring for a patient with diabetes who is having trouble managing their blood sugar levels. What is the nurse’s priority intervention?,Monitor blood glucose levels regularly,Administer insulin,Encourage dietary changes,Increase physical activity,Monitor blood glucose levels regularly,Regular monitoring of blood glucose is critical in managing diabetes and adjusting treatment as needed to prevent complications.,,RN. ZAHRA ACTIVITIES.pdf,Monitoring blood glucose levels helps evaluate the effectiveness of the treatment plan and guide further interventions.,التمريض العام,
Q285: . A nurse is teaching a patient about wound care after surgery. What is the priority teaching point?,Change the dressing regularly,Apply ointment to the wound,Keep the wound clean and dry,Encourage deep breathing exercises,Keep the wound clean and dry,Keeping the wound clean and dry is essential to prevent infection and promote proper healing.,,RN. ZAHRA ACTIVITIES.pdf,Keeping the wound clean and dry prevents infection and ensures a favorable environment for healing.,التمريض العام,
Q286: . A nurse is caring for a patient with a history of stroke. The patient is experiencing difficulty swallowing. What is the priority action?,Assist with feeding,Administer medications as prescribed,Consult a speech therapist,Encourage oral hydration,Consult a speech therapist,"Difficulty swallowing can lead to aspiration, so a speech therapist can assess and provide strategies to improve swallowing and prevent complications.",,RN. ZAHRA ACTIVITIES.pdf,Consulting a speech therapist is crucial for addressing swallowing difficulties and preventing aspiration pneumonia.,التمريض العام,
Q287: . A nurse is caring for a patient with a history of COPD. What is the priority action to promote breathing?,Encourage deep breathing,Administer bronchodilators,Increase fluid intake,Encourage ambulation,Administer bronchodilators,"Bronchodilators help relax the muscles around the airways, improving airflow and reducing shortness of breath in COPD patients.",,RN. ZAHRA ACTIVITIES.pdf,Administering bronchodilators is essential in COPD management to open the airways and ease breathing.,التمريض العام,
Q288: . A nurse is caring for a post-operative patient with an incision. The patient complains of pain at the surgical site. What is the priority intervention?,Administer pain medication,Assess the incision for signs of infection,Encourage ambulation,Change the dressing,Administer pain medication,Pain management is critical in post-operative care to ensure patient comfort and prevent complications such as delayed recovery.,,RN. ZAHRA ACTIVITIES.pdf,"Administering pain medication helps reduce discomfort, allowing the patient to participate in recovery activities such as deep breathing and ambulation.",التمريض العام,
Q289: . A nurse is caring for a patient with diabetes. The patient reports fatigue and blurred vision. What should the nurse assess first?,Blood glucose levels,Serum potassium level,Kidney function,Cholesterol levels,Blood glucose levels,"These symptoms can indicate high blood glucose levels, so the first priority is to assess blood glucose to determine if the patient needs insulin.",,RN. ZAHRA ACTIVITIES.pdf,Monitoring blood glucose is essential for controlling diabetes and preventing complications like blurred vision and fatigue from hyperglycemia.,التمريض العام,
Q290: . A nurse is caring for a patient with a chest tube. The nurse notices that the fluid in the drainage chamber is suddenly bright red. What is the nurse’s priority action?,Assess the patient’s vital signs,Increase fluid intake,Notify the physician,Encourage deep breathing,Notify the physician,"Sudden bright red drainage can indicate active bleeding, requiring immediate medical intervention to prevent further complications.",,RN. ZAHRA ACTIVITIES.pdf,"Bright red drainage in a chest tube could indicate hemorrhage, necessitating prompt evaluation and treatment.",التمريض العام,
Q291: . A nurse is caring for a patient who is receiving chemotherapy. The patient is at risk for infection. What is the most important nursing intervention?,Encourage frequent hand washing,Monitor temperature regularly,Administer antibiotics,Encourage fluid intake,Encourage frequent hand washing,"Preventing infection in chemotherapy patients is crucial, and hand hygiene is the most effective method to reduce the spread of pathogens.",,RN. ZAHRA ACTIVITIES.pdf,"Hand hygiene is the first line of defense against infections, especially in immunocompromised patients.",التمريض العام,
Q292: . A nurse is caring for a post-operative patient who is experiencing shortness of breath. What is the first intervention?,Administer oxygen,Increase fluid intake,Monitor vital signs,Encourage deep breathing,Administer oxygen,Oxygen is the first priority to address shortness of breath and maintain adequate oxygenation.,,RN. ZAHRA ACTIVITIES.pdf,Oxygen therapy is essential to prevent hypoxia and support the patient’s recovery after surgery.,التمريض العام,
Q293: . A nurse is caring for a patient with an infection. The patient is receiving antibiotics. What is the nurse’s priority action?,Monitor vital signs,Encourage ambulation,Administer pain medication,Assess for allergic reactions,Assess for allergic reactions,"Antibiotic therapy can trigger allergic reactions, and the nurse should monitor for any signs of hypersensitivity.",,RN. ZAHRA ACTIVITIES.pdf,Monitoring for allergic reactions helps ensure the patient’s safety and prevent serious complications like anaphylaxis.,التمريض العام,
Q294: . A nurse is caring for a patient with COPD. The patient reports difficulty breathing. What is the first intervention?,Administer oxygen,Encourage coughing and deep breathing,Administer bronchodilators,Increase fluid intake,Administer bronchodilators,Bronchodilators help open the airways and relieve shortness of breath by relaxing the bronchial muscles.,,RN. ZAHRA ACTIVITIES.pdf,Bronchodilators are the most effective first-line treatment for acute symptoms of COPD exacerbations.,التمريض العام,
Q295: . A nurse is caring for a patient who is at risk for pressure ulcers. What is the priority nursing intervention?,Encourage ambulation,Change the patient’s position every two hours,Increase fluid intake,Provide skin moisturizer,Change the patient’s position every two hours,Repositioning the patient regularly helps relieve pressure on vulnerable areas and reduces the risk of developing pressure ulcers.,,RN. ZAHRA ACTIVITIES.pdf,Regular repositioning helps prevent pressure ulcers by reducing prolonged pressure on bony prominences.,التمريض العام,
Q296: . A nurse is caring for a patient with a tracheostomy. What is the priority nursing action?,Assess for airway patency,Monitor vital signs,Provide mouth care,Change the dressing,Assess for airway patency,Ensuring that the airway is patent is the first priority in patients with a tracheostomy to prevent respiratory distress.,,RN. ZAHRA ACTIVITIES.pdf,Airway patency ensures that the patient can breathe effectively and prevents complications like aspiration or hypoxia.,التمريض العام,
Q297: . A nurse is caring for a post-operative patient who is experiencing nausea and vomiting. What is the nurse’s first priority action?,Administer antiemetics,Increase fluid intake,Provide a light snack,Encourage deep breathing,Administer antiemetics,Antiemetics help control nausea and prevent complications such as dehydration and aspiration.,,RN. ZAHRA ACTIVITIES.pdf,"Administering antiemetics prevents further nausea and vomiting, improving patient comfort and promoting recovery.",التمريض العام,
Q298: . A nurse is caring for a patient with a history of hypertension. The patient is complaining of a headache and dizziness. What should the nurse do first?,Increase fluid intake,Administer pain medication,Monitor blood pressure,Encourage rest,Monitor blood pressure,"Headache and dizziness may indicate elevated blood pressure, so the first priority is to check the patient’s blood pressure.",,RN. ZAHRA ACTIVITIES.pdf,Monitoring blood pressure helps determine if the symptoms are related to hypertension and guides further interventions.,التمريض العام,
Q299: . A nurse is teaching a patient with diabetes about foot care. What should the nurse emphasize?,Examine feet daily for wounds,Wash feet with hot water,Trim toenails in a curved shape,Use lotion between the toes,Examine feet daily for wounds,"Diabetic patients are at risk for foot complications, and daily foot inspections help detect problems before they become severe.",,RN. ZAHRA ACTIVITIES.pdf,Regular foot inspections are critical for preventing diabetic foot ulcers and other complications.,التمريض العام,
Q300: . A nurse is caring for a patient who is receiving oxygen therapy. The nurse observes that the patient’s oxygen saturation level is 88%. What is the priority intervention?,Increase the oxygen flow rate,Monitor vital signs,Encourage the patient to deep breathe,Administer a bronchodilator,Increase the oxygen flow rate,"An oxygen saturation of 88% indicates hypoxia, and increasing the oxygen flow rate is necessary to improve oxygenation.",,RN. ZAHRA ACTIVITIES.pdf,Improving oxygen saturation is essential to prevent complications related to hypoxia and ensure adequate tissue oxygenation.,التمريض العام,
Q301: . A nurse is caring for a patient who has been prescribed a new medication. What is the nurse’s priority action?,Monitor for side effects,Administer the medication as prescribed,Ensure the patient understands the medication regimen,Assess the patient’s response to the medication,Monitor for side effects,Monitoring for side effects helps identify potential adverse reactions early and ensures the patient’s safety.,,RN. ZAHRA ACTIVITIES.pdf,Monitoring for side effects is essential to prevent harmful reactions and ensure that the patient can tolerate the medication.,التمريض العام,
Q302: . A nurse is caring for a post-operative patient. The patient is complaining of pain at the surgical site. What is the priority intervention?,Administer pain medication,Assess the incision for signs of infection,Encourage deep breathing,Change the dressing,Administer pain medication,Pain management is essential for post-operative recovery to alleviate discomfort and promote healing.,,RN. ZAHRA ACTIVITIES.pdf,Administering pain medication helps reduce discomfort and allows the patient to rest and recover.,التمريض العام,
Q303: . A nurse is teaching a patient about managing their blood glucose levels. What is the most important teaching point?,Monitor blood glucose regularly,Administer insulin on time,Exercise regularly,Increase fluid intake,Monitor blood glucose regularly,Regular blood glucose monitoring is crucial for adjusting treatment and preventing complications from uncontrolled diabetes.,,RN. ZAHRA ACTIVITIES.pdf,Monitoring blood glucose allows the patient to track their condition and make necessary changes to their diet or medications.,التمريض العام,
Q304: . A nurse is caring for a patient with chronic obstructive pulmonary disease (COPD). The patient is experiencing increased shortness of breath. What is the first priority intervention?,Administer bronchodilators,Increase oxygen therapy,Encourage deep breathing,Administer pain medication,Administer bronchodilators,"Bronchodilators help open the airways and improve airflow, providing immediate relief during an exacerbation of COPD.",,RN. ZAHRA ACTIVITIES.pdf,Bronchodilators are essential in relieving airway constriction and improving oxygen flow in COPD patients.,التمريض العام,
Q305: . A nurse is caring for a patient with a post-operative wound infection. The wound is draining yellow-green pus. What is the nurse’s first priority action?,Administer antibiotics,Change the dressing regularly,Provide a light snack,Monitor vital signs,Change the dressing regularly,"Regular dressing changes help to keep the wound clean and reduce the risk of infection, facilitating better healing.",,RN. ZAHRA ACTIVITIES.pdf,Frequent dressing changes are essential in managing wound infections by preventing further contamination and promoting healing.,التمريض العام,
Q306: . A nurse is caring for a patient recovering from surgery. The patient is experiencing nausea and vomiting. What is the priority intervention?,Administer antiemetics,Increase fluid intake,Encourage deep breathing,Provide a light snack,Administer antiemetics,"Administering antiemetics is the priority intervention to control nausea and vomiting, which can delay recovery and cause dehydration.",,RN. ZAHRA ACTIVITIES.pdf,"Antiemetics help prevent dehydration and improve the patient's comfort, promoting recovery after surgery.",التمريض العام,
Q307: . A nurse is caring for a post-operative patient who is having difficulty breathing. What is the priority intervention?,Administer oxygen,Increase fluid intake,Monitor vital signs,Encourage deep breathing,Administer oxygen,Administering oxygen is the first priority to ensure adequate oxygenation and prevent complications like hypoxia.,,RN. ZAHRA ACTIVITIES.pdf,"Oxygen helps maintain adequate oxygen levels, preventing further complications and supporting the patient’s recovery.",التمريض العام,
Q308: . A nurse is teaching a patient with asthma about using a metered-dose inhaler (MDI). What is the most important instruction?,Exhale fully before inhaling,Use the inhaler only during symptoms,Inhale deeply and slowly while activating the inhaler,Shake the inhaler before use,Inhale deeply and slowly while activating the inhaler,"Proper inhalation technique ensures the medication reaches the lungs effectively, improving asthma control.",,RN. ZAHRA ACTIVITIES.pdf,"Slow, deep inhalation allows the medication to be properly delivered to the lungs, enhancing treatment effectiveness.",التمريض العام,
Q309: . A nurse is caring for a patient with hypertension. The patient is complaining of a headache and dizziness. What should the nurse do first?,Monitor blood pressure,Administer pain medication,Encourage rest,Increase fluid intake,Monitor blood pressure,"Headache and dizziness may indicate elevated blood pressure, so the first priority is to check the patient’s blood pressure.",,RN. ZAHRA ACTIVITIES.pdf,"Monitoring blood pressure helps determine if the symptoms are related to hypertension, guiding the next steps for management.",التمريض العام,
Q310: . A nurse is teaching a patient about foot care. The patient has diabetes. What is the priority teaching point?,Inspect feet daily for wounds,Wash feet with hot water,Trim toenails in a curved shape,Use lotion between the toes,Inspect feet daily for wounds,"Regular foot inspections are crucial for diabetic patients to detect early signs of infection, which could lead to ulcers or other complications.",,RN. ZAHRA ACTIVITIES.pdf,"Diabetic patients should regularly check their feet to prevent complications like ulcers, which are common in those with nerve damage.",التمريض العام,
Q311: . A nurse is caring for a patient with an indwelling urinary catheter. What is the most important intervention to prevent a urinary tract infection (UTI)?,Encourage fluid intake,Change the catheter regularly,Perform catheter care regularly,Monitor vital signs,Perform catheter care regularly,Regular catheter care is essential to prevent bacterial contamination and reduce the risk of urinary tract infections in patients with indwelling catheters.,,RN. ZAHRA ACTIVITIES.pdf,Proper catheter care is essential in reducing the risk of infection and promoting patient comfort.,التمريض العام,
Q312: . A nurse is caring for a patient with a history of asthma. The patient is experiencing wheezing and difficulty breathing. What is the nurse’s priority action?,Administer short-acting beta-agonist,Administer oral steroids,Encourage deep breathing,Administer antibiotics,Administer short-acting beta-agonist,"Short-acting beta-agonists provide rapid relief from bronchoconstriction during an asthma attack, easing breathing.",,RN. ZAHRA ACTIVITIES.pdf,Short-acting beta-agonists help quickly relieve asthma symptoms by relaxing the airways and improving airflow.,التمريض العام,
Q313: . A nurse is teaching a patient with diabetes about self-management. What is the most important aspect of diabetes management?,Monitor blood glucose regularly,Exercise regularly,Increase fluid intake,Monitor blood pressure regularly,Monitor blood glucose regularly,"Regular blood glucose monitoring allows the patient to track their condition and make necessary adjustments to insulin, diet, or exercise.",,RN. ZAHRA ACTIVITIES.pdf,Monitoring blood glucose is essential for controlling diabetes and preventing complications like neuropathy and retinopathy.,التمريض العام,
Q314: . A nurse is caring for a post-operative patient with a history of hypertension. The patient is experiencing dizziness and lightheadedness when standing. What should the nurse do first?,Increase the IV fluid rate,Monitor blood pressure,Administer pain medication,Encourage the patient to lie down,Monitor blood pressure,"Dizziness and lightheadedness could indicate orthostatic hypotension, so blood pressure should be monitored to guide further action.",,RN. ZAHRA ACTIVITIES.pdf,"Monitoring blood pressure helps determine if there is a drop in blood pressure when standing, which requires intervention such as fluid administration.",التمريض العام,
Q315: . A nurse is caring for a post-operative patient with a history of chronic kidney disease. What is the most important intervention to prevent complications?,Encourage ambulation,Monitor vital signs,Monitor renal function,Administer diuretics,Monitor renal function,Monitoring renal function helps prevent complications like fluid overload or electrolyte imbalances in patients with chronic kidney disease.,,RN. ZAHRA ACTIVITIES.pdf,Monitoring renal function is essential in preventing further deterioration of kidney function and managing complications like fluid overload.,التمريض العام,
Q316: . A nurse is caring for a patient with chronic obstructive pulmonary disease (COPD). The patient reports an upset stomach. The nurse should instruct the patient to take which of the following with the medication?,Theo-Dur on an empty stomach,Theo-Dur and Azmacort at the same time,Theo-Dur and Azmacort 12 hours apart,Theo-Dur with milk or crackers,Theo-Dur with milk or crackers,"Taking Theo-Dur with milk or crackers helps reduce gastrointestinal upset, a common side effect of the medication.",,RN. ZAHRA ACTIVITIES.pdf,"Taking medications with food or milk can prevent gastrointestinal distress, which is common with certain drugs like Theo-Dur.",التمريض العام,
Q317: . A nurse is preparing to administer 5000 ml of fluid. How much fluid should the nurse give per hour for 24 hours?,500 ml,1000 ml,2000 ml,3000 ml,2000 ml,"The nurse should administer 5000 ml over 24 hours, resulting in 2000 ml per hour.",,RN. ZAHRA ACTIVITIES.pdf,Correct fluid administration rates are essential for patient hydration and avoiding complications such as fluid overload or dehydration.,التمريض العام,
Q318: . A nurse is caring for a post-operative patient. The nurse observes a sudden increase in drainage from the chest tube. What is the priority action?,Assess vital signs,Notify the physician,Encourage coughing and deep breathing,Increase IV fluid rate,Notify the physician,"Increased drainage from a chest tube may indicate complications such as hemorrhage, which requires immediate notification of the physician.",,RN. ZAHRA ACTIVITIES.pdf,Promptly notifying the physician allows for rapid assessment and intervention to manage potential complications such as bleeding.,التمريض العام,
Q319: . A nurse is caring for a patient with a history of hypertension. The patient complains of severe headache and dizziness. What is the first priority intervention?,Monitor vital signs,Administer pain medication,Monitor blood pressure,Increase fluid intake,Monitor blood pressure,"Headache and dizziness may indicate elevated blood pressure, so it is critical to check the blood pressure immediately to assess the severity.",,RN. ZAHRA ACTIVITIES.pdf,Monitoring blood pressure helps assess if the symptoms are related to hypertension and provides information for managing the patient's condition.,التمريض العام,
Q320: . A nurse is caring for a patient who is receiving chemotherapy. The patient’s platelet count is low. What is the priority nursing intervention?,Administer platelet transfusion,Encourage increased oral fluids,Monitor vital signs,Administer pain medications,Administer platelet transfusion,"Low platelet counts increase the risk of bleeding, so administering a platelet transfusion is crucial to prevent hemorrhagic complications.",,RN. ZAHRA ACTIVITIES.pdf,"Platelet transfusions are important in patients with low platelet counts, especially those receiving chemotherapy, to reduce the risk of bleeding.",التمريض العام,
Q321: . A nurse is caring for a patient who is recovering from surgery. The patient is experiencing nausea. What is the priority intervention?,Administer antiemetics,Encourage deep breathing,Increase fluid intake,Provide a light snack,Administer antiemetics,"Antiemetics are necessary to control nausea and prevent vomiting, which can cause dehydration and disrupt the patient’s recovery process.",,RN. ZAHRA ACTIVITIES.pdf,"Administering antiemetics helps alleviate nausea and vomiting, improving patient comfort and promoting healing post-surgery.",التمريض العام,
Q322: . A nurse is caring for a patient with a tracheostomy. What is the priority intervention?,Ensure tracheostomy tube is patent,Monitor vital signs,Provide mouth care,Change the dressing,Ensure tracheostomy tube is patent,Ensuring the tracheostomy tube is open and clear is critical to maintain airway patency and ensure adequate ventilation.,,RN. ZAHRA ACTIVITIES.pdf,Keeping the tracheostomy tube patent is essential to prevent respiratory distress and ensure adequate oxygenation.,التمريض العام,
Q323: . A nurse is caring for a patient who is receiving IV fluids. The nurse notices that the IV site is swollen and painful. What should the nurse do first?,Increase the infusion rate,Remove the IV and assess the site,Administer pain medication,Notify the physician,Remove the IV and assess the site,"Swelling and pain may indicate infiltration or phlebitis, so the nurse must stop the infusion and assess the site immediately.",,RN. ZAHRA ACTIVITIES.pdf,Promptly stopping the infusion prevents further tissue damage and allows for a thorough evaluation of the site to identify the cause of the swelling.,التمريض العام,
Q324: . A nurse is caring for a patient who is receiving IV medications. The nurse notes that the patient’s IV site is swollen and painful. What is the priority action?,Increase the infusion rate,Remove the IV and assess the site,Administer pain medication,Notify the physician,Remove the IV and assess the site,"Swelling and pain at the IV site may indicate complications such as infiltration or phlebitis, requiring immediate intervention.",,RN. ZAHRA ACTIVITIES.pdf,"Removing the IV and assessing the site is the first priority to prevent further complications, such as tissue damage or infection.",التمريض العام,
Q325: . A nurse is caring for a post-operative patient who is experiencing difficulty breathing. What is the first intervention?,Administer oxygen,Increase fluid intake,Monitor vital signs,Encourage deep breathing,Administer oxygen,Oxygen is the first priority to address shortness of breath and maintain adequate oxygenation.,,RN. ZAHRA ACTIVITIES.pdf,Administering oxygen ensures the patient receives adequate oxygenation and prevents further complications from hypoxia.,التمريض العام,
Q326: . A nurse is caring for a patient who is at risk for infection due to chemotherapy. What is the most important intervention?,Encourage frequent hand washing,Monitor temperature regularly,Administer antibiotics,Encourage fluid intake,Encourage frequent hand washing,"Hand washing is the most effective way to prevent the spread of infection, particularly in immunocompromised patients.",,RN. ZAHRA ACTIVITIES.pdf,"Preventing infection in chemotherapy patients is crucial, and hand hygiene plays a critical role in reducing infection risk.",التمريض العام,
Q327: . A nurse is caring for a patient with chronic obstructive pulmonary disease (COPD). The patient is reporting difficulty breathing. What is the first intervention?,Administer oxygen,Encourage coughing and deep breathing,Administer bronchodilators,Increase fluid intake,Administer bronchodilators,"Bronchodilators help open the airways, providing immediate relief from difficulty breathing in COPD patients.",,RN. ZAHRA ACTIVITIES.pdf,Bronchodilators are the most effective first-line treatment to relieve symptoms of COPD exacerbations and improve airflow.,التمريض العام,
Q328: . A nurse is teaching a patient with asthma about using a metered-dose inhaler (MDI). What is the most important instruction?,Exhale fully before inhaling,Use the inhaler only during symptoms,Inhale deeply and slowly while activating the inhaler,Shake the inhaler before use,Inhale deeply and slowly while activating the inhaler,"Correct inhalation technique ensures that the medication reaches the lungs effectively, improving asthma control.",,RN. ZAHRA ACTIVITIES.pdf,"Proper use of the MDI ensures the medication is effectively delivered to the lungs, enhancing asthma management.",التمريض العام,
Q329: . A nurse is caring for a patient with a tracheostomy. The patient is at risk for aspiration. What is the priority nursing intervention?,Ensure the tracheostomy tube is patent,Encourage deep breathing,Monitor oxygen saturation,Provide mouth care,Ensure the tracheostomy tube is patent,Ensuring the tracheostomy tube is open and clear is the priority to maintain airway patency and prevent aspiration.,,RN. ZAHRA ACTIVITIES.pdf,A patent tracheostomy tube is essential to prevent aspiration and ensure effective ventilation in patients with a tracheostomy.,التمريض العام,
Q330: . A nurse is caring for a patient with diabetes. The patient’s blood glucose is elevated. What is the priority intervention?,Administer insulin,Increase fluid intake,Encourage exercise,Monitor blood glucose levels,Administer insulin,Administering insulin is necessary to reduce the patient’s blood glucose level and prevent complications from hyperglycemia.,,RN. ZAHRA ACTIVITIES.pdf,Insulin administration helps reduce high blood glucose levels and prevents complications like diabetic ketoacidosis.,التمريض العام,
Q331: . A nurse is caring for a patient with chronic obstructive pulmonary disease (COPD). The patient reports an upset stomach. The nurse should instruct the patient to take which of the following with the medication?,Theo-Dur on an empty stomach,Theo-Dur and Azmacort at the same time,Theo-Dur and Azmacort 12 hours apart,Theo-Dur with milk or crackers,Theo-Dur with milk or crackers,"Taking Theo-Dur with milk or crackers helps reduce gastrointestinal upset, a common side effect of the medication.",,RN. ZAHRA ACTIVITIES.pdf,"Taking medications with food or milk can prevent gastrointestinal distress, which is common with certain drugs like Theo-Dur.",التمريض العام,
Q332: . A nurse is preparing to administer 5000 ml of fluid. How much fluid should the nurse give per hour for 24 hours?,500 ml,1000 ml,2000 ml,3000 ml,2000 ml,"The nurse should administer 5000 ml over 24 hours, resulting in 2000 ml per hour.",,RN. ZAHRA ACTIVITIES.pdf,Correct fluid administration rates are essential for patient hydration and avoiding complications such as fluid overload or dehydration.,التمريض العام,
Q333: . A nurse is caring for a post-operative patient. The nurse observes a sudden increase in drainage from the chest tube. What is the priority action?,Assess vital signs,Notify the physician,Encourage coughing and deep breathing,Increase IV fluid rate,Notify the physician,"Increased drainage from a chest tube may indicate complications such as hemorrhage, which requires immediate notification of the physician.",,RN. ZAHRA ACTIVITIES.pdf,Promptly notifying the physician allows for rapid assessment and intervention to manage potential complications such as bleeding.,التمريض العام,
Q334: . A nurse is caring for a patient with a history of hypertension. The patient complains of severe headache and dizziness. What is the first priority intervention?,Monitor vital signs,Administer pain medication,Monitor blood pressure,Increase fluid intake,Monitor blood pressure,"Headache and dizziness may indicate elevated blood pressure, so it is critical to check the blood pressure immediately to assess the severity.",,RN. ZAHRA ACTIVITIES.pdf,Monitoring blood pressure helps assess if the symptoms are related to hypertension and provides information for managing the patient's condition.,التمريض العام,
Q335: . A nurse is caring for a patient who is receiving chemotherapy. The patient’s platelet count is low. What is the priority nursing intervention?,Administer platelet transfusion,Encourage increased oral fluids,Monitor vital signs,Administer pain medications,Administer platelet transfusion,"Low platelet counts increase the risk of bleeding, so administering a platelet transfusion is crucial to prevent hemorrhagic complications.",,RN. ZAHRA ACTIVITIES.pdf,"Platelet transfusions are important in patients with low platelet counts, especially those receiving chemotherapy, to reduce the risk of bleeding.",التمريض العام,
"Q336: . A nurse is caring for a post-operative patient. The patient’s vital signs are stable, but the patient complains of severe pain at the surgical site. What should the nurse do first?",Administer prescribed pain medication,Assess the surgical site for signs of infection,Encourage deep breathing exercises,Change the dressing,Administer prescribed pain medication,Pain management is critical in post-operative care to ensure patient comfort and prevent complications such as delayed recovery.,,RN. ZAHRA ACTIVITIES.pdf,Managing post-operative pain effectively improves the patient’s comfort and promotes recovery by reducing stress.,التمريض العام,
Q337: . A nurse is caring for a patient who is receiving oxygen therapy. The nurse observes that the patient’s oxygen saturation level is 88%. What is the priority intervention?,Increase the oxygen flow rate,Monitor vital signs,Encourage the patient to deep breathe,Administer a bronchodilator,Increase the oxygen flow rate,"An oxygen saturation of 88% indicates hypoxia, and increasing the oxygen flow rate is necessary to improve oxygenation.",,RN. ZAHRA ACTIVITIES.pdf,Improving oxygen saturation is essential to prevent complications related to hypoxia and ensure adequate tissue oxygenation.,التمريض العام,
Q338: . A nurse is caring for a patient with a chest tube. The nurse notices that the fluid in the drainage chamber is suddenly bright red. What is the nurse’s priority action?,Assess vital signs,Increase the infusion rate,Notify the physician,Encourage deep breathing,Notify the physician,"Sudden bright red drainage can indicate active bleeding, requiring immediate medical intervention to prevent further complications.",,RN. ZAHRA ACTIVITIES.pdf,"Bright red drainage in a chest tube could indicate hemorrhage, necessitating prompt evaluation and treatment.",التمريض العام,
Q339: . A nurse is caring for a patient who is receiving IV fluids. The nurse notes that the IV site is swollen and painful. What should the nurse do first?,Increase the infusion rate,Remove the IV and assess the site,Administer pain medication,Notify the physician,Remove the IV and assess the site,"Swelling and pain at the IV site could indicate infiltration or phlebitis, and the nurse must stop the infusion and assess the site immediately.",,RN. ZAHRA ACTIVITIES.pdf,Promptly stopping the infusion prevents further tissue damage and allows for a thorough evaluation of the IV site and intervention.,التمريض العام,
Q340: . A nurse is caring for a post-operative patient who is experiencing shortness of breath. What is the first intervention?,Administer oxygen,Increase fluid intake,Monitor vital signs,Encourage deep breathing,Administer oxygen,Oxygen is the first priority to address shortness of breath and maintain adequate oxygenation.,,RN. ZAHRA ACTIVITIES.pdf,"Oxygen helps maintain adequate oxygen levels, preventing further complications and supporting the patient’s recovery.",التمريض العام,
Q341: . A nurse is caring for a patient who is at risk for infection due to chemotherapy. What is the most important intervention?,Encourage frequent hand washing,Monitor temperature regularly,Administer antibiotics,Encourage fluid intake,Encourage frequent hand washing,"Hand washing is the most effective way to prevent the spread of infection, particularly in immunocompromised patients.",,RN. ZAHRA ACTIVITIES.pdf,"Preventing infection in chemotherapy patients is crucial, and hand hygiene plays a critical role in reducing infection risk.",التمريض العام,
Q342: . A nurse is caring for a patient with chronic obstructive pulmonary disease (COPD). The patient is reporting difficulty breathing. What is the first intervention?,Administer oxygen,Encourage coughing and deep breathing,Administer bronchodilators,Increase fluid intake,Administer bronchodilators,"Bronchodilators help open the airways, providing immediate relief from difficulty breathing in COPD patients.",,RN. ZAHRA ACTIVITIES.pdf,Bronchodilators are the most effective first-line treatment to relieve symptoms of COPD exacerbations and improve airflow.,التمريض العام,
Q343: . A nurse is teaching a patient with asthma about using a metered-dose inhaler (MDI). What is the most important instruction?,Exhale fully before inhaling,Use the inhaler only during symptoms,Inhale deeply and slowly while activating the inhaler,Shake the inhaler before use,Inhale deeply and slowly while activating the inhaler,"Correct inhalation technique ensures that the medication reaches the lungs effectively, improving asthma control.",,RN. ZAHRA ACTIVITIES.pdf,"Proper use of the MDI ensures the medication is effectively delivered to the lungs, enhancing asthma management.",التمريض العام,
Q344: . A nurse is caring for a patient with a tracheostomy. The patient is at risk for aspiration. What is the priority nursing intervention?,Ensure the tracheostomy tube is patent,Encourage deep breathing,Monitor oxygen saturation,Provide mouth care,Ensure the tracheostomy tube is patent,Ensuring the tracheostomy tube is open and clear is critical to maintain airway patency and prevent aspiration.,,RN. ZAHRA ACTIVITIES.pdf,A patent tracheostomy tube is essential to prevent aspiration and ensure effective ventilation in patients with a tracheostomy.,التمريض العام,
Q345: . A nurse is caring for a patient with diabetes. The patient’s blood glucose is elevated. What is the priority intervention?,Administer insulin,Increase fluid intake,Encourage exercise,Monitor blood glucose levels,Administer insulin,Administering insulin is necessary to reduce the patient’s blood glucose level and prevent complications from hyperglycemia.,,RN. ZAHRA ACTIVITIES.pdf,Insulin administration helps reduce high blood glucose levels and prevents complications like diabetic ketoacidosis.,التمريض العام,
Q346: A nurse is preparing an order of Amydramine 30 mg PO BD. The available check is 15 mg /5 ml. What is the correct dosage of the medication to be administered?,5 ml,10 ml,15 ml,20 ml,10 ml,"To administer 30 mg, the nurse calculates the required volume based on the concentration. 10 ml is the correct dose.",,RN. ZAHRA ACTIVITIES.pdf,"For a 30 mg dose, 10 ml of a 15 mg/5 ml concentration is needed.",التمريض العام,
Q347: A nurse is preparing a medication order of 100 mg IV stat. The available hydrocortisone is 200 mg per 5 ml distilled water for injection. Which of the following is the correct administered dose?,4.5 ml,3.5 ml,2.5 ml,1.5 ml,2.5 ml,"To administer 100 mg with 200 mg per 5 ml, the nurse calculates that 2.5 ml is required for the dose.",,RN. ZAHRA ACTIVITIES.pdf,2.5 ml of hydrocortisone solution delivers 100 mg based on the given concentration.,التمريض العام,
Q348: A nurse is preparing to administer an intravenous infusion of 2000 ml of Ringer's lactate over 12 hours. The administration set has a chamber that delivers 15 drops per ml. How many drops per minute should be administered?,14,24,42,56,42 drops/min,"To administer 2000 ml over 12 hours with 15 drops/ml, the nurse calculates that 42 drops per minute is needed.",,RN. ZAHRA ACTIVITIES.pdf,Calculating the drip rate ensures the infusion is administered at the correct speed.,التمريض العام,
Q349: Doctor order to give medication x 300 mg and available is 900 mg/6 ml. How many ml the nurse will give?,1.2 ml,2 ml,4 ml,6 ml,2 ml,The nurse uses the concentration to calculate that 2 ml of the solution delivers the correct dose of 300 mg.,,RN. ZAHRA ACTIVITIES.pdf,"To administer 300 mg, 2 ml is needed from a 900 mg/6 ml solution.",التمريض العام,
Q350: A 56-year-old man was admitted with complaint of chest pain. The nurse is preparing to administer infusion of saline 1000 ml over six hours. What is the hourly infusion rate?,155 ml,167 ml,190 ml,217 ml,167 ml,The nurse calculates the required infusion rate by dividing the total volume (1000 ml) by the time (6 hours).,,RN. ZAHRA ACTIVITIES.pdf,The infusion rate is calculated by dividing the total volume by the time period for infusion.,التمريض العام,
Q351: Doctor order: Heparin 10000 units OD S/C Standard Solution 40000 units/ml How many ml would you administer?,0.52 ml,1 ml,0.5 ml,0.25 ml,0.25 ml,"To administer the correct dose of 10,000 units, the nurse calculates that 0.25 ml is required from a 40,000 units/ml concentration.",,RN. ZAHRA ACTIVITIES.pdf,0.25 ml delivers the correct amount of heparin based on the given concentration.,التمريض العام,
Q352: The doctor orders 600 ml of drug during 10 hours. How many minutes for 15 ml of the drug?,15,20,25,30,15 minutes,"To calculate the administration time for 15 ml, the nurse uses the total volume and time, finding that it should be administered in 15 minutes.",,RN. ZAHRA ACTIVITIES.pdf,"By calculating the time per dose, the nurse ensures the proper administration schedule.",التمريض العام,
Q353: A physician has ordered clindamycin phosphate 300 mg to be administered. The available concentration is 900 mg per 6 ml. What is the correct dose to be administered?,2 ml,4 ml,6 ml,8 ml,2 ml,"To administer 300 mg, the nurse calculates that 2 ml of a 900 mg/6 ml solution is needed.",,RN. ZAHRA ACTIVITIES.pdf,2 ml delivers the correct dose of clindamycin based on the available concentration.,التمريض العام,
"Q354: A nurse checks the medication chart of a patient, which has the following order; Paracetamol 500 mg P.O. QID. How many times a day should the nurse administer the medication?",Once,Twice,Three times,Four times,Four times,Paracetamol 500 mg QID means the medication should be given four times a day.,,RN. ZAHRA ACTIVITIES.pdf,"QID stands for four times a day, so the nurse should administer the medication four times.",التمريض العام,
Q355: The doctor orders 600 ml of drug during 10 hours. How many minutes for 15 ml of the drug?,15,20,25,30,15 minutes,"To calculate the time for 15 ml, the nurse divides the total time by the volume, finding that it takes 15 minutes for 15 ml.",,RN. ZAHRA ACTIVITIES.pdf,"Using the volume and time, the nurse can determine how often to administer the drug.",التمريض العام,
Q356: Vitamin K dose in newborn?,0.25 mg,0.5 mg,1 mg,2 mg,1 mg,"Vitamin K is administered to newborns to prevent hemorrhagic disease, and the standard dose is 1 mg.",,RN. ZAHRA ACTIVITIES.pdf,The 1 mg dose is the standard for newborns to prevent Vitamin K deficiency bleeding.,التمريض العام,
Q357: A nurse is assigned to care for a patient in the medical ward who has a physician order of 1500 ml of normal saline 0.9% to be administered over 12 hours. Which of the following is the infusion rate?,75 ml/hour,100 ml/hour,125 ml/hour,150 ml/hour,125 ml/hour,"To administer 1500 ml over 12 hours, the nurse calculates the required rate to be 125 ml/hour.",,RN. ZAHRA ACTIVITIES.pdf,The infusion rate ensures the patient receives the required fluid over the prescribed time.,التمريض العام,
"Q358: The following syringe contains 2 gm of morphine sulfate, how many grams are there in 1 ml?",0.5 gm,1 gm,2 gm,4 gm,1 gm,"The nurse calculates that the syringe concentration is 2 gm per 2 ml, so the concentration is 1 gm per ml.",,RN. ZAHRA ACTIVITIES.pdf,Understanding the concentration of medications helps ensure the correct dose is administered.,التمريض العام,
"Q359: The following syringe contains morphine sulfate in a concentration of 2 mg/cc, how much total morphine does this syringe contain?",0.5 mg,1 mg,2 mg,4 mg,4 mg,"The syringe contains 2 mg per 1 ml (cc), so for a 2 ml syringe, the total amount of morphine is 4 mg.",,RN. ZAHRA ACTIVITIES.pdf,The total morphine in the syringe is determined by the concentration and the total volume.,التمريض العام,
"Q360: Doctor ordered to give 75 ml per hour over 12 hours of normal saline, how many ml total should be given?",450 ml,600 ml,900 ml,1000 ml,900 ml,The nurse calculates the total volume by multiplying the hourly rate (75 ml) by the total time (12 hours).,,RN. ZAHRA ACTIVITIES.pdf,The total volume of saline to be administered is 900 ml over 12 hours.,التمريض العام,
Q361: The patient weighs 67 kg. He is receiving a drug at 30 mg/kg/24hr. How many grams should the nurse give for 24 hours?,5 g,1.5 g,1 g,2 g,2 g,The nurse calculates the total dose based on the patient’s weight and the prescribed dose per kilogram.,,RN. ZAHRA ACTIVITIES.pdf,"The nurse calculates 30 mg per kg for the patient’s weight, yielding a total of 2 g for 24 hours.",التمريض العام,
"Q362: A nurse is preparing to administer a dose of 30 mg of Theo-Dur, and the available concentration is 15 mg per 5 ml. How many ml should be administered?",5 ml,10 ml,15 ml,20 ml,10 ml,"To administer 30 mg, the nurse needs to give 10 ml based on the available concentration of 15 mg per 5 ml.",,RN. ZAHRA ACTIVITIES.pdf,The nurse calculates that 10 ml is required for a 30 mg dose.,التمريض العام,
"Q363: A nurse is preparing to administer an IV medication. The order is for 100 mg of hydrocortisone, and the available concentration is 200 mg per 5 ml. How many ml should the nurse administer?",2 ml,3 ml,4 ml,5 ml,2.5 ml,"The nurse calculates the required dose by determining how many ml are needed for 100 mg, which results in 2.5 ml from the available concentration.",,RN. ZAHRA ACTIVITIES.pdf,2.5 ml of hydrocortisone solution delivers 100 mg based on the concentration.,التمريض العام,
"Q364: A nurse is preparing a medication for intravenous infusion. The order is for 2000 ml of Ringer's lactate over 12 hours, with an infusion set delivering 15 drops per ml. How many drops per minute should the nurse administer?",15 drops/min,30 drops/min,42 drops/min,56 drops/min,42 drops/min,"To administer 2000 ml over 12 hours at 15 drops per ml, the nurse calculates the required drip rate to be 42 drops per minute.",,RN. ZAHRA ACTIVITIES.pdf,The nurse calculates the rate to ensure proper fluid infusion.,التمريض العام,
Q365: A nurse is caring for a patient with a prescription for 300 mg of medication. The available concentration is 900 mg per 6 ml. How many ml should the nurse administer?,1 ml,2 ml,4 ml,6 ml,2 ml,"To administer 300 mg, the nurse calculates the correct volume as 2 ml based on the concentration of 900 mg per 6 ml.",,RN. ZAHRA ACTIVITIES.pdf,2 ml delivers the correct dose from the 900 mg/6 ml solution.,التمريض العام,
Q366: A nurse is preparing an IV infusion of saline. The order is for 1000 ml over 6 hours. What is the infusion rate in ml per hour?,150 ml/hour,160 ml/hour,167 ml/hour,175 ml/hour,167 ml/hour,The nurse divides 1000 ml by 6 hours to determine that 167 ml/hour is the required infusion rate.,,RN. ZAHRA ACTIVITIES.pdf,The infusion rate ensures the patient receives the appropriate amount of fluid over the prescribed time.,التمريض العام,
"Q367: A nurse is preparing to administer 10,000 units of heparin S/C. The available concentration is 40,000 units per ml. How many ml should be administered?",0.25 ml,0.5 ml,1 ml,1.25 ml,0.25 ml,"The nurse calculates that to administer 10,000 units, 0.25 ml of the 40,000 units/ml concentration is required.",,RN. ZAHRA ACTIVITIES.pdf,0.25 ml delivers the correct dose of heparin.,التمريض العام,
"Q368: A nurse is preparing to administer an antibiotic intravenously. The order is for 100 mg, and the available concentration is 500 mg per 5 ml. How many ml should be administered?",1 ml,2 ml,4 ml,5 ml,1 ml,The nurse calculates the correct volume as 1 ml based on the concentration of 500 mg per 5 ml.,,RN. ZAHRA ACTIVITIES.pdf,1 ml delivers the correct dose of the antibiotic based on the available concentration.,التمريض العام,
Q369: A nurse is preparing an IV infusion. The order is for 3000 ml of Ringer's lactate to be administered over 24 hours. What is the required infusion rate in ml per hour?,100 ml/hour,125 ml/hour,150 ml/hour,175 ml/hour,125 ml/hour,The nurse calculates the infusion rate by dividing the total volume (3000 ml) by the time (24 hours).,,RN. ZAHRA ACTIVITIES.pdf,The infusion rate ensures the fluid is administered correctly over the 24-hour period.,التمريض العام,
Q370: A nurse is preparing a medication order for 300 mg of a medication. The available concentration is 600 mg per 10 ml. How many ml should the nurse administer?,5 ml,6 ml,7 ml,8 ml,5 ml,"The nurse calculates that to administer 300 mg, 5 ml is required from a solution with a concentration of 600 mg per 10 ml.",,RN. ZAHRA ACTIVITIES.pdf,5 ml delivers the correct dose of the medication based on the given concentration.,التمريض العام,
Q371: A nurse is preparing a dose of 150 mg of a medication. The available concentration is 75 mg per 5 ml. How many ml should be administered?,5 ml,7.5 ml,10 ml,12.5 ml,10 ml,"To administer 150 mg, the nurse needs to give 10 ml based on the concentration of 75 mg per 5 ml.",,RN. ZAHRA ACTIVITIES.pdf,The nurse calculates that 10 ml is required to administer a 150 mg dose.,التمريض العام,
Q372: A nurse is caring for a patient with a diagnosis of congestive heart failure. The physician orders 2 liters of normal saline to be administered over 48 hours. What is the required infusion rate in ml per hour?,40 ml/hour,45 ml/hour,50 ml/hour,55 ml/hour,41.7 ml/hour,The nurse calculates that 2 liters (2000 ml) divided by 48 hours results in an infusion rate of 41.7 ml/hour.,,RN. ZAHRA ACTIVITIES.pdf,The infusion rate ensures the patient receives the appropriate fluid volume over the prescribed time.,التمريض العام,
Q373: A nurse is preparing a medication order for 250 mg of a medication. The available concentration is 50 mg per 2 ml. How many ml should the nurse administer?,4 ml,6 ml,8 ml,10 ml,10 ml,"The nurse calculates that to administer 250 mg, 10 ml is required from a solution with a concentration of 50 mg per 2 ml.",,RN. ZAHRA ACTIVITIES.pdf,10 ml delivers the correct dose of the medication based on the available concentration.,التمريض العام,
Q374: Doctor order to give medication x 300mg and available is 900mg/6ml how many ml the nurse will give?,1.2 ml,2 ml,4 ml,6 ml,2 ml,"To administer 300 mg, the nurse calculates the correct volume as 2 ml based on the concentration of 900 mg per 6 ml.",,RN. ZAHRA ACTIVITIES.pdf,2 ml delivers the correct dose from a 900 mg/6 ml solution.,التمريض العام,
Q375: A 56-year-old man was admitted with complaint working for three days. The nurse is preparing to administer infusion of saline 1000 ml over six hours. What is the hourly infusion rate that the nurse needs to infusion therapy in mL/hour?,155 ml,167 ml,190 ml,217 ml,167 ml,The nurse calculates the required infusion rate by dividing the total volume (1000 ml) by the time (6 hours).,,RN. ZAHRA ACTIVITIES.pdf,The infusion rate ensures the patient receives the appropriate amount of fluid over the prescribed time.,التمريض العام,
Q376: Doctor Order: Heparin 10000 units OD S/C Standard Solution 40000 units/ml How many ml would you administer?,0.52 ml,1 ml,0.5 ml,0.25 ml,0.25 ml,"To administer 10,000 units, the nurse calculates that 0.25 ml of the 40,000 units/ml concentration is required.",,RN. ZAHRA ACTIVITIES.pdf,0.25 ml delivers the correct dose of heparin.,التمريض العام,
Q377: The doctor orders 600 ml of drug during 10 hours. How many minutes for 15 ml of the drug?,15 minutes,20 minutes,25 minutes,30 minutes,15 minutes,"To calculate the administration time for 15 ml, the nurse divides the total time by the volume, finding that it should be administered in 15 minutes.",,RN. ZAHRA ACTIVITIES.pdf,"By calculating the time per dose, the nurse ensures the proper administration schedule.",التمريض العام,
Q378: A Physician has ordered clindamycin phosphate 300 mg to be administered. The available concentration is 900 mg per 6 ml. What is the correct dose to be administered?,2 ml,4 ml,6 ml,8 ml,2 ml,"To administer 300 mg, the nurse calculates that 2 ml of a 900 mg/6 ml solution is needed.",,RN. ZAHRA ACTIVITIES.pdf,2 ml delivers the correct dose of clindamycin based on the available concentration.,التمريض العام,
"Q379: A nurse checks the medication chart of a patient, which has the following order; Paracetamol 500 mg P.O. QID. How many times a day should the nurse administer the medication?",Once,Twice,Three times,Four times,Four times,Paracetamol 500 mg QID means the medication should be given four times a day.,,RN. ZAHRA ACTIVITIES.pdf,"QID stands for four times a day, so the nurse should administer the medication four times.",التمريض العام,
Q380: The doctor orders 600 ml of drug during 10 hours. How many minutes for 15 ml of the drug?,15 minutes,20 minutes,25 minutes,30 minutes,15 minutes,"To calculate the time for 15 ml, the nurse divides the total time by the volume, finding that it takes 15 minutes for 15 ml.",,RN. ZAHRA ACTIVITIES.pdf,"Using the volume and time, the nurse can determine how often to administer the drug.",التمريض العام,
Q381: Vitamin K dose in newborn?,0.25 mg,0.5 mg,1 mg,2 mg,1 mg,"Vitamin K is administered to newborns to prevent hemorrhagic disease, and the standard dose is 1 mg.",,RN. ZAHRA ACTIVITIES.pdf,The 1 mg dose is the standard for newborns to prevent Vitamin K deficiency bleeding.,التمريض العام,
Q382: A nurse is assigned to care for a patient in the medical ward who has a physician order of 1500 ml of normal saline 0.9% to be administered over 12 hours. Which of the following is the infusion rate?,75 ml/hour,100 ml/hour,125 ml/hour,150 ml/hour,125 ml/hour,"To administer 1500 ml over 12 hours, the nurse calculates the required rate to be 125 ml/hour.",,RN. ZAHRA ACTIVITIES.pdf,The infusion rate ensures the patient receives the required fluid over the prescribed time.,التمريض العام,
"Q383: The following syringe contains 2 gm of morphine sulfate, how many grams are there in 1 ml?",0.5 gm,1 gm,2 gm,4 gm,1 gm,"The nurse calculates that the syringe concentration is 2 gm per 2 ml, so the concentration is 1 gm per ml.",,RN. ZAHRA ACTIVITIES.pdf,Understanding the concentration of medications helps ensure the correct dose is administered.,التمريض العام,
"Q384: The following syringe contains morphine sulfate in a concentration of 2 mg/cc, how much total morphine this syringe contains?",0.5 mg,1 mg,2 mg,4 mg,4 mg,"The syringe contains 2 mg per 1 ml (cc), so for a 2 ml syringe, the total amount of morphine is 4 mg.",,RN. ZAHRA ACTIVITIES.pdf,The total morphine in the syringe is determined by the concentration and the total volume.,التمريض العام,
"Q385: Doctor order to give 75 ml per hour over 12 hours of normal saline, how many ml total should be given?",450 ml,600 ml,900 ml,1000 ml,900 ml,The nurse calculates the total volume by multiplying the hourly rate (75 ml) by the total time (12 hours).,,RN. ZAHRA ACTIVITIES.pdf,The total volume of saline to be administered is 900 ml over 12 hours.,التمريض العام,
Q386: The patient weighs 67 kg. He is receiving a drug at 30 mg/kg/24 hr. How many grams should the nurse give for 24 hours?,5 g,1.5 g,1 g,2 g,2 g,The nurse calculates the total dose based on the patient’s weight and the prescribed dose per kilogram.,,RN. ZAHRA ACTIVITIES.pdf,"The nurse calculates 30 mg per kg for the patient’s weight, yielding a total of 2 g for 24 hours.",التمريض العام,
Q387: A nurse is preparing to administer a dose of Theo-Dur 30 mg and the available concentration is 15 mg per 5 ml. How many ml should be administered?,5 ml,10 ml,15 ml,20 ml,10 ml,"To administer 30 mg, the nurse needs to give 10 ml based on the concentration of 15 mg per 5 ml.",,RN. ZAHRA ACTIVITIES.pdf,10 ml delivers the correct dose of Theo-Dur.,التمريض العام,
Q388: A nurse is preparing an IV medication order for 100 mg of hydrocortisone. The available concentration is 200 mg per 5 ml. How many ml should the nurse administer?,2 ml,3 ml,4 ml,5 ml,2.5 ml,"To administer 100 mg, the nurse needs 2.5 ml from a concentration of 200 mg per 5 ml.",,RN. ZAHRA ACTIVITIES.pdf,2.5 ml delivers the correct dose based on the available concentration.,التمريض العام,
Q389: A nurse is preparing an IV infusion of 2000 ml of Ringer's lactate over 12 hours. The administration set delivers 15 drops per ml. How many drops per minute should be administered?,14,24,42,56,42 drops/min,"To administer 2000 ml over 12 hours with 15 drops/ml, the nurse calculates the drip rate as 42 drops per minute.",,RN. ZAHRA ACTIVITIES.pdf,42 drops per minute ensures the correct infusion rate.,التمريض العام,
"Q390: A nurse is preparing a medication for intravenous infusion. The order is for 300 mg of medication, and the available concentration is 600 mg per 10 ml. How many ml should the nurse administer?",5 ml,6 ml,7 ml,8 ml,5 ml,"To administer 300 mg, 5 ml is required from a 600 mg per 10 ml solution.",,RN. ZAHRA ACTIVITIES.pdf,5 ml delivers the correct dose based on the concentration.,التمريض العام,
Q391: A nurse is preparing a dose of 150 mg of medication. The available concentration is 75 mg per 5 ml. How many ml should be administered?,5 ml,7.5 ml,10 ml,12.5 ml,10 ml,"To administer 150 mg, the nurse needs to give 10 ml based on the available concentration of 75 mg per 5 ml.",,RN. ZAHRA ACTIVITIES.pdf,10 ml delivers the correct dose from the 75 mg/5 ml concentration.,التمريض العام,
Q392: A nurse is caring for a patient with a diagnosis of congestive heart failure. The physician orders 2 liters of normal saline over 48 hours. What is the required infusion rate in ml per hour?,40 ml/hour,45 ml/hour,50 ml/hour,55 ml/hour,41.7 ml/hour,"To administer 2 liters (2000 ml) over 48 hours, the nurse calculates the infusion rate as 41.7 ml/hour.",,RN. ZAHRA ACTIVITIES.pdf,41.7 ml/hour ensures the appropriate volume is delivered over 48 hours.,التمريض العام,
Q393: A nurse is preparing a medication order for 250 mg of a drug. The available concentration is 50 mg per 2 ml. How many ml should the nurse administer?,4 ml,6 ml,8 ml,10 ml,10 ml,"To administer 250 mg, 10 ml is required from a 50 mg per 2 ml concentration.",,RN. ZAHRA ACTIVITIES.pdf,10 ml delivers the correct dose of the medication.,التمريض العام,
Q394: A nurse is preparing to administer 30 mg of Theo-Dur. The available concentration is 15 mg per 5 ml. How many ml should the nurse administer?,5 ml,10 ml,15 ml,20 ml,10 ml,"To administer 30 mg, the nurse needs 10 ml based on the concentration of 15 mg per 5 ml.",,RN. ZAHRA ACTIVITIES.pdf,10 ml delivers the correct dose of Theo-Dur.,التمريض العام,
Q395: A nurse is preparing an IV infusion of 1000 ml of normal saline over 6 hours. What is the required infusion rate in ml per hour?,100 ml/hour,150 ml/hour,167 ml/hour,175 ml/hour,167 ml/hour,"To administer 1000 ml over 6 hours, the nurse calculates the infusion rate as 167 ml/hour.",,RN. ZAHRA ACTIVITIES.pdf,167 ml/hour is the correct rate for this infusion.,التمريض العام,
"Q396: A nurse is caring for a patient who is receiving IV medication. The doctor orders 300 mg of medication, and the available concentration is 600 mg per 10 ml. How many ml should the nurse administer?",5 ml,6 ml,7 ml,8 ml,5 ml,"To administer 300 mg, the nurse calculates that 5 ml is required from a 600 mg/10 ml solution.",,RN. ZAHRA ACTIVITIES.pdf,5 ml delivers the correct dose based on the available concentration.,التمريض العام,
Q397: A nurse is preparing an IV infusion of 3000 ml of Ringer’s lactate over 24 hours. What is the infusion rate in ml per hour?,120 ml/hour,125 ml/hour,150 ml/hour,175 ml/hour,125 ml/hour,"To administer 3000 ml over 24 hours, the nurse calculates the infusion rate as 125 ml/hour.",,RN. ZAHRA ACTIVITIES.pdf,125 ml/hour ensures the infusion rate is correct over 24 hours.,التمريض العام,
Q398: A nurse is preparing to administer 500 mg of a medication. The available concentration is 250 mg per 5 ml. How many ml should be administered?,5 ml,6 ml,7 ml,10 ml,10 ml,"To administer 500 mg, 10 ml is required from a 250 mg/5 ml solution.",,RN. ZAHRA ACTIVITIES.pdf,10 ml delivers the correct dose based on the available concentration.,التمريض العام,
Q399: A nurse is preparing to administer an IV medication of 100 mg. The available concentration is 200 mg per 5 ml. How many ml should the nurse administer?,2 ml,3 ml,4 ml,5 ml,2.5 ml,"To administer 100 mg, 2.5 ml is required from a 200 mg/5 ml solution.",,RN. ZAHRA ACTIVITIES.pdf,2.5 ml delivers the correct dose based on the available concentration.,التمريض العام,
Q400: A nurse is preparing to administer a dose of Theo-Dur 30 mg and the available concentration is 15 mg per 5 ml. How many ml should be administered?,5 ml,10 ml,15 ml,20 ml,10 ml,"To administer 30 mg, the nurse needs to give 10 ml based on the concentration of 15 mg per 5 ml.",,RN. ZAHRA ACTIVITIES.pdf,10 ml delivers the correct dose of Theo-Dur.,التمريض العام,
Q401: A nurse is preparing an IV medication order for 100 mg of hydrocortisone. The available concentration is 200 mg per 5 ml. How many ml should the nurse administer?,2 ml,3 ml,4 ml,5 ml,2.5 ml,"To administer 100 mg, the nurse needs 2.5 ml from a concentration of 200 mg per 5 ml.",,RN. ZAHRA ACTIVITIES.pdf,2.5 ml delivers the correct dose based on the available concentration.,التمريض العام,
Q402: A nurse is preparing an IV infusion of 2000 ml of Ringer's lactate over 12 hours. The administration set delivers 15 drops per ml. How many drops per minute should be administered?,14,24,42,56,42 drops/min,"To administer 2000 ml over 12 hours with 15 drops/ml, the nurse calculates the drip rate as 42 drops per minute.",,RN. ZAHRA ACTIVITIES.pdf,42 drops per minute ensures the correct infusion rate.,التمريض العام,
"Q403: A nurse is preparing a medication for intravenous infusion. The order is for 300 mg of medication, and the available concentration is 600 mg per 10 ml. How many ml should the nurse administer?",5 ml,6 ml,7 ml,8 ml,5 ml,"To administer 300 mg, 5 ml is required from a 600 mg per 10 ml solution.",,RN. ZAHRA ACTIVITIES.pdf,5 ml delivers the correct dose based on the concentration.,التمريض العام,
Q404: A nurse is preparing a dose of 150 mg of medication. The available concentration is 75 mg per 5 ml. How many ml should be administered?,5 ml,7.5 ml,10 ml,12.5 ml,10 ml,"To administer 150 mg, the nurse needs to give 10 ml based on the available concentration of 75 mg per 5 ml.",,RN. ZAHRA ACTIVITIES.pdf,10 ml delivers the correct dose from the 75 mg/5 ml concentration.,التمريض العام,
Q405: A nurse is caring for a patient with a diagnosis of congestive heart failure. The physician orders 2 liters of normal saline over 48 hours. What is the required infusion rate in ml per hour?,40 ml/hour,45 ml/hour,50 ml/hour,55 ml/hour,41.7 ml/hour,"To administer 2 liters (2000 ml) over 48 hours, the nurse calculates the infusion rate as 41.7 ml/hour.",,RN. ZAHRA ACTIVITIES.pdf,41.7 ml/hour ensures the appropriate volume is delivered over 48 hours.,التمريض العام,
Q406: A nurse is preparing a medication order for 250 mg of a drug. The available concentration is 50 mg per 2 ml. How many ml should the nurse administer?,4 ml,6 ml,8 ml,10 ml,10 ml,"To administer 250 mg, 10 ml is required from a 50 mg per 2 ml concentration.",,RN. ZAHRA ACTIVITIES.pdf,10 ml delivers the correct dose of the medication.,التمريض العام,
Q407: A nurse is preparing to administer 30 mg of Theo-Dur. The available concentration is 15 mg per 5 ml. How many ml should the nurse administer?,5 ml,10 ml,15 ml,20 ml,10 ml,"To administer 30 mg, the nurse needs 10 ml based on the concentration of 15 mg per 5 ml.",,RN. ZAHRA ACTIVITIES.pdf,10 ml delivers the correct dose of Theo-Dur.,التمريض العام,
Q408: A nurse is preparing an IV infusion of 1000 ml of normal saline over 6 hours. What is the required infusion rate in ml per hour?,100 ml/hour,150 ml/hour,167 ml/hour,175 ml/hour,167 ml/hour,"To administer 1000 ml over 6 hours, the nurse calculates the infusion rate as 167 ml/hour.",,RN. ZAHRA ACTIVITIES.pdf,167 ml/hour is the correct rate for this infusion.,التمريض العام,
"Q409: A nurse is caring for a patient who is receiving IV medication. The doctor orders 300 mg of medication, and the available concentration is 600 mg per 10 ml. How many ml should the nurse administer?",5 ml,6 ml,7 ml,8 ml,5 ml,"To administer 300 mg, the nurse calculates that 5 ml is required from a 600 mg/10 ml solution.",,RN. ZAHRA ACTIVITIES.pdf,5 ml delivers the correct dose based on the available concentration.,التمريض العام,
Q410: A nurse is preparing an IV infusion of 3000 ml of Ringer’s lactate over 24 hours. What is the infusion rate in ml per hour?,120 ml/hour,125 ml/hour,150 ml/hour,175 ml/hour,125 ml/hour,"To administer 3000 ml over 24 hours, the nurse calculates the infusion rate as 125 ml/hour.",,RN. ZAHRA ACTIVITIES.pdf,125 ml/hour ensures the infusion rate is correct over 24 hours.,التمريض العام,
Q411: A nurse is preparing to administer 500 mg of a medication. The available concentration is 250 mg per 5 ml. How many ml should be administered?,5 ml,6 ml,7 ml,10 ml,10 ml,"To administer 500 mg, 10 ml is required from a 250 mg/5 ml solution.",,RN. ZAHRA ACTIVITIES.pdf,10 ml delivers the correct dose based on the available concentration.,التمريض العام,
Q412: A nurse is preparing to administer an IV medication of 100 mg. The available concentration is 200 mg per 5 ml. How many ml should the nurse administer?,2 ml,3 ml,4 ml,5 ml,2.5 ml,"To administer 100 mg, 2.5 ml is required from a 200 mg/5 ml solution.",,RN. ZAHRA ACTIVITIES.pdf,2.5 ml delivers the correct dose based on the available concentration.,التمريض العام,
Q413: A nurse received the serum digoxin level result for the patient and notes that the result is 2.6 ng/mL. The normal value for digoxin (men) is 0.8-2 ng/mL. What is the most important nursing action?,Notify the physician,Withhold the next dose,Increase the IV rate,Reassure the patient,Withhold the next dose,The nurse should withhold the next dose to avoid toxicity from the elevated serum digoxin level.,,RN. ZAHRA ACTIVITIES.pdf,Withholding the dose prevents potential toxicity from high serum levels of digoxin.,التمريض العام,
Q414: A patient is being admitted to the medical unit with orders for fluid restriction of 1400 ml/24 hours. He is receiving IV medications in 50 ml solutions QID. How much fluid should the nurse allocate for care intake in 24 hours?,400 ml,800 ml,1000 ml,1200 ml,1200 ml,"After administering the required IV medications (200 ml total), the nurse has 1200 ml remaining for the patient’s total care intake in 24 hours.",,RN. ZAHRA ACTIVITIES.pdf,The nurse allocates the remaining fluid according to the prescribed restriction.,التمريض العام,
Q415: A nurse is preparing an order of Amydramine 30 mg PO BD. The available concentration is 15 mg/5 ml. What is the correct dosage of the medication to be administered?,5 ml,10 ml,15 ml,20 ml,10 ml,"To administer 30 mg, the nurse calculates that 10 ml is required from a 15 mg/5 ml solution.",,RN. ZAHRA ACTIVITIES.pdf,10 ml of the solution delivers 30 mg based on the concentration.,التمريض العام,
Q416: A nurse is preparing a medication order of 100 mg IV stat. The available hydrocortisone concentration is 200 mg per 5 ml. What is the correct administered dose?,2.5 ml,3 ml,4 ml,5 ml,2.5 ml,"To administer 100 mg, 2.5 ml is required from a 200 mg/5 ml solution.",,RN. ZAHRA ACTIVITIES.pdf,2.5 ml delivers the correct dose of hydrocortisone based on the available concentration.,التمريض العام,
Q417: A nurse is preparing to administer an intravenous infusion of 2000 ml of Ringer’s lactate over 12 hours. The administration set delivers 15 drops per ml. How many drops per minute should be administered?,42,56,72,90,42 drops/min,"To administer 2000 ml over 12 hours with 15 drops/ml, the nurse calculates the required drip rate to be 42 drops per minute.",,RN. ZAHRA ACTIVITIES.pdf,42 drops per minute ensures that the infusion is delivered correctly over the prescribed time.,التمريض العام,
Q418: A doctor orders to give medication x 300 mg and the available concentration is 900 mg/6 ml. How many ml should the nurse administer?,1 ml,2 ml,3 ml,4 ml,2 ml,"To administer 300 mg, the nurse calculates that 2 ml is needed based on the available concentration of 900 mg/6 ml.",,RN. ZAHRA ACTIVITIES.pdf,2 ml delivers the correct dose based on the available concentration.,التمريض العام,
Q419: A 56-year-old man was admitted with complaints of shortness of breath. The nurse is preparing to administer an infusion of 1000 ml of saline over six hours. What is the hourly infusion rate?,155 ml,167 ml,190 ml,200 ml,167 ml,The nurse divides 1000 ml by 6 hours to determine that 167 ml per hour is the required infusion rate.,,RN. ZAHRA ACTIVITIES.pdf,The infusion rate ensures the correct amount of fluid is administered over the prescribed time.,التمريض العام,
Q420: A doctor orders Heparin 10000 units OD S/C with a solution concentration of 40000 units/ml. How many ml should be administered?,0.25 ml,0.5 ml,1 ml,2 ml,0.25 ml,"To administer 10,000 units, 0.25 ml is required from a 40,000 units/ml solution.",,RN. ZAHRA ACTIVITIES.pdf,0.25 ml delivers the correct dose of heparin.,التمريض العام,
Q421: The doctor orders 600 ml of drug to be given over 10 hours. How many minutes for 15 ml of the drug?,15,20,25,30,15 minutes,"To administer 15 ml, the nurse divides the total time (10 hours) to calculate how many minutes for the given dose.",,RN. ZAHRA ACTIVITIES.pdf,"By calculating the time per dose, the nurse can administer the drug appropriately.",التمريض العام,
Q422: A physician has ordered clindamycin phosphate 300 mg to be administered. The available concentration is 900 mg per 6 ml. What is the correct dose to be administered?,2 ml,4 ml,6 ml,8 ml,2 ml,"To administer 300 mg, the nurse calculates that 2 ml of a 900 mg/6 ml solution is needed.",,RN. ZAHRA ACTIVITIES.pdf,2 ml delivers the correct dose of clindamycin based on the available concentration.,التمريض العام,
Q423: A nurse is checking the medication chart of a patient with an order for Paracetamol 500 mg PO QID. How many times per day should the nurse administer the medication?,Once,Twice,Three times,Four times,Four times,Paracetamol 500 mg QID means the medication should be given four times a day.,,RN. ZAHRA ACTIVITIES.pdf,"QID stands for four times a day, so the nurse should administer the medication four times.",التمريض العام,
Q424: The doctor orders 600 ml of drug during 10 hours. How many minutes for 15 ml of the drug?,15,20,25,30,15 minutes,"To calculate the time for 15 ml, the nurse divides the total time by the volume, finding that it takes 15 minutes for 15 ml.",,RN. ZAHRA ACTIVITIES.pdf,"Using the volume and time, the nurse can determine how often to administer the drug.",التمريض العام,
Q425: The vitamin K dose for a newborn is:,0.25 mg,0.5 mg,1 mg,2 mg,1 mg,The standard dose of vitamin K for newborns is 1 mg to prevent hemorrhagic disease of the newborn.,,RN. ZAHRA ACTIVITIES.pdf,The 1 mg dose is the correct standard for newborns.,التمريض العام,
Q426: A nurse is assigned to care for a patient in the medical ward with an order of 1500 ml of normal saline to be administered over 12 hours. What is the infusion rate in ml per hour?,75 ml/hour,100 ml/hour,125 ml/hour,150 ml/hour,125 ml/hour,"To administer 1500 ml over 12 hours, the nurse calculates the required infusion rate as 125 ml/hour.",,RN. ZAHRA ACTIVITIES.pdf,The infusion rate ensures the correct amount of fluid is administered over the prescribed time.,التمريض العام,
Q427: The following syringe contains 2 gm of morphine sulfate. How many grams are there in 1 ml?,0.5 gm,1 gm,2 gm,4 gm,1 gm,"The concentration is 2 gm per 2 ml, so the concentration is 1 gm per ml.",,RN. ZAHRA ACTIVITIES.pdf,1 gm per ml is the concentration.,التمريض العام,
Q428: The following syringe contains morphine sulfate in a concentration of 2 mg/cc. How much total morphine does this syringe contain?,0.5 mg,1 mg,2 mg,4 mg,4 mg,"The syringe contains 2 mg per 1 ml (cc), so for a 2 ml syringe, the total amount of morphine is 4 mg.",,RN. ZAHRA ACTIVITIES.pdf,4 mg is the total amount of morphine in the syringe.,التمريض العام,
Q429: A doctor orders to give 75 ml per hour over 12 hours of normal saline. How many ml total should be given?,450 ml,600 ml,900 ml,1000 ml,900 ml,The nurse calculates the total volume by multiplying the hourly rate (75 ml) by the total time (12 hours).,,RN. ZAHRA ACTIVITIES.pdf,900 ml is the total volume to be administered over 12 hours.,التمريض العام,
Q430: The patient weighs 67 kg. He is receiving a drug at 30 mg/kg/24 hr. How many grams should the nurse give for 24 hours?,5 g,1.5 g,1 g,2 g,2 g,The nurse calculates the total dose by multiplying the weight (67 kg) by the prescribed dose (30 mg/kg).,,RN. ZAHRA ACTIVITIES.pdf,2 g is the total dose for 24 hours based on the patient’s weight.,التمريض العام,
Q431: A nurse received the serum digoxin level result for the patient and notes that the result is 2.6 ng/mL. The normal value for digoxin (men) is 0.8-2 ng/mL. What is the most important nursing action?,Notify the physician,Withhold the next dose,Increase the IV rate,Reassure the patient,Withhold the next dose,"To prevent potential toxicity from the elevated digoxin level, the next dose should be withheld.",,RN. ZAHRA ACTIVITIES.pdf,Withholding the next dose helps prevent possible toxicity.,التمريض العام,
Q432: A patient is being admitted with fluid restriction of 1400 ml/24 hours. He is receiving IV medications in 50 ml solutions QID. How much fluid should the nurse allocate for care intake?,400 ml,800 ml,1000 ml,1200 ml,1200 ml,"After administering IV meds (200 ml total), the nurse has 1200 ml remaining for total fluid intake.",,RN. ZAHRA ACTIVITIES.pdf,1200 ml is the amount left for the patient’s total care intake.,التمريض العام,
Q433: A nurse is preparing an order of Amydramine 30 mg PO BD. The available concentration is 15 mg/5 ml. How many ml should be administered?,5 ml,10 ml,15 ml,20 ml,10 ml,"To administer 30 mg, the nurse calculates that 10 ml is needed from the 15 mg/5 ml concentration.",,RN. ZAHRA ACTIVITIES.pdf,10 ml delivers the correct dose from the available concentration.,التمريض العام,
Q434: A nurse is preparing a medication order of 100 mg IV stat. The available concentration is 200 mg/5 ml. How many ml should be administered?,2 ml,3 ml,4 ml,5 ml,2.5 ml,"To administer 100 mg, 2.5 ml is required from a 200 mg/5 ml solution.",,RN. ZAHRA ACTIVITIES.pdf,2.5 ml is the correct dose of hydrocortisone.,التمريض العام,
Q435: A nurse is preparing an intravenous infusion of 2000 ml of Ringer's lactate over 12 hours. The administration set delivers 15 drops per ml. How many drops per minute should be administered?,14,24,42,56,42 drops/min,"To administer 2000 ml over 12 hours with 15 drops/ml, the nurse calculates the required drip rate of 42 drops per minute.",,RN. ZAHRA ACTIVITIES.pdf,42 drops per minute ensures the proper rate.,التمريض العام,
Q436: Doctor order to give medication x 300 mg and available concentration is 900 mg/6 ml. How many ml should the nurse administer?,1.2 ml,2 ml,3 ml,4 ml,2 ml,"To administer 300 mg, 2 ml is required from the 900 mg/6 ml solution.",,RN. ZAHRA ACTIVITIES.pdf,2 ml delivers the correct dose.,التمريض العام,
Q437: A 56-year-old man is admitted with complaints of shortness of breath. The nurse is preparing to administer 1000 ml saline over 6 hours. What is the hourly infusion rate?,155 ml,167 ml,190 ml,200 ml,167 ml,The nurse divides 1000 ml by 6 hours to calculate an infusion rate of 167 ml/hour.,,RN. ZAHRA ACTIVITIES.pdf,167 ml/hour is the correct rate.,التمريض العام,
Q438: A doctor orders Heparin 10000 units OD S/C with a solution concentration of 40000 units/ml. How many ml should be administered?,0.25 ml,0.5 ml,1 ml,2 ml,0.25 ml,"To administer 10,000 units, 0.25 ml is required from the 40,000 units/ml solution.",,RN. ZAHRA ACTIVITIES.pdf,0.25 ml delivers the correct dose.,التمريض العام,
Q439: The doctor orders 600 ml of drug during 10 hours. How many minutes for 15 ml of the drug?,15,20,25,30,15 minutes,"To calculate the time for 15 ml, the nurse divides the total time (10 hours) by the volume to find that 15 minutes is needed.",,RN. ZAHRA ACTIVITIES.pdf,"Using the total volume and time, the nurse calculates the correct time for 15 ml.",التمريض العام,
Q440: A physician has ordered clindamycin phosphate 300 mg to be administered. The available concentration is 900 mg/6 ml. How many ml should be administered?,2 ml,4 ml,6 ml,8 ml,2 ml,"To administer 300 mg, 2 ml of the 900 mg/6 ml solution is needed.",,RN. ZAHRA ACTIVITIES.pdf,2 ml delivers the correct dose.,التمريض العام,
Q441: A nurse checks the medication chart of a patient with an order for Paracetamol 500 mg PO QID. How many times per day should the nurse administer the medication?,Once,Twice,Three times,Four times,Four times,QID means the medication should be given four times a day.,,RN. ZAHRA ACTIVITIES.pdf,QID indicates four times a day.,التمريض العام,
Q442: The doctor orders 600 ml of drug during 10 hours. How many minutes for 15 ml of the drug?,15 minutes,20 minutes,25 minutes,30 minutes,15 minutes,"To administer 15 ml, the nurse divides the total time (10 hours) to calculate the correct time for the dose.",,RN. ZAHRA ACTIVITIES.pdf,Calculating time ensures the correct administration speed.,التمريض العام,
Q443: The vitamin K dose for a newborn is:,0.25 mg,0.5 mg,1 mg,2 mg,1 mg,The standard dose of Vitamin K for newborns is 1 mg to prevent hemorrhagic disease.,,RN. ZAHRA ACTIVITIES.pdf,1 mg is the standard preventive dose for newborns.,التمريض العام,
Q444: A nurse is assigned to care for a patient in the medical ward with an order for 1500 ml of normal saline 0.9% to be administered over 12 hours. What is the infusion rate in ml per hour?,75 ml/hour,100 ml/hour,125 ml/hour,150 ml/hour,125 ml/hour,The nurse calculates that 1500 ml over 12 hours requires an infusion rate of 125 ml/hour.,,RN. ZAHRA ACTIVITIES.pdf,125 ml/hour is the infusion rate.,التمريض العام,
Q445: The following syringe contains 2 gm of morphine sulfate. How many grams are there in 1 ml?,0.5 gm,1 gm,2 gm,4 gm,1 gm,"The concentration is 2 gm per 2 ml, so the concentration is 1 gm per ml.",,RN. ZAHRA ACTIVITIES.pdf,1 gm per ml is the concentration.,التمريض العام,
Q446: The following syringe contains morphine sulfate in a concentration of 2 mg/cc. How much total morphine does this syringe contain?,0.5 mg,1 mg,2 mg,4 mg,4 mg,"2 mg per ml, so for a 2 ml syringe, the total morphine content is 4 mg.",,RN. ZAHRA ACTIVITIES.pdf,4 mg is the total morphine in the syringe.,التمريض العام,
Q447: A doctor orders to give 75 ml per hour over 12 hours of normal saline. How many ml total should be given?,450 ml,600 ml,900 ml,1000 ml,900 ml,"To administer 75 ml per hour over 12 hours, the nurse calculates a total of 900 ml.",,RN. ZAHRA ACTIVITIES.pdf,900 ml is the total amount of saline to be administered.,التمريض العام,
Q448: The patient weighs 67 kg. He is receiving a drug at 30 mg/kg/24 hr. How many grams should the nurse give for 24 hours?,5 g,1.5 g,1 g,2 g,2 g,The nurse calculates the total dose by multiplying 30 mg per kg by the patient’s weight.,,RN. ZAHRA ACTIVITIES.pdf,2 g is the total dose for 24 hours.,التمريض العام,
Q449: A nurse observes that the patient’s heart rate has significantly increased. What should the nurse do first?,Notify the physician,Withhold the next dose,Increase the IV rate,Reassure the patient,Assess vital signs and administer the prescribed medication to control the heart rate.,Assessing vital signs is crucial in identifying and addressing the underlying cause of the increased heart rate.,,RN. ZAHRA ACTIVITIES.pdf,Heart rate monitoring and appropriate intervention ensure patient safety and prevent complications from arrhythmias.,التمريض العام,
"Q450: During the nurse’s assessment, the patient’s wound dressing is soaked with blood. What should the nurse do immediately?",Apply pressure to the dressing,Administer antibiotics,Encourage deep breathing,Monitor vital signs,"Apply pressure to the dressing, assess for any signs of internal bleeding, and notify the physician.",Stopping any active bleeding is the priority to prevent further complications.,,RN. ZAHRA ACTIVITIES.pdf,Quick action prevents further blood loss and allows for timely medical intervention.,التمريض العام,
Q451: The patient complains of severe pain at the surgical site. What is the nurse’s priority intervention?,Administer prescribed pain medication,Assess the surgical site for infection,Encourage deep breathing exercises,Change the dressing,Administer prescribed pain medication and assess the site for any complications.,Prompt pain management improves patient comfort and can also prevent postoperative complications.,,RN. ZAHRA ACTIVITIES.pdf,Early intervention with pain management helps in preventing delayed recovery and poor outcomes.,التمريض العام,
Q452: The patient has a history of chronic obstructive pulmonary disease (COPD) and is now experiencing shortness of breath. What is the nurse’s first priority?,Administer bronchodilators,Increase oxygen therapy,Encourage coughing and deep breathing,Administer pain medication,Administer bronchodilators and assess the patient's oxygen saturation levels.,"Bronchodilators relax the bronchial muscles and help open the airways, facilitating better airflow.",,RN. ZAHRA ACTIVITIES.pdf,Bronchodilators are essential in relieving airway constriction in COPD exacerbations.,التمريض العام,
"Q453: The patient has been ordered 100 mg of morphine for post-surgical pain, but the nurse notices the patient is drowsy and has shallow breathing. What is the nurse’s first priority?",Administer naloxone,Withhold the next dose,Increase the IV rate,Monitor vital signs,Assess the patient's respiratory status and withhold further morphine until further evaluation by the physician.,"Over-sedation and respiratory depression are common complications of opioid administration, which require monitoring.",,RN. ZAHRA ACTIVITIES.pdf,"Respiratory status monitoring ensures patient safety, preventing overdose or respiratory arrest.",التمريض العام,
Q454: The patient is unable to void after surgery. What is the nurse’s next step?,Perform bladder scan,Insert a Foley catheter,Encourage fluid intake,Provide pain medication,Assess for bladder distention and prepare for possible catheterization if the patient is unable to void spontaneously.,Assessing the bladder helps determine if urinary retention is the cause of the problem.,,RN. ZAHRA ACTIVITIES.pdf,Bladder assessment and appropriate catheterization can relieve urinary retention and prevent further complications.,التمريض العام,
Q455: The patient’s oxygen saturation level drops below 90%. What is the priority nursing action?,Increase the oxygen flow rate,Monitor vital signs,Encourage the patient to deep breathe,Administer a bronchodilator,Increase oxygen delivery and assess the patient for signs of respiratory distress.,Improved oxygen saturation is the first priority to prevent complications like hypoxia or respiratory failure.,,RN. ZAHRA ACTIVITIES.pdf,Oxygen is essential in maintaining adequate tissue oxygenation and preventing complications in post-operative recovery.,التمريض العام,
Q456: The patient is receiving IV fluids post-surgery. The nurse notes swelling at the IV insertion site. What should the nurse do?,Increase the flow rate,Remove the IV and assess the site,Administer pain medication,Notify the physician,Remove the IV and assess the site for infiltration or phlebitis. Notify the physician if necessary.,"Swelling may indicate infiltration or phlebitis, which can cause tissue damage or infection.",,RN. ZAHRA ACTIVITIES.pdf,Prompt removal and assessment of the IV site are important to prevent further complications.,التمريض العام,
Q457: The patient’s blood pressure drops significantly. What is the priority intervention?,Increase the IV fluid rate,Administer vasopressors,Monitor vital signs,Encourage deep breathing,"Increase the IV fluid rate, assess for signs of shock, and notify the physician.","Decreased blood pressure may indicate hypovolemia or shock, and fluid resuscitation is crucial to stabilize the patient.",,RN. ZAHRA ACTIVITIES.pdf,Fluid management and timely intervention can help prevent further complications.,التمريض العام,
Q458: The patient begins to show signs of infection at the surgical site. The nurse should:,Apply an antibiotic dressing,Change the dressing regularly,Notify the physician,Administer a tetanus shot,"Change the dressing regularly, clean the wound, and notify the physician for possible antibiotic therapy.",Regular dressing changes and infection control practices are key in preventing wound complications.,,RN. ZAHRA ACTIVITIES.pdf,Prompt infection control interventions prevent further complications and promote wound healing.,التمريض العام,
Q459: The nurse is preparing to administer a dose of 100 mg of hydrocodone. The available concentration is 200 mg per 5 ml. How much should the nurse administer?,2 ml,3 ml,4 ml,5 ml,2.5 ml,"To administer 100 mg, the nurse calculates the correct dose as 2.5 ml from a 200 mg/5 ml concentration.",,RN. ZAHRA ACTIVITIES.pdf,2.5 ml delivers the correct dose based on the available concentration.,التمريض العام,
Q460: The nurse is caring for a patient with diabetes. The patient reports fatigue and blurred vision. The nurse should:,Monitor blood glucose regularly,Administer insulin,Encourage exercise,Provide oral glucose,Monitor blood glucose levels to assess for hyperglycemia or hypoglycemia.,Monitoring blood glucose allows early detection of any abnormal fluctuations in glucose levels.,,RN. ZAHRA ACTIVITIES.pdf,Glucose monitoring helps guide appropriate interventions to manage diabetes and prevent complications.,التمريض العام,
Q461: A post-operative patient is experiencing significant nausea and vomiting. What should the nurse do first?,Administer antiemetics,Increase fluid intake,Encourage deep breathing,Provide pain relief,Administer antiemetic medications and assess the patient for dehydration.,Controlling nausea helps prevent dehydration and ensures the patient remains comfortable post-surgery.,,RN. ZAHRA ACTIVITIES.pdf,Antiemetic therapy prevents complications such as dehydration and aspiration after surgery.,التمريض العام,
Q462: A nurse is caring for a patient who is receiving a blood transfusion. The nurse notices the patient’s temperature rises. What is the priority intervention?,Stop the transfusion,Increase the infusion rate,Administer antipyretics,Notify the physician,"Stop the transfusion, assess vital signs, and notify the physician for further instructions.","An elevated temperature may indicate a transfusion reaction, requiring immediate intervention.",,RN. ZAHRA ACTIVITIES.pdf,Stopping the transfusion promptly ensures patient safety and prevents further complications.,التمريض العام,
Q463: The nurse is assessing a patient’s surgical site and notices red streaks along the incision. What is the most appropriate action?,Notify the physician,Apply antibiotic ointment,Clean the incision,Change the dressing,"Notify the physician, as this could indicate a developing infection.",Red streaks along the incision could be a sign of cellulitis or an infection spreading from the site.,,RN. ZAHRA ACTIVITIES.pdf,Promptly notifying the physician ensures that proper treatment is given to prevent further infection.,التمريض العام,
Q464: The nurse is caring for a patient with a tracheostomy. The patient is at risk for aspiration. What is the priority nursing intervention?,Ensure the tracheostomy tube is patent,Encourage deep breathing,Monitor oxygen saturation,Provide mouth care,Ensure the tracheostomy tube is patent to prevent aspiration and ensure adequate ventilation.,Keeping the tracheostomy tube clear and open is essential to prevent complications like aspiration.,,RN. ZAHRA ACTIVITIES.pdf,Patent airways are critical for preventing respiratory distress and complications like aspiration pneumonia.,التمريض العام,
Q465: The patient has just undergone a laparotomy and is complaining of severe abdominal cramps. What is the priority intervention?,Administer pain medication,Assess for gastrointestinal obstruction,Encourage deep breathing,Increase fluid intake,Assess for signs of gastrointestinal obstruction or ileus and administer pain relief as necessary.,Severe abdominal cramps post-laparotomy may indicate complications such as bowel obstruction or ileus.,,RN. ZAHRA ACTIVITIES.pdf,"Quick assessment helps identify complications like bowel obstruction, ensuring prompt intervention.",التمريض العام,
Q466: A nurse received the serum digoxin level result for the patient and notes that the result is 2.6 ng/mL. The normal value for digoxin (men) is 0.8-2 ng/mL. What is the most important nursing action?,Notify the physician,Withhold the next dose,Increase the IV rate,Reassure the patient,Withhold the next dose,The nurse should withhold the next dose to avoid toxicity from the elevated serum digoxin level.,,RN. ZAHRA ACTIVITIES.pdf,Withholding the dose prevents potential toxicity from high serum levels of digoxin.,التمريض العام,
Q467: A patient is being admitted to the medical unit with orders for fluid restriction of 1400 ml/24 hours. He is receiving IV medications in 50 ml solutions QID. How much fluid should the nurse allocate for care intake in 24 hours?,400 ml,800 ml,1000 ml,1200 ml,1200 ml,"After administering the required IV medications (200 ml total), the nurse has 1200 ml remaining for the patient’s total care intake in 24 hours.",,RN. ZAHRA ACTIVITIES.pdf,The nurse allocates the remaining fluid according to the prescribed restriction.,التمريض العام,
Q468: A nurse is preparing an order of Amydramine 30 mg PO BD. The available concentration is 15 mg/5 ml. What is the correct dosage of the medication to be administered?,5 ml,10 ml,15 ml,20 ml,10 ml,"To administer 30 mg, the nurse calculates that 10 ml is required from a 15 mg/5 ml solution.",,RN. ZAHRA ACTIVITIES.pdf,10 ml delivers the correct dose based on the available concentration.,التمريض العام,
Q469: A nurse is preparing a medication order of 100 mg IV stat. The available hydrocortisone concentration is 200 mg per 5 ml. What is the correct administered dose?,2 ml,3 ml,4 ml,5 ml,2.5 ml,"To administer 100 mg, the nurse needs 2.5 ml from a 200 mg/5 ml solution.",,RN. ZAHRA ACTIVITIES.pdf,2.5 ml delivers the correct dose based on the concentration.,التمريض العام,
Q470: A nurse is preparing to administer an intravenous infusion of 2000 ml of Ringer's lactate over 12 hours. The administration set delivers 15 drops per ml. How many drops per minute should be administered?,14,24,42,56,42 drops/min,"To administer 2000 ml over 12 hours with 15 drops/ml, the nurse calculates the required drip rate as 42 drops per minute.",,RN. ZAHRA ACTIVITIES.pdf,42 drops per minute ensures the proper rate.,التمريض العام,
Q471: Doctor orders to give medication x 300 mg and the available concentration is 900 mg/6 ml. How many ml should the nurse administer?,1.2 ml,2 ml,3 ml,4 ml,2 ml,"To administer 300 mg, 2 ml is required from a 900 mg/6 ml solution.",,RN. ZAHRA ACTIVITIES.pdf,2 ml delivers the correct dose.,التمريض العام,
Q472: A 56-year-old man was admitted with complaints of shortness of breath. The nurse is preparing to administer an infusion of saline 1000 ml over six hours. What is the hourly infusion rate that the nurse needs to infuse the therapy?,155 ml,167 ml,190 ml,200 ml,167 ml,The nurse divides 1000 ml by 6 hours to calculate an infusion rate of 167 ml/hour.,,RN. ZAHRA ACTIVITIES.pdf,167 ml/hour is the correct rate.,التمريض العام,
Q473: A doctor orders Heparin 10000 units OD S/C with a solution concentration of 40000 units/ml. How many ml should be administered?,0.25 ml,0.5 ml,1 ml,2 ml,0.25 ml,"To administer 10,000 units, 0.25 ml is required from the 40,000 units/ml solution.",,RN. ZAHRA ACTIVITIES.pdf,0.25 ml delivers the correct dose.,التمريض العام,
Q474: The doctor orders 600 ml of drug during 10 hours. How many minutes for 15 ml of the drug?,15 minutes,20 minutes,25 minutes,30 minutes,15 minutes,"To administer 15 ml, the nurse divides the total time (10 hours) by the volume to calculate that 15 minutes is needed.",,RN. ZAHRA ACTIVITIES.pdf,"Using the total volume and time, the nurse calculates the correct time for 15 ml.",التمريض العام,
Q475: A Physician has ordered clindamycin phosphate 300 mg to be administered. The available concentration is 900 mg/6 ml. What is the correct dose to be administered?,2 ml,4 ml,6 ml,8 ml,2 ml,"To administer 300 mg, 2 ml of the 900 mg/6 ml solution is needed.",,RN. ZAHRA ACTIVITIES.pdf,2 ml delivers the correct dose of clindamycin based on the available concentration.,التمريض العام,
Q476: A nurse checks the medication chart of a patient with an order for Paracetamol 500 mg PO QID. How many times per day should the nurse administer the medication?,Once,Twice,Three times,Four times,Four times,QID means the medication should be given four times a day.,,RN. ZAHRA ACTIVITIES.pdf,QID indicates four times a day.,التمريض العام,
Q477: The doctor orders 600 ml of drug during 10 hours. How many minutes for 15 ml of the drug?,15 minutes,20 minutes,25 minutes,30 minutes,15 minutes,"To administer 15 ml, the nurse divides the total time (10 hours) to calculate the correct time for the dose.",,RN. ZAHRA ACTIVITIES.pdf,Calculating time ensures the correct administration speed.,التمريض العام,
Q478: The vitamin K dose for a newborn is:,0.25 mg,0.5 mg,1 mg,2 mg,1 mg,The standard dose of Vitamin K for newborns is 1 mg to prevent hemorrhagic disease.,,RN. ZAHRA ACTIVITIES.pdf,1 mg is the standard preventive dose for newborns.,التمريض العام,
Q479: A nurse is assigned to care for a patient in the medical ward with an order for 1500 ml of normal saline 0.9% to be administered over 12 hours. What is the infusion rate in ml per hour?,75 ml/hour,100 ml/hour,125 ml/hour,150 ml/hour,125 ml/hour,"To administer 1500 ml over 12 hours, the nurse calculates the required infusion rate as 125 ml/hour.",,RN. ZAHRA ACTIVITIES.pdf,The infusion rate ensures the correct amount of fluid is administered over the prescribed time.,التمريض العام,
Q480: The following syringe contains 2 gm of morphine sulfate. How many grams are there in 1 ml?,0.5 gm,1 gm,2 gm,4 gm,1 gm,"The concentration is 2 gm per 2 ml, so the concentration is 1 gm per ml.",,RN. ZAHRA ACTIVITIES.pdf,1 gm per ml is the concentration.,التمريض العام,
Q481: The following syringe contains morphine sulfate in a concentration of 2 mg/cc. How much total morphine does this syringe contain?,0.5 mg,1 mg,2 mg,4 mg,4 mg,"2 mg per ml, so for a 2 ml syringe, the total morphine content is 4 mg.",,RN. ZAHRA ACTIVITIES.pdf,4 mg is the total morphine in the syringe.,التمريض العام,
Q482: Doctor orders to give 75 ml per hour over 12 hours of normal saline. How many ml total should be given?,450 ml,600 ml,900 ml,1000 ml,900 ml,"To administer 75 ml per hour over 12 hours, the nurse calculates a total of 900 ml.",,RN. ZAHRA ACTIVITIES.pdf,900 ml is the total amount of saline to be administered.,التمريض العام,
Q483: The patient weighs 67 kg. He is receiving a drug at 30 mg/kg/24 hr. How many grams should the nurse give for 24 hours?,5 g,1.5 g,1 g,2 g,2 g,The nurse calculates the total dose by multiplying 30 mg per kg by the patient’s weight.,,RN. ZAHRA ACTIVITIES.pdf,2 g is the total dose for 24 hours.,التمريض العام,
Q484: A nurse is preparing for a patient in the preoperative stage. The patient expresses fear of anesthesia. What should the nurse do?,Reassure the patient,Explain the anesthesia process,Ignore the fear,Contact the anesthesia team,Explain the anesthesia process and reassure the patient.,Explaining the process can reduce anxiety and provide clear expectations.,,RN. ZAHRA ACTIVITIES.pdf,Reassurance and explanation help alleviate anxiety in preoperative patients.,التمريض العام,
Q485: A patient complains of nausea after surgery. The nurse administers the prescribed antiemetic. What is the next priority?,Monitor vital signs,Reassess pain levels,Encourage the patient to eat,Prepare for discharge,Monitor vital signs and reassess the patient’s response to the medication.,Vital signs are crucial for detecting any adverse reactions to the medication.,,RN. ZAHRA ACTIVITIES.pdf,Monitoring vital signs helps in detecting side effects and ensuring patient stability.,التمريض العام,
Q486: A nurse is caring for a patient with a chest tube post-surgery. The nurse notices a sudden increase in drainage. What is the first action?,Notify the physician,Clamp the chest tube,Assess the patient’s vital signs,Reposition the patient,Assess the patient’s vital signs and notify the physician.,An increase in drainage could indicate a complication that requires immediate attention.,,RN. ZAHRA ACTIVITIES.pdf,Early detection of complications is vital for patient safety.,التمريض العام,
Q487: A nurse is caring for a patient with a spinal cord injury. What is the priority nursing action to prevent complications?,Encourage movement,Perform passive range-of-motion exercises,Apply compression stockings,Assess bowel and bladder function,Perform passive range-of-motion exercises to maintain joint mobility and prevent contractures.,Passive exercises help in preventing muscle atrophy and joint stiffness.,,RN. ZAHRA ACTIVITIES.pdf,Prevention of contractures is essential for spinal cord injury recovery.,التمريض العام,
Q488: A patient is recovering from abdominal surgery. The nurse notes that the patient has decreased bowel sounds. What is the first action?,Administer pain medication,Increase fluid intake,Monitor for other signs of obstruction,Reposition the patient,Monitor for other signs of obstruction and notify the physician.,Decreased bowel sounds may indicate an ileus or bowel obstruction that needs evaluation.,,RN. ZAHRA ACTIVITIES.pdf,Monitoring for further complications helps in early detection and treatment.,التمريض العام,
Q489: A nurse is caring for a patient with a fever after surgery. The patient is shivering and uncomfortable. What is the first action?,Warm the patient,Increase fluid intake,Monitor temperature,Administer antipyretics,Warm the patient using blankets to prevent chills and assess the temperature.,Warming the patient helps prevent shivering and ensures comfort.,,RN. ZAHRA ACTIVITIES.pdf,Temperature management is crucial for patient comfort and recovery.,التمريض العام,
Q490: A nurse is caring for a post-operative patient who reports feeling faint when sitting up. What should the nurse do first?,Encourage deep breathing,Help the patient back to bed,Assess for signs of hypotension,Administer fluids,Assess for signs of hypotension and help the patient lie down.,Postural hypotension is common after surgery and can lead to fainting or falls.,,RN. ZAHRA ACTIVITIES.pdf,Assessing for hypotension helps in managing fainting episodes effectively.,التمريض العام,
Q491: A nurse is preparing to administer an intravenous medication. The nurse notices that the patient's IV line is infiltrated. What should the nurse do first?,Increase the infusion rate,Remove the IV and insert a new one,Apply a warm compress to the site,Notify the physician,Remove the IV and insert a new one.,"Infiltration occurs when fluid or medication leaks into the tissue, requiring immediate action to prevent further complications.",,RN. ZAHRA ACTIVITIES.pdf,Proper management of IV infiltration prevents tissue damage and infection.,التمريض العام,
Q492: A nurse is caring for a post-operative patient with a surgical drain. The nurse notes that the drain is not draining as expected. What should the nurse do first?,Increase fluid intake,Reposition the patient,Assess the surgical site,Notify the physician,Assess the surgical site for any signs of blockage or complications.,Repositioning the patient or checking for blockages can resolve issues with drainage.,,RN. ZAHRA ACTIVITIES.pdf,Assessing the surgical site helps identify potential causes for the reduced drainage.,التمريض العام,
Q493: A nurse is caring for a patient recovering from a stroke. The patient is unable to speak clearly. What is the priority intervention?,Provide communication aids,Administer speech therapy,Encourage family involvement,Use simple communication methods,Provide communication aids and encourage the use of basic communication methods.,Communication aids help the patient express their needs and understand the situation.,,RN. ZAHRA ACTIVITIES.pdf,Encouraging effective communication improves patient outcomes and reduces frustration.,التمريض العام,
Q494: A patient has a known allergy to penicillin and requires antibiotics. What is the nurse’s first priority when administering the new antibiotic?,Assess for allergic reactions,Administer the prescribed dose,Monitor vital signs,Notify the physician,"Assess for allergic reactions, including any signs of anaphylaxis, before administering the medication.",Immediate assessment of allergic reactions is critical for patient safety.,,RN. ZAHRA ACTIVITIES.pdf,Ensuring patient safety by monitoring for allergies can prevent life-threatening reactions.,التمريض العام,
Q495: A nurse is caring for a patient with chronic kidney disease. The patient’s creatinine levels are elevated. What is the priority intervention?,Administer diuretics,Monitor urine output,Restrict fluids,Notify the physician,Monitor urine output and notify the physician for further evaluation.,Elevated creatinine levels indicate impaired kidney function and require medical intervention.,,RN. ZAHRA ACTIVITIES.pdf,Monitoring urine output helps track kidney function and informs the treatment plan.,التمريض العام,
Q496: A nurse is caring for a post-operative patient with a catheter. The nurse notes that the patient is complaining of discomfort and there is blood in the urine. What should the nurse do first?,Increase fluid intake,Assess the catheter for blockage,Administer pain medication,Notify the physician,Assess the catheter for blockage and check for any signs of infection.,Blood in the urine may indicate a complication such as catheter-associated infection or irritation.,,RN. ZAHRA ACTIVITIES.pdf,Immediate assessment of the catheter ensures proper management and prevents further complications.,التمريض العام,
"Q497: A nurse is supervising an assistant nurse and delegates an assignment to him, saying ""dividing up patient's assignments."" What type of leadership does this represent?",Autocratic,Laissez-faire,Situational,Transformational,Laissez-faire,"Delegating tasks without direct control reflects laissez-faire leadership, where responsibility is shared.",,RN. ZAHRA ACTIVITIES.pdf,"Delegating responsibilities efficiently reflects a less controlling leadership style, fostering autonomy.",التمريض العام,
"Q498: A nurse explains to a patient that an endoscopy tube will be inserted down the throat during a gastroscopy, causing gagging, but it must be swallowed. What type of communication is the nurse using?",Assertive,Interactive,Formative,Informative,Assertive,"The nurse's explanation is clear and direct, providing the necessary information confidently.",,RN. ZAHRA ACTIVITIES.pdf,Assertive communication ensures that the patient understands the procedure and prepares mentally.,التمريض العام,
"Q499: When the nurse knows the strengths and weaknesses of her personality, what is this considered?",Self-awareness,Self-understanding,Self-concept,Self-reflection,Self-concept,Understanding one's own strengths and weaknesses is integral to personal and professional growth.,,RN. ZAHRA ACTIVITIES.pdf,Self-concept enables the nurse to improve her practice by being aware of her capabilities and limitations.,التمريض العام,
Q(501): A home care patient with chronic obstructive pulmonary disease,Theo-Dur on an empty stomach,Theo- Dur and Azmacort at the same time,Theo- Dur and Azmacort 12 hours apart,Theo-Dur with milk or crackers,Theo-Dur with milk or crackers,Theo-Dur with milk or crackers is correct. This aligns with evidence-based nursing practice and professional standards of care.,,nursing_questions_501,"The correct answer is Theo-Dur with milk or crackers. This question tests important nursing knowledge related to patient care and clinical practice. The answer reflects evidence-based nursing standards and best practices established through research and clinical expertise. A thorough understanding of this concept includes its theoretical foundations, practical applications in various clinical settings, and its significance in providing high-quality patient care. Nurses must integrate knowledge from multiple disciplines, apply critical thinking skills, and maintain current knowledge of evolving practice standards. Further study of relevant nursing textbooks and professional literature would provide additional context and depth on this topic, enhancing clinical decision-making and patient outcomes.",التمريض العام,
Q(502): A 78-year-old woman who lives in a long-term care facility has been,To prevent mal absorption of medication,Decrease risk of gastrointestinal upset,Reduces effectiveness of medication,To make the urine acidic,To make the urine acidic,To make the urine acidic is correct. This aligns with evidence-based nursing practice and professional standards of care.,,nursing_questions_502,"The correct answer is To make the urine acidic. This question tests important nursing knowledge related to patient care and clinical practice. The answer reflects evidence-based nursing standards and best practices established through research and clinical expertise. A thorough understanding of this concept includes its theoretical foundations, practical applications in various clinical settings, and its significance in providing high-quality patient care. Nurses must integrate knowledge from multiple disciplines, apply critical thinking skills, and maintain current knowledge of evolving practice standards. Further study of relevant nursing textbooks and professional literature would provide additional context and depth on this topic, enhancing clinical decision-making and patient outcomes.",التمريض العام,
Q(503): A nurse received the serum digoxin level result for the patient the,Notify the physician,Check previous vital signs of patient,Record normal value on nursing note,Administer scheduled dose of medication,Notify the physician,Notify the physician is correct. This aligns with evidence-based nursing practice and professional standards of care.,,nursing_questions_503,"The correct answer is Notify the physician. This question tests important nursing knowledge related to patient care and clinical practice. The answer reflects evidence-based nursing standards and best practices established through research and clinical expertise. A thorough understanding of this concept includes its theoretical foundations, practical applications in various clinical settings, and its significance in providing high-quality patient care. Nurses must integrate knowledge from multiple disciplines, apply critical thinking skills, and maintain current knowledge of evolving practice standards. Further study of relevant nursing textbooks and professional literature would provide additional context and depth on this topic, enhancing clinical decision-making and patient outcomes.",التمريض العام,
Q(504): A nurse received the serum digoxin level result for the patient the,Notify the physician,Check previous vital signs of patient,Withhold next do,Administer scheduled dose of medication,Withhold next do,Withhold next do is correct. This aligns with evidence-based nursing practice and professional standards of care.,,nursing_questions_504,"The correct answer is Withhold next do. This question tests important nursing knowledge related to patient care and clinical practice. The answer reflects evidence-based nursing standards and best practices established through research and clinical expertise. A thorough understanding of this concept includes its theoretical foundations, practical applications in various clinical settings, and its significance in providing high-quality patient care. Nurses must integrate knowledge from multiple disciplines, apply critical thinking skills, and maintain current knowledge of evolving practice standards. Further study of relevant nursing textbooks and professional literature would provide additional context and depth on this topic, enhancing clinical decision-making and patient outcomes.",التمريض العام,
Q(505): A patient is being admitted in medical unit and has orders for fluid,400 ml,800 ml,1000 ml,1200 ml,1200 ml,1200 ml is correct. This aligns with evidence-based nursing practice and professional standards of care.,,nursing_questions_505,"The correct answer is 1200 ml. This question tests important nursing knowledge related to patient care and clinical practice. The answer reflects evidence-based nursing standards and best practices established through research and clinical expertise. A thorough understanding of this concept includes its theoretical foundations, practical applications in various clinical settings, and its significance in providing high-quality patient care. Nurses must integrate knowledge from multiple disciplines, apply critical thinking skills, and maintain current knowledge of evolving practice standards. Further study of relevant nursing textbooks and professional literature would provide additional context and depth on this topic, enhancing clinical decision-making and patient outcomes.",التمريض العام,
Q(506): A nurse is preparing an order of Amydramine 30 mg PO BD. The,5 ML,10 ML,15 ML,20 ML,10 ML,10 ML is correct. This aligns with evidence-based nursing practice and professional standards of care.,,nursing_questions_506,"The correct answer is 10 ML. This question tests important nursing knowledge related to patient care and clinical practice. The answer reflects evidence-based nursing standards and best practices established through research and clinical expertise. A thorough understanding of this concept includes its theoretical foundations, practical applications in various clinical settings, and its significance in providing high-quality patient care. Nurses must integrate knowledge from multiple disciplines, apply critical thinking skills, and maintain current knowledge of evolving practice standards. Further study of relevant nursing textbooks and professional literature would provide additional context and depth on this topic, enhancing clinical decision-making and patient outcomes.",التمريض العام,
Q(507): A nurse is preparing a medication order of 100 mg IV stat. The,4.5 ML,3.5 ML,2.5 ML,1.5 ML,2.5 ML,"2.5 ML is correct. This relates to proper medication administration, dosing protocols, and patient safety considerations.",,nursing_questions_507,"The correct answer is 2.5 ML. This medication-related question tests understanding of proper drug administration, dosing, or side effects. In clinical practice, it is essential to administer medications correctly to ensure patient safety and therapeutic effectiveness. The answer reflects best practices in medication management according to nursing protocols and pharmacological principles. Nurses must consider the medication's mechanism of action, potential adverse effects, contraindications, and specific nursing considerations such as timing, route, and patient education. Understanding medication administration is fundamental to preventing medication errors and ensuring optimal patient outcomes.",التمريض العام,
Q(508): A nurse is preparing to administer an intravenous infusion of 2000,14,24,42,56,42,42 is correct. This aligns with evidence-based nursing practice and professional standards of care.,,nursing_questions_508,"The correct answer is 42. This question tests important nursing knowledge related to patient care and clinical practice. The answer reflects evidence-based nursing standards and best practices established through research and clinical expertise. A thorough understanding of this concept includes its theoretical foundations, practical applications in various clinical settings, and its significance in providing high-quality patient care. Nurses must integrate knowledge from multiple disciplines, apply critical thinking skills, and maintain current knowledge of evolving practice standards. Further study of relevant nursing textbooks and professional literature would provide additional context and depth on this topic, enhancing clinical decision-making and patient outcomes.",التمريض العام,
Q(509): Doctor order to give medication x 300mg and available is 900mg/6ml,45659,2,4,6,2,"2 is correct. This relates to proper medication administration, dosing protocols, and patient safety considerations.",,nursing_questions_509,"The correct answer is 2. This medication-related question tests understanding of proper drug administration, dosing, or side effects. In clinical practice, it is essential to administer medications correctly to ensure patient safety and therapeutic effectiveness. The answer reflects best practices in medication management according to nursing protocols and pharmacological principles. Nurses must consider the medication's mechanism of action, potential adverse effects, contraindications, and specific nursing considerations such as timing, route, and patient education. Understanding medication administration is fundamental to preventing medication errors and ensuring optimal patient outcomes.",التمريض العام,
Q(510): A 56-year-old man was admitted with complaint working for three,155,167,190,217,Abruption placenta,Abruption placenta is correct. This aligns with evidence-based nursing practice and professional standards of care.,,nursing_questions_510,"The correct answer is Abruption placenta. This question tests important nursing knowledge related to patient care and clinical practice. The answer reflects evidence-based nursing standards and best practices established through research and clinical expertise. A thorough understanding of this concept includes its theoretical foundations, practical applications in various clinical settings, and its significance in providing high-quality patient care. Nurses must integrate knowledge from multiple disciplines, apply critical thinking skills, and maintain current knowledge of evolving practice standards. Further study of relevant nursing textbooks and professional literature would provide additional context and depth on this topic, enhancing clinical decision-making and patient outcomes.",التمريض العام,
Q(511): Doctor Order: Heparin 10000 units OD S/C Standard Solution,"0,52 ml",1 ml,"0,5. ml","0,25. ml","0,25. ml","0,25. ml is correct. This aligns with evidence-based nursing practice and professional standards of care.",,nursing_questions_511,"The correct answer is 0,25. ml. This question tests important nursing knowledge related to patient care and clinical practice. The answer reflects evidence-based nursing standards and best practices established through research and clinical expertise. A thorough understanding of this concept includes its theoretical foundations, practical applications in various clinical settings, and its significance in providing high-quality patient care. Nurses must integrate knowledge from multiple disciplines, apply critical thinking skills, and maintain current knowledge of evolving practice standards. Further study of relevant nursing textbooks and professional literature would provide additional context and depth on this topic, enhancing clinical decision-making and patient outcomes.",التمريض العام,
Q(512): The doctor order 600 ml of drug during 10 hours. How many,15,20,25,30,15,"15 is correct. This relates to proper medication administration, dosing protocols, and patient safety considerations.",,nursing_questions_512,"The correct answer is 15. This medication-related question tests understanding of proper drug administration, dosing, or side effects. In clinical practice, it is essential to administer medications correctly to ensure patient safety and therapeutic effectiveness. The answer reflects best practices in medication management according to nursing protocols and pharmacological principles. Nurses must consider the medication's mechanism of action, potential adverse effects, contraindications, and specific nursing considerations such as timing, route, and patient education. Understanding medication administration is fundamental to preventing medication errors and ensuring optimal patient outcomes.",التمريض العام,
Q(513): A Physician has ordered clindamycin phosphate 300 mg to be,2 ml,4 ml,6 ml,8 ml,2 ml,2 ml is correct. This aligns with evidence-based nursing practice and professional standards of care.,,nursing_questions_513,"The correct answer is 2 ml. This question tests important nursing knowledge related to patient care and clinical practice. The answer reflects evidence-based nursing standards and best practices established through research and clinical expertise. A thorough understanding of this concept includes its theoretical foundations, practical applications in various clinical settings, and its significance in providing high-quality patient care. Nurses must integrate knowledge from multiple disciplines, apply critical thinking skills, and maintain current knowledge of evolving practice standards. Further study of relevant nursing textbooks and professional literature would provide additional context and depth on this topic, enhancing clinical decision-making and patient outcomes.",التمريض العام,
"Q(514): A nurse check the medication chart of a patient, which has the",Once,Twice,Three times,Four times,Four times,"Four times is correct. This relates to proper medication administration, dosing protocols, and patient safety considerations.",,nursing_questions_514,"The correct answer is Four times. This medication-related question tests understanding of proper drug administration, dosing, or side effects. In clinical practice, it is essential to administer medications correctly to ensure patient safety and therapeutic effectiveness. The answer reflects best practices in medication management according to nursing protocols and pharmacological principles. Nurses must consider the medication's mechanism of action, potential adverse effects, contraindications, and specific nursing considerations such as timing, route, and patient education. Understanding medication administration is fundamental to preventing medication errors and ensuring optimal patient outcomes.",التمريض العام,
Q(515): The doctor order 600 ml of drug during 10 hours. How many,15,20,25,30,15,"15 is correct. This relates to proper medication administration, dosing protocols, and patient safety considerations.",,nursing_questions_515,"The correct answer is 15. This medication-related question tests understanding of proper drug administration, dosing, or side effects. In clinical practice, it is essential to administer medications correctly to ensure patient safety and therapeutic effectiveness. The answer reflects best practices in medication management according to nursing protocols and pharmacological principles. Nurses must consider the medication's mechanism of action, potential adverse effects, contraindications, and specific nursing considerations such as timing, route, and patient education. Understanding medication administration is fundamental to preventing medication errors and ensuring optimal patient outcomes.",التمريض العام,
Q(516): Vitamin k dose in newborn?,0. 25 mg,0.5mg,1mg,2mg,1mg,1mg is correct. This aligns with evidence-based nursing practice and professional standards of care.,,nursing_questions_516,"The correct answer is 1mg. This question tests important nursing knowledge related to patient care and clinical practice. The answer reflects evidence-based nursing standards and best practices established through research and clinical expertise. A thorough understanding of this concept includes its theoretical foundations, practical applications in various clinical settings, and its significance in providing high-quality patient care. Nurses must integrate knowledge from multiple disciplines, apply critical thinking skills, and maintain current knowledge of evolving practice standards. Further study of relevant nursing textbooks and professional literature would provide additional context and depth on this topic, enhancing clinical decision-making and patient outcomes.",التمريض العام,
Q(517): A nurse is assigned to care for a patient in medical ward who has a,75 ml/hour,100ml/hour,125ml/hour,150ml/hour,125ml/hour,125ml/hour is correct. This reflects proper patient assessment techniques and clinical judgment in symptom evaluation.,,nursing_questions_517,"The correct answer is 125ml/hour. This question focuses on patient assessment and symptom recognition, which is essential for accurate nursing diagnosis and intervention planning. The answer reflects proper assessment techniques and interpretation of clinical findings based on evidence-based practice. Comprehensive knowledge in this area includes understanding the pathophysiology underlying various signs and symptoms, differential diagnoses to consider, and appropriate follow-up assessments. Nurses must develop strong assessment skills to identify subtle changes in patient condition, prioritize care based on findings, and communicate significant information to the healthcare team for timely intervention.",التمريض العام,
"Q(518): The following syringe contains 2 gm of morphine sulphate, how many",0.5,1 gm,2 gm,4 gm,1 gm,1 gm is correct. This aligns with evidence-based nursing practice and professional standards of care.,,nursing_questions_518,"The correct answer is 1 gm. This question tests important nursing knowledge related to patient care and clinical practice. The answer reflects evidence-based nursing standards and best practices established through research and clinical expertise. A thorough understanding of this concept includes its theoretical foundations, practical applications in various clinical settings, and its significance in providing high-quality patient care. Nurses must integrate knowledge from multiple disciplines, apply critical thinking skills, and maintain current knowledge of evolving practice standards. Further study of relevant nursing textbooks and professional literature would provide additional context and depth on this topic, enhancing clinical decision-making and patient outcomes.",التمريض العام,
Q(519): The following syringe contains morphine sulphate in a concentration,0.5 mg,1 mg,2mg,4 mg,4 mg,4 mg is correct. This aligns with evidence-based nursing practice and professional standards of care.,,nursing_questions_519,"The correct answer is 4 mg. This question tests important nursing knowledge related to patient care and clinical practice. The answer reflects evidence-based nursing standards and best practices established through research and clinical expertise. A thorough understanding of this concept includes its theoretical foundations, practical applications in various clinical settings, and its significance in providing high-quality patient care. Nurses must integrate knowledge from multiple disciplines, apply critical thinking skills, and maintain current knowledge of evolving practice standards. Further study of relevant nursing textbooks and professional literature would provide additional context and depth on this topic, enhancing clinical decision-making and patient outcomes.",التمريض العام,
Q(520): Doctor order to give 75ml per hour over 12hours of normal saline,450ml,600ml,900 ml,1000 ml,Abruption placenta,Abruption placenta is correct. This aligns with evidence-based nursing practice and professional standards of care.,,nursing_questions_520,"The correct answer is Abruption placenta. This question tests important nursing knowledge related to patient care and clinical practice. The answer reflects evidence-based nursing standards and best practices established through research and clinical expertise. A thorough understanding of this concept includes its theoretical foundations, practical applications in various clinical settings, and its significance in providing high-quality patient care. Nurses must integrate knowledge from multiple disciplines, apply critical thinking skills, and maintain current knowledge of evolving practice standards. Further study of relevant nursing textbooks and professional literature would provide additional context and depth on this topic, enhancing clinical decision-making and patient outcomes.",التمريض العام,
Q(521): The patient weight 67 kg. He is receiving drug 30mg /kg/24hr. How,1.5 g,1 g,2 g,,2 g,"2 g is correct. This relates to proper medication administration, dosing protocols, and patient safety considerations.",,nursing_questions_521,"The correct answer is 2 g. This medication-related question tests understanding of proper drug administration, dosing, or side effects. In clinical practice, it is essential to administer medications correctly to ensure patient safety and therapeutic effectiveness. The answer reflects best practices in medication management according to nursing protocols and pharmacological principles. Nurses must consider the medication's mechanism of action, potential adverse effects, contraindications, and specific nursing considerations such as timing, route, and patient education. Understanding medication administration is fundamental to preventing medication errors and ensuring optimal patient outcomes.",التمريض العام,
Q(522): MR Ahmed admitted to ICU with congestive heart disease his vital,180 Note:,1700 Cardiac Output =,2400,9600,9600,9600 is correct. This aligns with evidence-based nursing practice and professional standards of care.,,nursing_questions_522,"The correct answer is 9600. This question tests important nursing knowledge related to patient care and clinical practice. The answer reflects evidence-based nursing standards and best practices established through research and clinical expertise. A thorough understanding of this concept includes its theoretical foundations, practical applications in various clinical settings, and its significance in providing high-quality patient care. Nurses must integrate knowledge from multiple disciplines, apply critical thinking skills, and maintain current knowledge of evolving practice standards. Further study of relevant nursing textbooks and professional literature would provide additional context and depth on this topic, enhancing clinical decision-making and patient outcomes.",التمريض العام,
Q(523): The doctor ordered medication 5000 mg. The nurse diluted in 250 ml,5,10 Note: 5000 /250 = 20,15,20,20,"20 is correct. This relates to proper medication administration, dosing protocols, and patient safety considerations.",,nursing_questions_523,"The correct answer is 20. This medication-related question tests understanding of proper drug administration, dosing, or side effects. In clinical practice, it is essential to administer medications correctly to ensure patient safety and therapeutic effectiveness. The answer reflects best practices in medication management according to nursing protocols and pharmacological principles. Nurses must consider the medication's mechanism of action, potential adverse effects, contraindications, and specific nursing considerations such as timing, route, and patient education. Understanding medication administration is fundamental to preventing medication errors and ensuring optimal patient outcomes.",التمريض العام,
Q(524): What is the drug to minimize intracranial pressure?,Warfarin,Morphine,Potassium,Dulcolax,Dulcolax,"Dulcolax is correct. This relates to proper medication administration, dosing protocols, and patient safety considerations.",,nursing_questions_524,"The correct answer is Dulcolax. This medication-related question tests understanding of proper drug administration, dosing, or side effects. In clinical practice, it is essential to administer medications correctly to ensure patient safety and therapeutic effectiveness. The answer reflects best practices in medication management according to nursing protocols and pharmacological principles. Nurses must consider the medication's mechanism of action, potential adverse effects, contraindications, and specific nursing considerations such as timing, route, and patient education. Understanding medication administration is fundamental to preventing medication errors and ensuring optimal patient outcomes.",التمريض العام,
Q(525): A 37year old female prevented to the Emergency room with,Digoxin,Atropine,Anticoagulant,Calcium channel blocker,Atropine,Atropine is correct. This aligns with evidence-based nursing practice and professional standards of care.,,nursing_questions_525,"The correct answer is Atropine. This question tests important nursing knowledge related to patient care and clinical practice. The answer reflects evidence-based nursing standards and best practices established through research and clinical expertise. A thorough understanding of this concept includes its theoretical foundations, practical applications in various clinical settings, and its significance in providing high-quality patient care. Nurses must integrate knowledge from multiple disciplines, apply critical thinking skills, and maintain current knowledge of evolving practice standards. Further study of relevant nursing textbooks and professional literature would provide additional context and depth on this topic, enhancing clinical decision-making and patient outcomes.",التمريض العام,
Q(526): A 25 year old woman present to the emergency room with decrease,Naloxone,Active charcoal,Tap water enema,Magnesium sulfate to reduce the risk seizure,Active charcoal,Active charcoal is correct. This aligns with evidence-based nursing practice and professional standards of care.,,nursing_questions_526,"The correct answer is Active charcoal. This question tests important nursing knowledge related to patient care and clinical practice. The answer reflects evidence-based nursing standards and best practices established through research and clinical expertise. A thorough understanding of this concept includes its theoretical foundations, practical applications in various clinical settings, and its significance in providing high-quality patient care. Nurses must integrate knowledge from multiple disciplines, apply critical thinking skills, and maintain current knowledge of evolving practice standards. Further study of relevant nursing textbooks and professional literature would provide additional context and depth on this topic, enhancing clinical decision-making and patient outcomes.",التمريض العام,
Q(527): Cortisone administration time?,Early morning,Afternoon,Before bed time,,Early morning,Early morning is correct. This aligns with evidence-based nursing practice and professional standards of care.,,nursing_questions_527,"The correct answer is Early morning. This question tests important nursing knowledge related to patient care and clinical practice. The answer reflects evidence-based nursing standards and best practices established through research and clinical expertise. A thorough understanding of this concept includes its theoretical foundations, practical applications in various clinical settings, and its significance in providing high-quality patient care. Nurses must integrate knowledge from multiple disciplines, apply critical thinking skills, and maintain current knowledge of evolving practice standards. Further study of relevant nursing textbooks and professional literature would provide additional context and depth on this topic, enhancing clinical decision-making and patient outcomes.",التمريض العام,
Q(528): Hydrocortisone route of administration?,Ear,Eye,Nose,Under the tongue,Nose,Nose is correct. This aligns with evidence-based nursing practice and professional standards of care.,,nursing_questions_528,"The correct answer is Nose. This question tests important nursing knowledge related to patient care and clinical practice. The answer reflects evidence-based nursing standards and best practices established through research and clinical expertise. A thorough understanding of this concept includes its theoretical foundations, practical applications in various clinical settings, and its significance in providing high-quality patient care. Nurses must integrate knowledge from multiple disciplines, apply critical thinking skills, and maintain current knowledge of evolving practice standards. Further study of relevant nursing textbooks and professional literature would provide additional context and depth on this topic, enhancing clinical decision-making and patient outcomes.",التمريض العام,
Q(529): A nurse is about to perform venipuncture to initiate intravenous,Apply a tourniquet below the site of venipuncture,Place an arm board at the joint above the venipuncture,Apply cool compress over the vein to be used for venipuncture,Inspect 0.9% normal saline solution date of expir,Inspect 0.9% normal saline solution date of expir,Inspect 0.9% normal saline solution date of expir is correct. This aligns with evidence-based nursing practice and professional standards of care.,,nursing_questions_529,"The correct answer is Inspect 0.9% normal saline solution date of expir. This question tests important nursing knowledge related to patient care and clinical practice. The answer reflects evidence-based nursing standards and best practices established through research and clinical expertise. A thorough understanding of this concept includes its theoretical foundations, practical applications in various clinical settings, and its significance in providing high-quality patient care. Nurses must integrate knowledge from multiple disciplines, apply critical thinking skills, and maintain current knowledge of evolving practice standards. Further study of relevant nursing textbooks and professional literature would provide additional context and depth on this topic, enhancing clinical decision-making and patient outcomes.",التمريض العام,
Q(530): A client was admitted in the Emergency Room due to mild metabolic,Calcium,Sodium,Potassium,Magnesium,Abruption placenta,Abruption placenta is correct. This aligns with evidence-based nursing practice and professional standards of care.,,nursing_questions_530,"The correct answer is Abruption placenta. This question tests important nursing knowledge related to patient care and clinical practice. The answer reflects evidence-based nursing standards and best practices established through research and clinical expertise. A thorough understanding of this concept includes its theoretical foundations, practical applications in various clinical settings, and its significance in providing high-quality patient care. Nurses must integrate knowledge from multiple disciplines, apply critical thinking skills, and maintain current knowledge of evolving practice standards. Further study of relevant nursing textbooks and professional literature would provide additional context and depth on this topic, enhancing clinical decision-making and patient outcomes.",التمريض العام,
Q(531): What should you do if I.V line infiltration happen?,Remove I.V line,Cold compress,Slow fluid,,Remove I.V line,Remove I.V line is correct. This aligns with evidence-based nursing practice and professional standards of care.,,nursing_questions_531,"The correct answer is Remove I.V line. This question tests important nursing knowledge related to patient care and clinical practice. The answer reflects evidence-based nursing standards and best practices established through research and clinical expertise. A thorough understanding of this concept includes its theoretical foundations, practical applications in various clinical settings, and its significance in providing high-quality patient care. Nurses must integrate knowledge from multiple disciplines, apply critical thinking skills, and maintain current knowledge of evolving practice standards. Further study of relevant nursing textbooks and professional literature would provide additional context and depth on this topic, enhancing clinical decision-making and patient outcomes.",التمريض العام,
Q(532): An older adult client with renal failure comes to the emergency,Nitroglycerin,Digoxin,Doxorubicin,Furosemide,Digoxin,Digoxin is correct. This aligns with evidence-based nursing practice and professional standards of care.,,nursing_questions_532,"The correct answer is Digoxin. This question tests important nursing knowledge related to patient care and clinical practice. The answer reflects evidence-based nursing standards and best practices established through research and clinical expertise. A thorough understanding of this concept includes its theoretical foundations, practical applications in various clinical settings, and its significance in providing high-quality patient care. Nurses must integrate knowledge from multiple disciplines, apply critical thinking skills, and maintain current knowledge of evolving practice standards. Further study of relevant nursing textbooks and professional literature would provide additional context and depth on this topic, enhancing clinical decision-making and patient outcomes.",التمريض العام,
Q(533): Nurse gives health education to patient In outpatient department,Diazepam,Haloperidol,Lithium carbonate,Monoamine oxidase inhibitor,Lithium carbonate,Lithium carbonate is correct. This demonstrates effective therapeutic communication and patient education principles.,,nursing_questions_533,"The correct answer is Lithium carbonate. This question addresses therapeutic communication techniques and patient education principles. Effective communication is essential for establishing rapport, gathering information, and providing education that promotes patient understanding and adherence. The answer reflects best practices in communication that consider cultural sensitivity, health literacy, and individual learning needs. Comprehensive patient education includes assessment of readiness to learn, use of appropriate teaching methods, evaluation of understanding, and reinforcement of key points. Nurses must adapt their communication and teaching approaches based on patient age, cognitive status, cultural background, and specific health conditions.",التمريض العام,
Q(534): During CPR of an admitted patient following the cardiac arrest.,Adenosine,Lidocaine 2 mg,Epinephrine 1 mg,Sodium bicarbonate,Epinephrine 1 mg,Epinephrine 1 mg is correct. This aligns with evidence-based nursing practice and professional standards of care.,,nursing_questions_534,"The correct answer is Epinephrine 1 mg. This question tests important nursing knowledge related to patient care and clinical practice. The answer reflects evidence-based nursing standards and best practices established through research and clinical expertise. A thorough understanding of this concept includes its theoretical foundations, practical applications in various clinical settings, and its significance in providing high-quality patient care. Nurses must integrate knowledge from multiple disciplines, apply critical thinking skills, and maintain current knowledge of evolving practice standards. Further study of relevant nursing textbooks and professional literature would provide additional context and depth on this topic, enhancing clinical decision-making and patient outcomes.",التمريض العام,
Q(535): A patient with an allergy to cats arrives at the emergency department,Intravenous line insertion,Intravenous glucocorticoid,Subcutaneous epinephrine,Application of ice throat,Subcutaneous epinephrine,Subcutaneous epinephrine is correct. This aligns with evidence-based nursing practice and professional standards of care.,,nursing_questions_535,"The correct answer is Subcutaneous epinephrine. This question tests important nursing knowledge related to patient care and clinical practice. The answer reflects evidence-based nursing standards and best practices established through research and clinical expertise. A thorough understanding of this concept includes its theoretical foundations, practical applications in various clinical settings, and its significance in providing high-quality patient care. Nurses must integrate knowledge from multiple disciplines, apply critical thinking skills, and maintain current knowledge of evolving practice standards. Further study of relevant nursing textbooks and professional literature would provide additional context and depth on this topic, enhancing clinical decision-making and patient outcomes.",التمريض العام,
Q(536): A nurse is giving discharge planning instructions to the parents of a,Administrate antibiotics as prescribed,Administer influenza vaccination,Breast feeding as long as possible,Continue using of pacifier,Administrate antibiotics as prescribed,Administrate antibiotics as prescribed is correct. This aligns with evidence-based nursing practice and professional standards of care.,,nursing_questions_536,"The correct answer is Administrate antibiotics as prescribed. This question tests important nursing knowledge related to patient care and clinical practice. The answer reflects evidence-based nursing standards and best practices established through research and clinical expertise. A thorough understanding of this concept includes its theoretical foundations, practical applications in various clinical settings, and its significance in providing high-quality patient care. Nurses must integrate knowledge from multiple disciplines, apply critical thinking skills, and maintain current knowledge of evolving practice standards. Further study of relevant nursing textbooks and professional literature would provide additional context and depth on this topic, enhancing clinical decision-making and patient outcomes.",التمريض العام,
"Q(537): A 4 years old girl, was playing outside, she came to her mom crying",Maintain patent airway,Administer S/C Epinephrine,Prepare for intubation,Administer I.V Epinephrine,Administer S/C Epinephrine,Administer S/C Epinephrine is correct. This aligns with evidence-based nursing practice and professional standards of care.,,nursing_questions_537,"The correct answer is Administer S/C Epinephrine. This question tests important nursing knowledge related to patient care and clinical practice. The answer reflects evidence-based nursing standards and best practices established through research and clinical expertise. A thorough understanding of this concept includes its theoretical foundations, practical applications in various clinical settings, and its significance in providing high-quality patient care. Nurses must integrate knowledge from multiple disciplines, apply critical thinking skills, and maintain current knowledge of evolving practice standards. Further study of relevant nursing textbooks and professional literature would provide additional context and depth on this topic, enhancing clinical decision-making and patient outcomes.",التمريض العام,
Q(538): The nurse is caring for a 60-year-old in the Medical-Surgical Unit.,Defibrillate,Cardio version,Pacemaker preparation,Intravenous amiodarone,Intravenous amiodarone,Intravenous amiodarone is correct. This aligns with evidence-based nursing practice and professional standards of care.,,nursing_questions_538,"The correct answer is Intravenous amiodarone. This question tests important nursing knowledge related to patient care and clinical practice. The answer reflects evidence-based nursing standards and best practices established through research and clinical expertise. A thorough understanding of this concept includes its theoretical foundations, practical applications in various clinical settings, and its significance in providing high-quality patient care. Nurses must integrate knowledge from multiple disciplines, apply critical thinking skills, and maintain current knowledge of evolving practice standards. Further study of relevant nursing textbooks and professional literature would provide additional context and depth on this topic, enhancing clinical decision-making and patient outcomes.",التمريض العام,
Q(539): During health education for a patient on Monoamine oxidase,Alcohol,Caffeine,Tyra mine,Folic acid,Tyra mine,Tyra mine is correct. This demonstrates effective therapeutic communication and patient education principles.,,nursing_questions_539,"The correct answer is Tyra mine. This question addresses therapeutic communication techniques and patient education principles. Effective communication is essential for establishing rapport, gathering information, and providing education that promotes patient understanding and adherence. The answer reflects best practices in communication that consider cultural sensitivity, health literacy, and individual learning needs. Comprehensive patient education includes assessment of readiness to learn, use of appropriate teaching methods, evaluation of understanding, and reinforcement of key points. Nurses must adapt their communication and teaching approaches based on patient age, cognitive status, cultural background, and specific health conditions.",التمريض العام,
Q(540): A 45 year old client who diagnosed with brain was schedule for,Steroids,Diuretics,Ant convulsions,Antihypertensive,Abruption placenta,Abruption placenta is correct. This aligns with evidence-based nursing practice and professional standards of care.,,nursing_questions_540,"The correct answer is Abruption placenta. This question tests important nursing knowledge related to patient care and clinical practice. The answer reflects evidence-based nursing standards and best practices established through research and clinical expertise. A thorough understanding of this concept includes its theoretical foundations, practical applications in various clinical settings, and its significance in providing high-quality patient care. Nurses must integrate knowledge from multiple disciplines, apply critical thinking skills, and maintain current knowledge of evolving practice standards. Further study of relevant nursing textbooks and professional literature would provide additional context and depth on this topic, enhancing clinical decision-making and patient outcomes.",التمريض العام,
Q(541): What is the side effect of Thyroxine?,Depression,Fever,Weight gain,Increase appetite,Increase appetite,Increase appetite is correct. This aligns with evidence-based nursing practice.,,nursing_questions_541,"The correct answer is Increase appetite. This question tests important nursing knowledge related to patient care and clinical practice. The answer reflects evidence-based nursing standards and best practices. A thorough understanding of this concept includes its theoretical foundations, practical applications in various clinical settings, and its significance in providing high-quality patient care. Further study of relevant nursing textbooks would provide additional context and depth on this topic.",التمريض العام,
Q(542): Which of the following drug should the doctor give Instruction for,Antiemetic's,Steroids,Antibiotic,Paracetamol,Steroids,Steroids is correct. This relates to proper medication administration and safety.,,nursing_questions_542,"The correct answer is Steroids. This medication-related question tests understanding of proper drug administration, dosing, or side effects. In clinical practice, it is essential to administer medications correctly to ensure patient safety and therapeutic effectiveness. The answer reflects best practices in medication management according to nursing protocols and pharmacological principles. Further details would include the medication's mechanism of action, contraindications, and specific nursing considerations.",التمريض العام,
Q(543): After teaching a 54 year old patient with angina on how to take,I have to take this medication once i need it only,It is ok to take one tablet daily to prevent the heart attack,I can take two tablets together at once if the attack is,This medication will regulate my heart beats and I will be,I have to take this medication once i need it only,I have to take this medication once i need it only is correct. This aligns with evidence-based nursing practice.,,nursing_questions_543,"The correct answer is I have to take this medication once i need it only. This question tests important nursing knowledge related to patient care and clinical practice. The answer reflects evidence-based nursing standards and best practices. A thorough understanding of this concept includes its theoretical foundations, practical applications in various clinical settings, and its significance in providing high-quality patient care. Further study of relevant nursing textbooks would provide additional context and depth on this topic.",التمريض العام,
"Q(544): When a patient was first diagnosed with schizophrenia, one of his",Serotonin,Dopamine,Glutamate,Endorphins,Dopamine,Dopamine is correct. This aligns with evidence-based nursing practice.,,nursing_questions_544,"The correct answer is Dopamine. This question tests important nursing knowledge related to patient care and clinical practice. The answer reflects evidence-based nursing standards and best practices. A thorough understanding of this concept includes its theoretical foundations, practical applications in various clinical settings, and its significance in providing high-quality patient care. Further study of relevant nursing textbooks would provide additional context and depth on this topic.",التمريض العام,
"Q(545): A patient who has pain localized in the chest, now down the left arm.",Phantom,Regimented,Shooting,Radiating,Radiating,Radiating is correct. This aligns with evidence-based nursing practice.,,nursing_questions_545,"The correct answer is Radiating. This question tests important nursing knowledge related to patient care and clinical practice. The answer reflects evidence-based nursing standards and best practices. A thorough understanding of this concept includes its theoretical foundations, practical applications in various clinical settings, and its significance in providing high-quality patient care. Further study of relevant nursing textbooks would provide additional context and depth on this topic.",التمريض العام,
Q(546): The doctor ordered morphine to patient. The nurse should assess,O2 saturation 95%,Respiratory rate 11 b/m,Hear rate 65 b/m,Blood pressure 118/75,Respiratory rate 11 b/m,Respiratory rate 11 b/m is correct. This aligns with evidence-based nursing practice.,,nursing_questions_546,"The correct answer is Respiratory rate 11 b/m. This question tests important nursing knowledge related to patient care and clinical practice. The answer reflects evidence-based nursing standards and best practices. A thorough understanding of this concept includes its theoretical foundations, practical applications in various clinical settings, and its significance in providing high-quality patient care. Further study of relevant nursing textbooks would provide additional context and depth on this topic.",التمريض العام,
Q(547): A 71 year-old woman who resides in a long-term nursing home fell,Metformin,Loratadine,Warfarin,Diclofenac,Loratadine,Loratadine is correct. This aligns with evidence-based nursing practice.,,nursing_questions_547,"The correct answer is Loratadine. This question tests important nursing knowledge related to patient care and clinical practice. The answer reflects evidence-based nursing standards and best practices. A thorough understanding of this concept includes its theoretical foundations, practical applications in various clinical settings, and its significance in providing high-quality patient care. Further study of relevant nursing textbooks would provide additional context and depth on this topic.",التمريض العام,
Q(548): A 3 year is brought by the mother to the emergency Department,Give In a cup once cold a day,Help her to drink with a syringe,Give in a small amount frequently,Engage in playing and help to her drink it,Give in a small amount frequently,Give in a small amount frequently is correct. This aligns with evidence-based nursing practice.,,nursing_questions_548,"The correct answer is Give in a small amount frequently. This question tests important nursing knowledge related to patient care and clinical practice. The answer reflects evidence-based nursing standards and best practices. A thorough understanding of this concept includes its theoretical foundations, practical applications in various clinical settings, and its significance in providing high-quality patient care. Further study of relevant nursing textbooks would provide additional context and depth on this topic.",التمريض العام,
Q(549): Doctor order to give Ofloxacin Otic route the nurse understand that,Nasal,Eye,Ear,,Ear,Ear is correct. This aligns with evidence-based nursing practice.,,nursing_questions_549,"The correct answer is Ear. This question tests important nursing knowledge related to patient care and clinical practice. The answer reflects evidence-based nursing standards and best practices. A thorough understanding of this concept includes its theoretical foundations, practical applications in various clinical settings, and its significance in providing high-quality patient care. Further study of relevant nursing textbooks would provide additional context and depth on this topic.",التمريض العام,
Q(550): The nurse should assess which of the following tests before giving I.,"Bp , Bun , liver enzyme","Bp , Bun , potassium","Bp, HR , urine output",Check stored water every year and change it if expired,Abruption placenta,Abruption placenta is correct. This aligns with evidence-based nursing practice.,,nursing_questions_550,"The correct answer is Abruption placenta. This question tests important nursing knowledge related to patient care and clinical practice. The answer reflects evidence-based nursing standards and best practices. A thorough understanding of this concept includes its theoretical foundations, practical applications in various clinical settings, and its significance in providing high-quality patient care. Further study of relevant nursing textbooks would provide additional context and depth on this topic.",التمريض العام,
Q(551): Community health nurse is making preparation for crisis plan.,Check stored water every year and change it if expired,Store bag with 3 gallons of water for each person for 3 days ( 1 gallon,Inform that animals don't need plan. It can survive,Prepare bag and Storing of food water and other stuff for 7 days,,Explanation not available due to missing correct answer.,,nursing_questions_551,Detailed explanation not available due to missing correct answer.,التمريض العام,
Q(552): A 45 year old man is admitted to the neurosurgery ward for the,Disturbed coping and anger spells,Risk of injury to seizur,Disturbed communication and irritability,Pain management and comfort measure,Risk of injury to seizur,Risk of injury to seizur is correct. This aligns with evidence-based nursing practice.,,nursing_questions_552,"The correct answer is Risk of injury to seizur. This question tests important nursing knowledge related to patient care and clinical practice. The answer reflects evidence-based nursing standards and best practices. A thorough understanding of this concept includes its theoretical foundations, practical applications in various clinical settings, and its significance in providing high-quality patient care. Further study of relevant nursing textbooks would provide additional context and depth on this topic.",التمريض العام,
Q(553): A nurse inserted an intravenous cannula into a patient's right,Apply ice pack for twenty minutes at site,Discontinue and re-establish a new site,Increase infusion of the pump,Position right below level of heart,Discontinue and re-establish a new site,Discontinue and re-establish a new site is correct. This aligns with evidence-based nursing practice.,,nursing_questions_553,"The correct answer is Discontinue and re-establish a new site. This question tests important nursing knowledge related to patient care and clinical practice. The answer reflects evidence-based nursing standards and best practices. A thorough understanding of this concept includes its theoretical foundations, practical applications in various clinical settings, and its significance in providing high-quality patient care. Further study of relevant nursing textbooks would provide additional context and depth on this topic.",التمريض العام,
Q(554): What is the side effects of isoniazid?,Hyperuricemia,Photosensitivity,Peripheral neuritis and nerve inflammation,Blurred vision.,Photosensitivity,Photosensitivity is correct. This aligns with evidence-based nursing practice.,,nursing_questions_554,"The correct answer is Photosensitivity. This question tests important nursing knowledge related to patient care and clinical practice. The answer reflects evidence-based nursing standards and best practices. A thorough understanding of this concept includes its theoretical foundations, practical applications in various clinical settings, and its significance in providing high-quality patient care. Further study of relevant nursing textbooks would provide additional context and depth on this topic.",التمريض العام,
Q(555): A nurse is preparing to administer 25 mg iron dextran inject patient,Z-track,Deep IM,c. use large gauge,insert needle at 45 angle,Z-track,Z-track is correct. This aligns with evidence-based nursing practice.,,nursing_questions_555,"The correct answer is Z-track. This question tests important nursing knowledge related to patient care and clinical practice. The answer reflects evidence-based nursing standards and best practices. A thorough understanding of this concept includes its theoretical foundations, practical applications in various clinical settings, and its significance in providing high-quality patient care. Further study of relevant nursing textbooks would provide additional context and depth on this topic.",التمريض العام,
Q(556): What is the Isoniazid side affect?,Hyperuricemia,blurred vision,Prephral neuritis,,Prephral neuritis,Prephral neuritis is correct. This aligns with evidence-based nursing practice.,,nursing_questions_556,"The correct answer is Prephral neuritis. This question tests important nursing knowledge related to patient care and clinical practice. The answer reflects evidence-based nursing standards and best practices. A thorough understanding of this concept includes its theoretical foundations, practical applications in various clinical settings, and its significance in providing high-quality patient care. Further study of relevant nursing textbooks would provide additional context and depth on this topic.",التمريض العام,
Q(557): A patient was on regular dose haloperidol. The nurse noticed that he,Akathisia,Acute dystonia,Tardive dyskinesia,Pseudo parkinsonism,Pseudo parkinsonism,Pseudo parkinsonism is correct. This aligns with evidence-based nursing practice.,,nursing_questions_557,"The correct answer is Pseudo parkinsonism. This question tests important nursing knowledge related to patient care and clinical practice. The answer reflects evidence-based nursing standards and best practices. A thorough understanding of this concept includes its theoretical foundations, practical applications in various clinical settings, and its significance in providing high-quality patient care. Further study of relevant nursing textbooks would provide additional context and depth on this topic.",التمريض العام,
Q(558): A patient was brought to the emergency room because of a sudden,Between 5th and 6th,Between 6th and 7th,Between 7th and 8th,Between 8th and,Between 7th and 8th,Between 7th and 8th is correct. This aligns with evidence-based nursing practice.,,nursing_questions_558,"The correct answer is Between 7th and 8th. This question tests important nursing knowledge related to patient care and clinical practice. The answer reflects evidence-based nursing standards and best practices. A thorough understanding of this concept includes its theoretical foundations, practical applications in various clinical settings, and its significance in providing high-quality patient care. Further study of relevant nursing textbooks would provide additional context and depth on this topic.",التمريض العام,
Q(559): Patient is receiving chemotherapy. When should the nurse give,Before session,During session,Half hour After session,,Before session,Before session is correct. This aligns with evidence-based nursing practice.,,nursing_questions_559,"The correct answer is Before session. This question tests important nursing knowledge related to patient care and clinical practice. The answer reflects evidence-based nursing standards and best practices. A thorough understanding of this concept includes its theoretical foundations, practical applications in various clinical settings, and its significance in providing high-quality patient care. Further study of relevant nursing textbooks would provide additional context and depth on this topic.",التمريض العام,
Q(560): The doctor ordered human chorionic gonadotropin hormone,Depression,Anorexia,Osteoarthritis,Abruption placenta,Abruption placenta,AI corrected Q. Abruption placenta is correct. This aligns with evidence-based nursing practice.,,nursing_questions_560,"The correct answer is Abruption placenta. This question tests important nursing knowledge related to patient care and clinical practice. The answer reflects evidence-based nursing standards and best practices. A thorough understanding of this concept includes its theoretical foundations, practical applications in various clinical settings, and its significance in providing high-quality patient care. Further study of relevant nursing textbooks would provide additional context and depth on this topic.",التمريض العام,
Q(561): Patient came to ER complained with headache after taking,Explain that is Side effect of medication,Go-to the pharmacy,Ignore the patient,,Explain that is Side effect of medication,Explain that is Side effect of medication is correct. This aligns with evidence-based nursing practice.,,nursing_questions_561,"The correct answer is Explain that is Side effect of medication. This question tests important nursing knowledge related to patient care and clinical practice. The answer reflects evidence-based nursing standards and best practices. A thorough understanding of this concept includes its theoretical foundations, practical applications in various clinical settings, and its significance in providing high-quality patient care. Further study of relevant nursing textbooks would provide additional context and depth on this topic.",التمريض العام,
Q(562): A woman was rushed to the emergency room because if vaginal,Bed rest,Surgical management,Induction of oxytocin,Dilatation and curettage,Dilatation and curettage,Dilatation and curettage is correct. This aligns with evidence-based nursing practice.,,nursing_questions_562,"The correct answer is Dilatation and curettage. This question tests important nursing knowledge related to patient care and clinical practice. The answer reflects evidence-based nursing standards and best practices. A thorough understanding of this concept includes its theoretical foundations, practical applications in various clinical settings, and its significance in providing high-quality patient care. Further study of relevant nursing textbooks would provide additional context and depth on this topic.",التمريض العام,
Q(563): Ovarian cyst complications?,Amenorrhea,Dysmenorrhea,Infertility,,Infertility,Infertility is correct. This aligns with evidence-based nursing practice.,,nursing_questions_563,"The correct answer is Infertility. This question tests important nursing knowledge related to patient care and clinical practice. The answer reflects evidence-based nursing standards and best practices. A thorough understanding of this concept includes its theoretical foundations, practical applications in various clinical settings, and its significance in providing high-quality patient care. Further study of relevant nursing textbooks would provide additional context and depth on this topic.",التمريض العام,
Q(564): Polycystic ovary syndrome (PCOS) Complications?,Amenorrhea,Dysmenorrhea,Infertility,,Infertility,Infertility is correct. This aligns with evidence-based nursing practice.,,nursing_questions_564,"The correct answer is Infertility. This question tests important nursing knowledge related to patient care and clinical practice. The answer reflects evidence-based nursing standards and best practices. A thorough understanding of this concept includes its theoretical foundations, practical applications in various clinical settings, and its significance in providing high-quality patient care. Further study of relevant nursing textbooks would provide additional context and depth on this topic.",التمريض العام,
Q(565): Polycystic ovary syndrome (PCOS) Common Signs and symptoms?,Dysmenorrhea,Infertility,Polymenorrhea,,Infertility,Infertility is correct. This reflects proper patient assessment techniques.,,nursing_questions_565,"The correct answer is Infertility. This question focuses on patient assessment and symptom recognition, which is essential for accurate nursing diagnosis and intervention planning. The answer reflects proper assessment techniques and interpretation of clinical findings. Comprehensive knowledge in this area includes understanding the pathophysiology underlying various signs and symptoms, differential diagnoses to consider, and appropriate follow-up assessments.",التمريض العام,
Q(566): A 40 years old female is diagnosed with chlamydia with no signs and,Subclinical stage,Clinical stage,Susceptibility,,Subclinical stage,Subclinical stage is correct. This reflects proper patient assessment techniques.,,nursing_questions_566,"The correct answer is Subclinical stage. This question focuses on patient assessment and symptom recognition, which is essential for accurate nursing diagnosis and intervention planning. The answer reflects proper assessment techniques and interpretation of clinical findings. Comprehensive knowledge in this area includes understanding the pathophysiology underlying various signs and symptoms, differential diagnoses to consider, and appropriate follow-up assessments.",التمريض العام,
Q(567): For which of the following issues should the nurse observe the movie,Uterine irritability,Signs of infection,Signs of bleeding,Unwillingness to breastfeed,Uterine irritability,Uterine irritability is correct. This aligns with evidence-based nursing practice.,,nursing_questions_567,"The correct answer is Uterine irritability. This question tests important nursing knowledge related to patient care and clinical practice. The answer reflects evidence-based nursing standards and best practices. A thorough understanding of this concept includes its theoretical foundations, practical applications in various clinical settings, and its significance in providing high-quality patient care. Further study of relevant nursing textbooks would provide additional context and depth on this topic.",التمريض العام,
Q(568): What does the relationship of the site of the presenting part to the,Fetal lie,Fetal position,Fetal presentation,Fetal attitude,Fetal position,Fetal position is correct. This aligns with evidence-based nursing practice.,,nursing_questions_568,"The correct answer is Fetal position. This question tests important nursing knowledge related to patient care and clinical practice. The answer reflects evidence-based nursing standards and best practices. A thorough understanding of this concept includes its theoretical foundations, practical applications in various clinical settings, and its significance in providing high-quality patient care. Further study of relevant nursing textbooks would provide additional context and depth on this topic.",التمريض العام,
Q(569): 29-year-old man is in the Surgical Ward on his first post-open,Monitor vital signs of thyroid storm,Assess for bilateral vocal fold mobility,Monitor for swelling on the neck.,Monitor for vocal cord paralysis,Assess for bilateral vocal fold mobility,Assess for bilateral vocal fold mobility is correct. This aligns with evidence-based nursing practice.,,nursing_questions_569,"The correct answer is Assess for bilateral vocal fold mobility. This question tests important nursing knowledge related to patient care and clinical practice. The answer reflects evidence-based nursing standards and best practices. A thorough understanding of this concept includes its theoretical foundations, practical applications in various clinical settings, and its significance in providing high-quality patient care. Further study of relevant nursing textbooks would provide additional context and depth on this topic.",التمريض العام,
Q(570): Patient has cystic fibrosis and the nurse wants to perform postural,Afternoon,Every 6 months if symptoms persist despite treatment.,Every year even if asymptomatic whenever symptoms recur.,Abruption placenta,Abruption placenta,AI corrected Q. Abruption placenta is correct. This aligns with evidence-based nursing practice.,,nursing_questions_570,"The correct answer is Abruption placenta. This question tests important nursing knowledge related to patient care and clinical practice. The answer reflects evidence-based nursing standards and best practices. A thorough understanding of this concept includes its theoretical foundations, practical applications in various clinical settings, and its significance in providing high-quality patient care. Further study of relevant nursing textbooks would provide additional context and depth on this topic.",التمريض العام,
Q(571): Female patient has been advised that laboratory tests confirm herpes,Every 6 months if symptoms persist despite treatment.,Every year even if asymptomatic whenever symptoms recur.,Every 3 years if other Pap smears have been negative,,Every 6 months if symptoms persist despite treatment.,Every 6 months if symptoms persist despite treatment. is correct. This aligns with evidence-based nursing practice.,,nursing_questions_571,"The correct answer is Every 6 months if symptoms persist despite treatment.. This question tests important nursing knowledge related to patient care and clinical practice. The answer reflects evidence-based nursing standards and best practices. A thorough understanding of this concept includes its theoretical foundations, practical applications in various clinical settings, and its significance in providing high-quality patient care. Further study of relevant nursing textbooks would provide additional context and depth on this topic.",التمريض العام,
Q(572): Which of the following condition is a Contraindication for a woman,Dysmenorrhea,Menorrhagia,Thrombophlebitis,Toxic shock syndrome,Thrombophlebitis,Thrombophlebitis is correct. This aligns with evidence-based nursing practice.,,nursing_questions_572,"The correct answer is Thrombophlebitis. This question tests important nursing knowledge related to patient care and clinical practice. The answer reflects evidence-based nursing standards and best practices. A thorough understanding of this concept includes its theoretical foundations, practical applications in various clinical settings, and its significance in providing high-quality patient care. Further study of relevant nursing textbooks would provide additional context and depth on this topic.",التمريض العام,
Q(573): What causes spontaneous abortion in 12 gestational age?,Maternal stress,Infection,Fetal abnormalities,,Fetal abnormalities,Fetal abnormalities is correct. This aligns with evidence-based nursing practice.,,nursing_questions_573,"The correct answer is Fetal abnormalities. This question tests important nursing knowledge related to patient care and clinical practice. The answer reflects evidence-based nursing standards and best practices. A thorough understanding of this concept includes its theoretical foundations, practical applications in various clinical settings, and its significance in providing high-quality patient care. Further study of relevant nursing textbooks would provide additional context and depth on this topic.",التمريض العام,
Q(574): A nurse is caring for a pregnant patient who is diagnosed with,Maternal tachycardia,Decrease in fundal height,"Rigid, board like abdomen",Acceleration in fetal heart rate,"Rigid, board like abdomen","Rigid, board like abdomen is correct. This aligns with evidence-based nursing practice.",,nursing_questions_574,"The correct answer is Rigid, board like abdomen. This question tests important nursing knowledge related to patient care and clinical practice. The answer reflects evidence-based nursing standards and best practices. A thorough understanding of this concept includes its theoretical foundations, practical applications in various clinical settings, and its significance in providing high-quality patient care. Further study of relevant nursing textbooks would provide additional context and depth on this topic.",التمريض العام,
"Q(575): A 62-year-old male patient, admitted in the surgical Ward is",Surgery often relieves the symptoms.,Let us have a detail discussion with your physician,"Your condition may or may not resolve, it depends.",In fact surgery is the only treatment for the problem.,Let us have a detail discussion with your physician,Let us have a detail discussion with your physician is correct. This aligns with evidence-based nursing practice.,,nursing_questions_575,"The correct answer is Let us have a detail discussion with your physician. This question tests important nursing knowledge related to patient care and clinical practice. The answer reflects evidence-based nursing standards and best practices. A thorough understanding of this concept includes its theoretical foundations, practical applications in various clinical settings, and its significance in providing high-quality patient care. Further study of relevant nursing textbooks would provide additional context and depth on this topic.",التمريض العام,
"Q(576): In placenta Previa marginalia, the placenta is found at the ?",Internal cervical os partly covering the opening,External cervical os slightly covering the opening,Lower segment of the uterus with the edges near the internal cervical,Lower portion of the uterus completely covering the cervix,Lower segment of the uterus with the edges near the internal cervical,Lower segment of the uterus with the edges near the internal cervical is correct. This aligns with evidence-based nursing practice.,,nursing_questions_576,"The correct answer is Lower segment of the uterus with the edges near the internal cervical. This question tests important nursing knowledge related to patient care and clinical practice. The answer reflects evidence-based nursing standards and best practices. A thorough understanding of this concept includes its theoretical foundations, practical applications in various clinical settings, and its significance in providing high-quality patient care. Further study of relevant nursing textbooks would provide additional context and depth on this topic.",التمريض العام,
Q(577): community health nurse visited a postnatal primigravida mother,Cradle hold,Football hold,Reclining position,Side lying position,Side lying position,Side lying position is correct. This aligns with evidence-based nursing practice.,,nursing_questions_577,"The correct answer is Side lying position. This question tests important nursing knowledge related to patient care and clinical practice. The answer reflects evidence-based nursing standards and best practices. A thorough understanding of this concept includes its theoretical foundations, practical applications in various clinical settings, and its significance in providing high-quality patient care. Further study of relevant nursing textbooks would provide additional context and depth on this topic.",التمريض العام,
Q(578): A 26 years old patient in the gynecological ward complained of pain,Arrange dressing instrument,Maintain patient privacy,Arrange stitch removal kit,Collect detailed history,Maintain patient privacy,Maintain patient privacy is correct. This aligns with evidence-based nursing practice.,,nursing_questions_578,"The correct answer is Maintain patient privacy. This question tests important nursing knowledge related to patient care and clinical practice. The answer reflects evidence-based nursing standards and best practices. A thorough understanding of this concept includes its theoretical foundations, practical applications in various clinical settings, and its significance in providing high-quality patient care. Further study of relevant nursing textbooks would provide additional context and depth on this topic.",التمريض العام,
Q(579): A woman is 5 weeks gestation diagnosed with hyperemesis gar what,Psychological support,Folic acid supplementation,Strict intake and output record,Providing the woman with a high protein diet,Strict intake and output record,Strict intake and output record is correct. This aligns with evidence-based nursing practice.,,nursing_questions_579,"The correct answer is Strict intake and output record. This question tests important nursing knowledge related to patient care and clinical practice. The answer reflects evidence-based nursing standards and best practices. A thorough understanding of this concept includes its theoretical foundations, practical applications in various clinical settings, and its significance in providing high-quality patient care. Further study of relevant nursing textbooks would provide additional context and depth on this topic.",التمريض العام,
Q(580): A pregnant women with varicose vein. What is the Nursing,Elastic stock,Elevation leg on pillow,Wear flat shoes ( not wearing heels ),Abruption placenta,Abruption placenta,AI corrected Q. Abruption placenta is correct. This aligns with evidence-based nursing practice.,,nursing_questions_580,"The correct answer is Abruption placenta. This question tests important nursing knowledge related to patient care and clinical practice. The answer reflects evidence-based nursing standards and best practices. A thorough understanding of this concept includes its theoretical foundations, practical applications in various clinical settings, and its significance in providing high-quality patient care. Further study of relevant nursing textbooks would provide additional context and depth on this topic.",التمريض العام,
Q(581): A gravid 8 para 8 women has just delivered a 4.5Kg infant a,Postpartum depression,Maternal hypoglycemia,Postpartum hemorrhage,Pregnancy-induced hypertension,Postpartum hemorrhage,Postpartum hemorrhage is correct. This aligns with evidence-based nursing practice.,,nursing_questions_581,"The correct answer is Postpartum hemorrhage. This question tests important nursing knowledge related to patient care and clinical practice. The answer reflects evidence-based nursing standards and best practices. A thorough understanding of this concept includes its theoretical foundations, practical applications in various clinical settings, and its significance in providing high-quality patient care. Further study of relevant nursing textbooks would provide additional context and depth on this topic.",التمريض العام,
Q(582): A 32 weeks pregnant patient present for her follow up appointment,Drink plain water between meals,Raise head of the bed,Eat favorite foods,Lie down for one hour after taking food,Raise head of the bed,Raise head of the bed is correct. This aligns with evidence-based nursing practice.,,nursing_questions_582,"The correct answer is Raise head of the bed. This question tests important nursing knowledge related to patient care and clinical practice. The answer reflects evidence-based nursing standards and best practices. A thorough understanding of this concept includes its theoretical foundations, practical applications in various clinical settings, and its significance in providing high-quality patient care. Further study of relevant nursing textbooks would provide additional context and depth on this topic.",التمريض العام,
Q(583): A nurse is preparing to administer Rhogam to Rh-negative women,Maternal illness,Neonatal illness,Production of antibodies,Re- occurrence of Rh positive baby in next mother,Production of antibodies,Production of antibodies is correct. This aligns with evidence-based nursing practice.,,nursing_questions_583,"The correct answer is Production of antibodies. This question tests important nursing knowledge related to patient care and clinical practice. The answer reflects evidence-based nursing standards and best practices. A thorough understanding of this concept includes its theoretical foundations, practical applications in various clinical settings, and its significance in providing high-quality patient care. Further study of relevant nursing textbooks would provide additional context and depth on this topic.",التمريض العام,
"Q(584): In the 12th week of gestation, a client completely expels the products",Administer RhoGam within 72 hours,Make certain she receives RhoGAM on her first clinic visit,Not give Rhogam since it is not the birth of a stillborn,Make certain the client does not receive RhoGAM since the gestation only,Administer RhoGam within 72 hours,Administer RhoGam within 72 hours is correct. This aligns with evidence-based nursing practice.,,nursing_questions_584,"The correct answer is Administer RhoGam within 72 hours. This question tests important nursing knowledge related to patient care and clinical practice. The answer reflects evidence-based nursing standards and best practices. A thorough understanding of this concept includes its theoretical foundations, practical applications in various clinical settings, and its significance in providing high-quality patient care. Further study of relevant nursing textbooks would provide additional context and depth on this topic.",التمريض العام,
Q(585): A pregnant woman of 15 week gestation age and Rh-ve has an,Administer Rheum within 72hour,Do not give Rheum since it is not used with abortion,Do not give Rheum since the pregnancy is more than 12,Make certain she received Rheum on her first clinic visi,Administer Rheum within 72hour,Administer Rheum within 72hour is correct. This aligns with evidence-based nursing practice.,,nursing_questions_585,"The correct answer is Administer Rheum within 72hour. This question tests important nursing knowledge related to patient care and clinical practice. The answer reflects evidence-based nursing standards and best practices. A thorough understanding of this concept includes its theoretical foundations, practical applications in various clinical settings, and its significance in providing high-quality patient care. Further study of relevant nursing textbooks would provide additional context and depth on this topic.",التمريض العام,
Q(586): Rhogam is most often used to treat mothers that have a infant?,"RH negative, RH negative","RH negative, RH positive","RH positive, RH negative",RH positive,"RH negative, RH positive","RH negative, RH positive is correct. This aligns with evidence-based nursing practice.",,nursing_questions_586,"The correct answer is RH negative, RH positive. This question tests important nursing knowledge related to patient care and clinical practice. The answer reflects evidence-based nursing standards and best practices. A thorough understanding of this concept includes its theoretical foundations, practical applications in various clinical settings, and its significance in providing high-quality patient care. Further study of relevant nursing textbooks would provide additional context and depth on this topic.",التمريض العام,
Q(587): During a prenatal examination. The nurse draws blood from a,Acute hemolytic disease,Respiratory distress syndrome,Protein metabolic deficiency,Pathologic hyperbilirubinemia,Acute hemolytic disease,Acute hemolytic disease is correct. This aligns with evidence-based nursing practice.,,nursing_questions_587,"The correct answer is Acute hemolytic disease. This question tests important nursing knowledge related to patient care and clinical practice. The answer reflects evidence-based nursing standards and best practices. A thorough understanding of this concept includes its theoretical foundations, practical applications in various clinical settings, and its significance in providing high-quality patient care. Further study of relevant nursing textbooks would provide additional context and depth on this topic.",التمريض العام,
"Q(588): A 20 weeks pregnant, primary gravid woman visits the antenatal has",Plan for the fetal genetic screening,Educate mother that her disease is inactive,Discuss the chances of genetic disease in the fetus,Gather data about the other family members having the disease,Gather data about the other family members having the disease,Gather data about the other family members having the disease is correct. This aligns with evidence-based nursing practice.,,nursing_questions_588,"The correct answer is Gather data about the other family members having the disease. This question tests important nursing knowledge related to patient care and clinical practice. The answer reflects evidence-based nursing standards and best practices. A thorough understanding of this concept includes its theoretical foundations, practical applications in various clinical settings, and its significance in providing high-quality patient care. Further study of relevant nursing textbooks would provide additional context and depth on this topic.",التمريض العام,
"Q(589): A13-weeks-pregnant, multi gravida women is anxious and",Admission and intravenous line management for induction,Family planning and birth control measures,Dietary management and supplements,"Support, reassurance and counselling","Support, reassurance and counselling","Support, reassurance and counselling is correct. This aligns with evidence-based nursing practice.",,nursing_questions_589,"The correct answer is Support, reassurance and counselling. This question tests important nursing knowledge related to patient care and clinical practice. The answer reflects evidence-based nursing standards and best practices. A thorough understanding of this concept includes its theoretical foundations, practical applications in various clinical settings, and its significance in providing high-quality patient care. Further study of relevant nursing textbooks would provide additional context and depth on this topic.",التمريض العام,
Q(590): A pregnant mother with sickle cell anemia is in labor. What should,Control pain,Administer oxygen,Monitor fetal heart rate,Abruption placenta,Administer oxygen,User corrected Q. Administer oxygen is correct. This follows standard nursing protocol for sickle cell patients in labor.,,nursing_questions_590,"The correct answer is Administer oxygen. This question tests knowledge of proper nursing care for pregnant patients with sickle cell anemia during labor. Administering oxygen is a priority intervention for sickle cell patients in labor because it helps prevent sickling crisis triggered by hypoxia. Oxygen therapy increases oxygen saturation, reduces the risk of vaso-occlusive crisis, and improves outcomes for both mother and fetus. While pain control and fetal monitoring are also important, oxygen administration directly addresses the pathophysiology of sickle cell disease and is the most critical immediate intervention.",التمريض العام,
Q(591): A 24 weeks-pregnant mother is in the Antenatal Clinic. She is upset,Calm her down and reassure for an appropriate solution,Provide moral support and book her for procedure,Repeat ultrasound and wait for a few more weeks,Family counselling and follow religious guidance,Family counselling and follow religious guidance,Family counselling and follow religious guidance is correct. This aligns with evidence-based nursing practice.,,nursing_questions_591,"The correct answer is Family counselling and follow religious guidance. This question tests important nursing knowledge related to patient care and clinical practice. The answer reflects evidence-based nursing standards and best practices. A thorough understanding of this concept includes its theoretical foundations, practical applications in various clinical settings, and its significance in providing high-quality patient care. Further study of relevant nursing textbooks would provide additional context and depth on this topic.",التمريض العام,
Q(592): A community Nursing nurse is planning to conduct prenatal,Offering open sessions for pregnant adolescents and anyone else who,Designing posters that girls can view individually in community Nursing,Preparing group class sessions for teaching pregnant adolescents,Conducting one to one teaching sessions for both mothers and daughters,,Explanation not available due to missing correct answer.,,nursing_questions_592,Detailed explanation not available due to missing correct answer.,التمريض العام,
Q(593): A primigravida woman who is pregnant at 30 weeks gestation told,Ask the woman not to worry,Ask the woman to express her concerns,Attract the woman's attention to other issue,Reassure the woman about the baby condition,Ask the woman to express her concerns,Ask the woman to express her concerns is correct. This aligns with evidence-based nursing practice.,,nursing_questions_593,"The correct answer is Ask the woman to express her concerns. This question tests important nursing knowledge related to patient care and clinical practice. The answer reflects evidence-based nursing standards and best practices. A thorough understanding of this concept includes its theoretical foundations, practical applications in various clinical settings, and its significance in providing high-quality patient care. Further study of relevant nursing textbooks would provide additional context and depth on this topic.",التمريض العام,
Q(594): Which of the following should be included in the nursing care to a,Shave the perineum,Administer enema to the woman,Careful evaluation of prenatal history,"Watch breathing, bear down with each contortion","Watch breathing, bear down with each contortion","Watch breathing, bear down with each contortion is correct. This aligns with evidence-based nursing practice.",,nursing_questions_594,"The correct answer is Watch breathing, bear down with each contortion. This question tests important nursing knowledge related to patient care and clinical practice. The answer reflects evidence-based nursing standards and best practices. A thorough understanding of this concept includes its theoretical foundations, practical applications in various clinical settings, and its significance in providing high-quality patient care. Further study of relevant nursing textbooks would provide additional context and depth on this topic.",التمريض العام,
Q(595): woman who is 32 weeks gestation. Her weight was 66 kg last month,Assess the size of her fetus,Give health education good nutrition,Advise her to exercise and lose some weight,Check her blood pressure and test her urine for protein,Check her blood pressure and test her urine for protein,Check her blood pressure and test her urine for protein is correct. This aligns with evidence-based nursing practice.,,nursing_questions_595,"The correct answer is Check her blood pressure and test her urine for protein. This question tests important nursing knowledge related to patient care and clinical practice. The answer reflects evidence-based nursing standards and best practices. A thorough understanding of this concept includes its theoretical foundations, practical applications in various clinical settings, and its significance in providing high-quality patient care. Further study of relevant nursing textbooks would provide additional context and depth on this topic.",التمريض العام,
Q(596): A nurse plans to teach agroup of 20 to 25 -year-old women about,Increase the risk of pelvic inflammatory disease,Cause acne to worsen,Decrease the risk of breast and cervical cancer,Decrease the risk of endometriosis,Decrease the risk of endometriosis,Decrease the risk of endometriosis is correct. This aligns with evidence-based nursing practice.,,nursing_questions_596,"The correct answer is Decrease the risk of endometriosis. This question tests important nursing knowledge related to patient care and clinical practice. The answer reflects evidence-based nursing standards and best practices. A thorough understanding of this concept includes its theoretical foundations, practical applications in various clinical settings, and its significance in providing high-quality patient care. Further study of relevant nursing textbooks would provide additional context and depth on this topic.",التمريض العام,
"Q(597): Upon reviewing the pregnant client’s blood test results, the nurse",Client has five soaked walnuts every day,Client consumes king mackerel very often,Client eats one medium bowl of flax seeds daily,client has cooked soybean seeds as an evening snack,Client consumes king mackerel very often,Client consumes king mackerel very often is correct. This aligns with evidence-based nursing practice.,,nursing_questions_597,"The correct answer is Client consumes king mackerel very often. This question tests important nursing knowledge related to patient care and clinical practice. The answer reflects evidence-based nursing standards and best practices. A thorough understanding of this concept includes its theoretical foundations, practical applications in various clinical settings, and its significance in providing high-quality patient care. Further study of relevant nursing textbooks would provide additional context and depth on this topic.",التمريض العام,
Q(598): Postpartum patient was in labor for 30 hours and had ruptured,Endometritis,Endometriosis,Salpingitis,Pelvic thrombophlebitis,Endometritis,Endometritis is correct. This aligns with evidence-based nursing practice.,,nursing_questions_598,"The correct answer is Endometritis. This question tests important nursing knowledge related to patient care and clinical practice. The answer reflects evidence-based nursing standards and best practices. A thorough understanding of this concept includes its theoretical foundations, practical applications in various clinical settings, and its significance in providing high-quality patient care. Further study of relevant nursing textbooks would provide additional context and depth on this topic.",التمريض العام,
Q(599): A 34 years old woman was diagnosed with breast cancer and,Fresh fruits and vegetables,Seafood,Dried fruits nuts,pasteurized cheese,Fresh fruits and vegetables,Fresh fruits and vegetables is correct. This aligns with evidence-based nursing practice.,,nursing_questions_599,"The correct answer is Fresh fruits and vegetables. This question tests important nursing knowledge related to patient care and clinical practice. The answer reflects evidence-based nursing standards and best practices. A thorough understanding of this concept includes its theoretical foundations, practical applications in various clinical settings, and its significance in providing high-quality patient care. Further study of relevant nursing textbooks would provide additional context and depth on this topic.",التمريض العام,
Q(600): A full term mother presents in the antenatal clinic with mild lower,Assessment of cervix,Medication and induction,Reassurance and support,Abruption placenta,Abruption placenta,AI corrected Q. Abruption placenta is correct. This aligns with evidence-based nursing practice.,,nursing_questions_600,"The correct answer is Abruption placenta. This question tests important nursing knowledge related to patient care and clinical practice. The answer reflects evidence-based nursing standards and best practices. A thorough understanding of this concept includes its theoretical foundations, practical applications in various clinical settings, and its significance in providing high-quality patient care. Further study of relevant nursing textbooks would provide additional context and depth on this topic.",التمريض العام,
Q(601): A 17 year old mother after normal delivery have anemia and,Mass media,Group education,Individual education,,Individual education,Individual education is correct. This aligns with evidence-based nursing practice.,,nursing_questions_601,"The correct answer is Individual education. This question tests important nursing knowledge related to patient care and clinical practice. The answer reflects evidence-based nursing standards and best practices. A thorough understanding of this concept includes its theoretical foundations, practical applications in various clinical settings, and its significance in providing high-quality patient care. Further study of relevant nursing textbooks would provide additional context and depth on this topic.",التمريض العام,
Q(602): The nurse is receiving Post-operative patient from operating room,"Wear comfortable, loosely clothes",Ensure to keep side rails up,Administration of morphine,,Ensure to keep side rails up,Ensure to keep side rails up is correct. This aligns with evidence-based nursing practice.,,nursing_questions_602,"The correct answer is Ensure to keep side rails up. This question tests important nursing knowledge related to patient care and clinical practice. The answer reflects evidence-based nursing standards and best practices. A thorough understanding of this concept includes its theoretical foundations, practical applications in various clinical settings, and its significance in providing high-quality patient care. Further study of relevant nursing textbooks would provide additional context and depth on this topic.",التمريض العام,
Q(603): A pregnant woman visits the Outpatient clinic complaining of,Fetal heart rate,Fundal height,Signs of infection of labor,Fetal presentations and position,Signs of infection of labor,Signs of infection of labor is correct. This aligns with evidence-based nursing practice.,,nursing_questions_603,"The correct answer is Signs of infection of labor. This question tests important nursing knowledge related to patient care and clinical practice. The answer reflects evidence-based nursing standards and best practices. A thorough understanding of this concept includes its theoretical foundations, practical applications in various clinical settings, and its significance in providing high-quality patient care. Further study of relevant nursing textbooks would provide additional context and depth on this topic.",التمريض العام,
Q(604): To prevent and relieve fetal distress related to maternal hypotension.,Left side,Right side,Semi fowler,Knee chest position,Left side,Left side is correct. This aligns with evidence-based nursing practice.,,nursing_questions_604,"The correct answer is Left side. This question tests important nursing knowledge related to patient care and clinical practice. The answer reflects evidence-based nursing standards and best practices. A thorough understanding of this concept includes its theoretical foundations, practical applications in various clinical settings, and its significance in providing high-quality patient care. Further study of relevant nursing textbooks would provide additional context and depth on this topic.",التمريض العام,
Q(605): During A Vaginal Delivery of Woman 38 Years Old the Nurse,Acute bleeding and coma,Low potassium,Brain Injury,Fetal heart rate,Fetal heart rate,Fetal heart rate is correct. This aligns with evidence-based nursing practice.,,nursing_questions_605,"The correct answer is Fetal heart rate. This question tests important nursing knowledge related to patient care and clinical practice. The answer reflects evidence-based nursing standards and best practices. A thorough understanding of this concept includes its theoretical foundations, practical applications in various clinical settings, and its significance in providing high-quality patient care. Further study of relevant nursing textbooks would provide additional context and depth on this topic.",التمريض العام,
"Q(606): A 40 year-old female is diagnosed to have stress Incontinence , one of",Apply adult diapers,Catheterize the patient,Teach Kegel exercises,Initiate a bladder emptying program,Teach Kegel exercises,Teach Kegel exercises is correct. This aligns with evidence-based nursing practice.,,nursing_questions_606,"The correct answer is Teach Kegel exercises. This question tests important nursing knowledge related to patient care and clinical practice. The answer reflects evidence-based nursing standards and best practices. A thorough understanding of this concept includes its theoretical foundations, practical applications in various clinical settings, and its significance in providing high-quality patient care. Further study of relevant nursing textbooks would provide additional context and depth on this topic.",التمريض العام,
Q(607): A 34-weeks-pregnant mother experiences a sudden gush from her,Intravenous fluids and medicines need to be administer,Observation is necessary to identify premature labor,Pain and fluid flow both need to be controlled,Fetal heart sound monitoring is necessary,Observation is necessary to identify premature labor,Observation is necessary to identify premature labor is correct. This aligns with evidence-based nursing practice.,,nursing_questions_607,"The correct answer is Observation is necessary to identify premature labor. This question tests important nursing knowledge related to patient care and clinical practice. The answer reflects evidence-based nursing standards and best practices. A thorough understanding of this concept includes its theoretical foundations, practical applications in various clinical settings, and its significance in providing high-quality patient care. Further study of relevant nursing textbooks would provide additional context and depth on this topic.",التمريض العام,
Q(608): The postpartum mother is breastfeeding newborn. The neonate took,That’s normal capacity,The capacity for baby stomach same amount,That’s proper amount in first time,,That’s normal capacity,That’s normal capacity is correct. This aligns with evidence-based nursing practice.,,nursing_questions_608,"The correct answer is That’s normal capacity. This question tests important nursing knowledge related to patient care and clinical practice. The answer reflects evidence-based nursing standards and best practices. A thorough understanding of this concept includes its theoretical foundations, practical applications in various clinical settings, and its significance in providing high-quality patient care. Further study of relevant nursing textbooks would provide additional context and depth on this topic.",التمريض العام,
Q(609): Vaginal assessment is contraindication in?,Placenta previa,Placenta abruption,Hydatidiform mole,Ectopic pregnancy,Placenta previa,Placenta previa is correct. This reflects proper patient assessment techniques.,,nursing_questions_609,"The correct answer is Placenta previa. This question focuses on patient assessment and symptom recognition, which is essential for accurate nursing diagnosis and intervention planning. The answer reflects proper assessment techniques and interpretation of clinical findings. Comprehensive knowledge in this area includes understanding the pathophysiology underlying various signs and symptoms, differential diagnoses to consider, and appropriate follow-up assessments.",التمريض العام,
Q(610): A nurse in the postnatal ward is assigned for a multiparous patient,Every hour for the first 2 hours,Every 30 minutes during the first hour.,Every 15 minutes during the first hour,Abruption placenta,Abruption placenta,AI corrected Q. Abruption placenta is correct. This reflects proper patient assessment techniques.,,nursing_questions_610,"The correct answer is Abruption placenta. This question focuses on patient assessment and symptom recognition, which is essential for accurate nursing diagnosis and intervention planning. The answer reflects proper assessment techniques and interpretation of clinical findings. Comprehensive knowledge in this area includes understanding the pathophysiology underlying various signs and symptoms, differential diagnoses to consider, and appropriate follow-up assessments.",التمريض العام,
Q(611): A post-operative nurse assesses the newly formed stoma and skin of,Bright red and moist stoma,Dark red and purple skin,Bloody liquid in pouch,Ulcerations with a rash,Dark red and purple skin,Dark red and purple skin is correct. This aligns with evidence-based nursing practice.,,nursing_questions_611,"The correct answer is Dark red and purple skin. This question tests important nursing knowledge related to patient care and clinical practice. The answer reflects evidence-based nursing standards and best practices. A thorough understanding of this concept includes its theoretical foundations, practical applications in various clinical settings, and its significance in providing high-quality patient care. Further study of relevant nursing textbooks would provide additional context and depth on this topic.",التمريض العام,
Q(612): Pregnant woman 34 weeks has hypertension this problem is,Hypertension,Pregnancy induced DM,PIH (Pregnancy induced hypertension),Placenta Previa,PIH (Pregnancy induced hypertension),PIH (Pregnancy induced hypertension) is correct. This aligns with evidence-based nursing practice.,,nursing_questions_612,"The correct answer is PIH (Pregnancy induced hypertension). This question tests important nursing knowledge related to patient care and clinical practice. The answer reflects evidence-based nursing standards and best practices. A thorough understanding of this concept includes its theoretical foundations, practical applications in various clinical settings, and its significance in providing high-quality patient care. Further study of relevant nursing textbooks would provide additional context and depth on this topic.",التمريض العام,
Q(613): Which of the following is considered as the main maternal,Death,Candidacies,Cervical cancer,Uterine prolapsed,Death,Death is correct. This aligns with evidence-based nursing practice.,,nursing_questions_613,"The correct answer is Death. This question tests important nursing knowledge related to patient care and clinical practice. The answer reflects evidence-based nursing standards and best practices. A thorough understanding of this concept includes its theoretical foundations, practical applications in various clinical settings, and its significance in providing high-quality patient care. Further study of relevant nursing textbooks would provide additional context and depth on this topic.",التمريض العام,
Q(614): A primigravida client at 25 weeks gestation visits the clinic and tells,Tailor sitting,Leg lifting,Shoulder circling,Squatting exercises,Tailor sitting,Tailor sitting is correct. This aligns with evidence-based nursing practice.,,nursing_questions_614,"The correct answer is Tailor sitting. This question tests important nursing knowledge related to patient care and clinical practice. The answer reflects evidence-based nursing standards and best practices. A thorough understanding of this concept includes its theoretical foundations, practical applications in various clinical settings, and its significance in providing high-quality patient care. Further study of relevant nursing textbooks would provide additional context and depth on this topic.",التمريض العام,
Q(615): Pregnant client is making her first Antepartum visit. She has a two,G4 T3 P2 A1 L4,G5 T2 P2 A1 L4,G5 T2 P1 A1 L4,G4 T3 P1 A1 L4,G5 T2 P1 A1 L4,G5 T2 P1 A1 L4 is correct. This aligns with evidence-based nursing practice.,,nursing_questions_615,"The correct answer is G5 T2 P1 A1 L4. This question tests important nursing knowledge related to patient care and clinical practice. The answer reflects evidence-based nursing standards and best practices. A thorough understanding of this concept includes its theoretical foundations, practical applications in various clinical settings, and its significance in providing high-quality patient care. Further study of relevant nursing textbooks would provide additional context and depth on this topic.",التمريض العام,
Q(616): A 17-years-old mother presented to the primary health after delivery.,Death,Candidacies,Cervical cancer,Uterine prolapsed,Death,Death is correct. This aligns with evidence-based nursing practice.,,nursing_questions_616,"The correct answer is Death. This question tests important nursing knowledge related to patient care and clinical practice. The answer reflects evidence-based nursing standards and best practices. A thorough understanding of this concept includes its theoretical foundations, practical applications in various clinical settings, and its significance in providing high-quality patient care. Further study of relevant nursing textbooks would provide additional context and depth on this topic.",التمريض العام,
Q(617): A 17-year-old mother presented to the primary health center ten,Severe urinary track infection,Vesicovaginal fistula,Puerperal sepsis,Post-partum hemorrhage,Puerperal sepsis,Puerperal sepsis is correct. This aligns with evidence-based nursing practice.,,nursing_questions_617,"The correct answer is Puerperal sepsis. This question tests important nursing knowledge related to patient care and clinical practice. The answer reflects evidence-based nursing standards and best practices. A thorough understanding of this concept includes its theoretical foundations, practical applications in various clinical settings, and its significance in providing high-quality patient care. Further study of relevant nursing textbooks would provide additional context and depth on this topic.",التمريض العام,
Q(618): A 17-year-old women went to the Emergency Department,Cellulitis,Bacterial cholangitis,Infective endocarditis,Rheumatic heart disease,Rheumatic heart disease,Rheumatic heart disease is correct. This aligns with evidence-based nursing practice.,,nursing_questions_618,"The correct answer is Rheumatic heart disease. This question tests important nursing knowledge related to patient care and clinical practice. The answer reflects evidence-based nursing standards and best practices. A thorough understanding of this concept includes its theoretical foundations, practical applications in various clinical settings, and its significance in providing high-quality patient care. Further study of relevant nursing textbooks would provide additional context and depth on this topic.",التمريض العام,
Q(619): A gravida 3 para 2 presents to the Maternity Triage Unit after the,Level of pain.,Cervical dilatation and effacement,Engagement of presenting part.,Frequency and length of contractions,Cervical dilatation and effacement,Cervical dilatation and effacement is correct. This aligns with evidence-based nursing practice.,,nursing_questions_619,"The correct answer is Cervical dilatation and effacement. This question tests important nursing knowledge related to patient care and clinical practice. The answer reflects evidence-based nursing standards and best practices. A thorough understanding of this concept includes its theoretical foundations, practical applications in various clinical settings, and its significance in providing high-quality patient care. Further study of relevant nursing textbooks would provide additional context and depth on this topic.",التمريض العام,
Q(620): A pregnant woman is 36 weeks pregnant was admitted to antenatal,Placenta previa,Tubal pregnancy,Abruptio placenta,Abruption placenta,Abruption placenta,AI corrected Q. Abruption placenta is correct. This aligns with evidence-based nursing practice.,,nursing_questions_620,"The correct answer is Abruption placenta. This question tests important nursing knowledge related to patient care and clinical practice. The answer reflects evidence-based nursing standards and best practices. A thorough understanding of this concept includes its theoretical foundations, practical applications in various clinical settings, and its significance in providing high-quality patient care. Further study of relevant nursing textbooks would provide additional context and depth on this topic.",التمريض العام,
Q(621): Which of the following is described as premature separation of a,Placenta Previa,Ectopic pregnancy,Incompetent cervix,Abruptio placenta,Abruptio placenta,Abruptio placenta is correct. This aligns with evidence-based nursing practice.,,nursing_questions_621,"The correct answer is Abruptio placenta. This question tests important nursing knowledge related to patient care and clinical practice. The answer reflects evidence-based nursing standards and best practices. A thorough understanding of this concept includes its theoretical foundations, practical applications in various clinical settings, and its significance in providing high-quality patient care. Further study of relevant nursing textbooks would provide additional context and depth on this topic.",التمريض العام,
Q(622): Which of the following classifications of placenta previa is applicable,Total,Partial,Marginal,Complete,Marginal,Marginal is correct. This aligns with evidence-based nursing practice.,,nursing_questions_622,"The correct answer is Marginal. This question tests important nursing knowledge related to patient care and clinical practice. The answer reflects evidence-based nursing standards and best practices. A thorough understanding of this concept includes its theoretical foundations, practical applications in various clinical settings, and its significance in providing high-quality patient care. Further study of relevant nursing textbooks would provide additional context and depth on this topic.",التمريض العام,
Q(623): A 28-year-old pregnant woman at 9 weeks presents to the with,Placenta previa,Abruptio placenta,Ectopic pregnancy,Hydatidiform mole,Hydatidiform mole,Hydatidiform mole is correct. This aligns with evidence-based nursing practice.,,nursing_questions_623,"The correct answer is Hydatidiform mole. This question tests important nursing knowledge related to patient care and clinical practice. The answer reflects evidence-based nursing standards and best practices. A thorough understanding of this concept includes its theoretical foundations, practical applications in various clinical settings, and its significance in providing high-quality patient care. Further study of relevant nursing textbooks would provide additional context and depth on this topic.",التمريض العام,
Q(624): A 25 years old patient with history of amenorrhea for two month,Hypotension,Hyperglycemia,Rapid uterine growth,Painful uterine contraction,Rapid uterine growth,Rapid uterine growth is correct. This aligns with evidence-based nursing practice.,,nursing_questions_624,"The correct answer is Rapid uterine growth. This question tests important nursing knowledge related to patient care and clinical practice. The answer reflects evidence-based nursing standards and best practices. A thorough understanding of this concept includes its theoretical foundations, practical applications in various clinical settings, and its significance in providing high-quality patient care. Further study of relevant nursing textbooks would provide additional context and depth on this topic.",التمريض العام,
Q(625): A women was discharged from gynecological ward after gestational,Never to fall pregnant again,To request the doctor to sterilize her.,To consider having her uterus removed,To avoid falling pregnant for at least one year,To avoid falling pregnant for at least one year,To avoid falling pregnant for at least one year is correct. This aligns with evidence-based nursing practice.,,nursing_questions_625,"The correct answer is To avoid falling pregnant for at least one year. This question tests important nursing knowledge related to patient care and clinical practice. The answer reflects evidence-based nursing standards and best practices. A thorough understanding of this concept includes its theoretical foundations, practical applications in various clinical settings, and its significance in providing high-quality patient care. Further study of relevant nursing textbooks would provide additional context and depth on this topic.",التمريض العام,
Q(626): 30 years old women absent her menstruation for 5 months and her,Pregnancy,Primary amenorrhea,Secondary amenorrhea,,Secondary amenorrhea,Secondary amenorrhea is correct. This aligns with evidence-based nursing practice.,,nursing_questions_626,"The correct answer is Secondary amenorrhea. This question tests important nursing knowledge related to patient care and clinical practice. The answer reflects evidence-based nursing standards and best practices. A thorough understanding of this concept includes its theoretical foundations, practical applications in various clinical settings, and its significance in providing high-quality patient care. Further study of relevant nursing textbooks would provide additional context and depth on this topic.",التمريض العام,
Q(627): Mother 32 week is worry about her fetus and want to ensure her,Measure fundal hight,Ultrasonography,Non stress test,Abdominal girth,Measure fundal hight,Measure fundal hight is correct. This aligns with evidence-based nursing practice.,,nursing_questions_627,"The correct answer is Measure fundal hight. This question tests important nursing knowledge related to patient care and clinical practice. The answer reflects evidence-based nursing standards and best practices. A thorough understanding of this concept includes its theoretical foundations, practical applications in various clinical settings, and its significance in providing high-quality patient care. Further study of relevant nursing textbooks would provide additional context and depth on this topic.",التمريض العام,
Q(628): The Vitro fertilization is related to ( indications )?,Blockage of fallopian tube,Donner of sperm,Absence of sperm,Immunologic hormone,Blockage of fallopian tube,Blockage of fallopian tube is correct. This aligns with evidence-based nursing practice.,,nursing_questions_628,"The correct answer is Blockage of fallopian tube. This question tests important nursing knowledge related to patient care and clinical practice. The answer reflects evidence-based nursing standards and best practices. A thorough understanding of this concept includes its theoretical foundations, practical applications in various clinical settings, and its significance in providing high-quality patient care. Further study of relevant nursing textbooks would provide additional context and depth on this topic.",التمريض العام,
Q(629): Postpartum woman came to ER and complaining from fatigue. She,Are you blame yourself you are not be coping to motherhood ?,Is there a family member you can talk with him?,Are you have any thoughts about harm yourself or harm your baby,,Are you blame yourself you are not be coping to motherhood ?,Are you blame yourself you are not be coping to motherhood ? is correct. This aligns with evidence-based nursing practice.,,nursing_questions_629,"The correct answer is Are you blame yourself you are not be coping to motherhood ?. This question tests important nursing knowledge related to patient care and clinical practice. The answer reflects evidence-based nursing standards and best practices. A thorough understanding of this concept includes its theoretical foundations, practical applications in various clinical settings, and its significance in providing high-quality patient care. Further study of relevant nursing textbooks would provide additional context and depth on this topic.",التمريض العام,
Q(630): A 30-year-old pregnant lady in her 33 weeks pregnancy. When the,Selective,Follow up.,Field trip.,Abruption placenta,Abruption placenta,AI corrected Q. Abruption placenta is correct. This aligns with evidence-based nursing practice.,,nursing_questions_630,"The correct answer is Abruption placenta. This question tests important nursing knowledge related to patient care and clinical practice. The answer reflects evidence-based nursing standards and best practices. A thorough understanding of this concept includes its theoretical foundations, practical applications in various clinical settings, and its significance in providing high-quality patient care. Further study of relevant nursing textbooks would provide additional context and depth on this topic.",التمريض العام,
Q(631): A Pregnant woman came to ER complain with sever pain in leg.,Instruct her to Put pillow behind back while setting,Instruct her to put pillow under head and elevate the shoulder,Instruct her to wear elastic stocking with suitable size,,Instruct her to wear elastic stocking with suitable size,Instruct her to wear elastic stocking with suitable size is correct. This aligns with evidence-based nursing practice.,,nursing_questions_631,"The correct answer is Instruct her to wear elastic stocking with suitable size. This question tests important nursing knowledge related to patient care and clinical practice. The answer reflects evidence-based nursing standards and best practices. A thorough understanding of this concept includes its theoretical foundations, practical applications in various clinical settings, and its significance in providing high-quality patient care. Further study of relevant nursing textbooks would provide additional context and depth on this topic.",التمريض العام,
Q(632): Postpartum mother is to be discharged on the second day of her,Diet management and exercise plan,Newborn care and vaccination records,Hygiene practices and alert signs to report,Family planning and child growth monitoring,Hygiene practices and alert signs to report,Hygiene practices and alert signs to report is correct. This aligns with evidence-based nursing practice.,,nursing_questions_632,"The correct answer is Hygiene practices and alert signs to report. This question tests important nursing knowledge related to patient care and clinical practice. The answer reflects evidence-based nursing standards and best practices. A thorough understanding of this concept includes its theoretical foundations, practical applications in various clinical settings, and its significance in providing high-quality patient care. Further study of relevant nursing textbooks would provide additional context and depth on this topic.",التمريض العام,
Q(633): Pregnant woman 12 week after motor accident. She came to ER with,Placenta previa,Inevitable abortion,Abruptio placenta,,Inevitable abortion,Inevitable abortion is correct. This aligns with evidence-based nursing practice.,,nursing_questions_633,"The correct answer is Inevitable abortion. This question tests important nursing knowledge related to patient care and clinical practice. The answer reflects evidence-based nursing standards and best practices. A thorough understanding of this concept includes its theoretical foundations, practical applications in various clinical settings, and its significance in providing high-quality patient care. Further study of relevant nursing textbooks would provide additional context and depth on this topic.",التمريض العام,
Q(634): A 30 year-old married female has dilatation and curettage as a,Take high protein diet,Use tampons during swimming,Avoid sexual intercourse for two weeks,Continue on bed rest for two weeks at home,Avoid sexual intercourse for two weeks,Avoid sexual intercourse for two weeks is correct. This aligns with evidence-based nursing practice.,,nursing_questions_634,"The correct answer is Avoid sexual intercourse for two weeks. This question tests important nursing knowledge related to patient care and clinical practice. The answer reflects evidence-based nursing standards and best practices. A thorough understanding of this concept includes its theoretical foundations, practical applications in various clinical settings, and its significance in providing high-quality patient care. Further study of relevant nursing textbooks would provide additional context and depth on this topic.",التمريض العام,
Q(635): Woman come to follow up in the third week after delivery. nurse,Perineal laceration,Retained placental fragment,,,Retained placental fragment,Retained placental fragment is correct. This aligns with evidence-based nursing practice.,,nursing_questions_635,"The correct answer is Retained placental fragment. This question tests important nursing knowledge related to patient care and clinical practice. The answer reflects evidence-based nursing standards and best practices. A thorough understanding of this concept includes its theoretical foundations, practical applications in various clinical settings, and its significance in providing high-quality patient care. Further study of relevant nursing textbooks would provide additional context and depth on this topic.",التمريض العام,
Q(636): A 26-year old patient came for lithotripsy of her kidney. She was,Prepare for physical examination,Hold procedure and inform,Have the consent signs,Prepare for lithotripsy,Hold procedure and inform,Hold procedure and inform is correct. This aligns with evidence-based nursing practice.,,nursing_questions_636,"The correct answer is Hold procedure and inform. This question tests important nursing knowledge related to patient care and clinical practice. The answer reflects evidence-based nursing standards and best practices. A thorough understanding of this concept includes its theoretical foundations, practical applications in various clinical settings, and its significance in providing high-quality patient care. Further study of relevant nursing textbooks would provide additional context and depth on this topic.",التمريض العام,
Q(637): A pregnant 33 week came to ER with sudden vaginal bleeding and,Threatened Abortion,Abruptio placenta,Placenta previa,,Placenta previa,Placenta previa is correct. This aligns with evidence-based nursing practice.,,nursing_questions_637,"The correct answer is Placenta previa. This question tests important nursing knowledge related to patient care and clinical practice. The answer reflects evidence-based nursing standards and best practices. A thorough understanding of this concept includes its theoretical foundations, practical applications in various clinical settings, and its significance in providing high-quality patient care. Further study of relevant nursing textbooks would provide additional context and depth on this topic.",التمريض العام,
Q(638): A 66- year-old woman was admitted to the hospital with a history of,Hypertension,Rheumatic fever,Atherosclerosis,Genetic predisposition,Hypertension,Hypertension is correct. This aligns with evidence-based nursing practice.,,nursing_questions_638,"The correct answer is Hypertension. This question tests important nursing knowledge related to patient care and clinical practice. The answer reflects evidence-based nursing standards and best practices. A thorough understanding of this concept includes its theoretical foundations, practical applications in various clinical settings, and its significance in providing high-quality patient care. Further study of relevant nursing textbooks would provide additional context and depth on this topic.",التمريض العام,
Q(639): A pregnant woman in labor. She has sever abdominal pain extend to,Encourage her to walk,Give nitro oxide,Give analgesic,,Encourage her to walk,Encourage her to walk is correct. This aligns with evidence-based nursing practice.,,nursing_questions_639,"The correct answer is Encourage her to walk. This question tests important nursing knowledge related to patient care and clinical practice. The answer reflects evidence-based nursing standards and best practices. A thorough understanding of this concept includes its theoretical foundations, practical applications in various clinical settings, and its significance in providing high-quality patient care. Further study of relevant nursing textbooks would provide additional context and depth on this topic.",التمريض العام,
Q(640): 19 years old woman needs urgent Cesarean section. The informed,Parents,Patient,Husband,Abruption placenta,Abruption placenta,AI corrected Q. Abruption placenta is correct. This aligns with evidence-based nursing practice.,,nursing_questions_640,"The correct answer is Abruption placenta. This question tests important nursing knowledge related to patient care and clinical practice. The answer reflects evidence-based nursing standards and best practices. A thorough understanding of this concept includes its theoretical foundations, practical applications in various clinical settings, and its significance in providing high-quality patient care. Further study of relevant nursing textbooks would provide additional context and depth on this topic.",التمريض العام,
Q(641): The nurse is performing a prenatal examination on a client in the,Fetal descent,Placenta previa,Fetal lie and presentation,Strength of uterine contractions,Fetal lie and presentation,Fetal lie and presentation is correct. This aligns with evidence-based nursing practice.,,nursing_questions_641,"The correct answer is Fetal lie and presentation. This question tests important nursing knowledge related to patient care and clinical practice. The answer reflects evidence-based nursing standards and best practices. A thorough understanding of this concept includes its theoretical foundations, practical applications in various clinical settings, and its significance in providing high-quality patient care. Further study of relevant nursing textbooks would provide additional context and depth on this topic.",التمريض العام,
Q(642): Which of the following is necessities for caesarean section?,,,,,,Explanation not available due to missing correct answer.,,nursing_questions_642,Detailed explanation not available due to missing correct answer.,التمريض العام,
Q(643): A pregnant woman had an accident and come to ER with brown,Inevitable,Threatened,Abruptio placenta,,Inevitable,Inevitable is correct. This aligns with evidence-based nursing practice.,,nursing_questions_643,"The correct answer is Inevitable. This question tests important nursing knowledge related to patient care and clinical practice. The answer reflects evidence-based nursing standards and best practices. A thorough understanding of this concept includes its theoretical foundations, practical applications in various clinical settings, and its significance in providing high-quality patient care. Further study of relevant nursing textbooks would provide additional context and depth on this topic.",التمريض العام,
Q(644): Mother has inevitable abortion. What should the nurse monitor?,Hemorrhage,Uterine contractions,,,Hemorrhage,Hemorrhage is correct. This aligns with evidence-based nursing practice.,,nursing_questions_644,"The correct answer is Hemorrhage. This question tests important nursing knowledge related to patient care and clinical practice. The answer reflects evidence-based nursing standards and best practices. A thorough understanding of this concept includes its theoretical foundations, practical applications in various clinical settings, and its significance in providing high-quality patient care. Further study of relevant nursing textbooks would provide additional context and depth on this topic.",التمريض العام,
Q(645): A pregnant mother at early pregnancy was admitted in Emergency,Missed,Inevitable,Incomplete,Threatened,Inevitable,Inevitable is correct. This aligns with evidence-based nursing practice.,,nursing_questions_645,"The correct answer is Inevitable. This question tests important nursing knowledge related to patient care and clinical practice. The answer reflects evidence-based nursing standards and best practices. A thorough understanding of this concept includes its theoretical foundations, practical applications in various clinical settings, and its significance in providing high-quality patient care. Further study of relevant nursing textbooks would provide additional context and depth on this topic.",التمريض العام,
Q(646): Mother with hyperthyroidism high risk for?,Preterm labor,Pre-eclampsia,Hemorrhage,Congenital anomalies,Pre-eclampsia,Pre-eclampsia is correct. This aligns with evidence-based nursing practice.,,nursing_questions_646,"The correct answer is Pre-eclampsia. This question tests important nursing knowledge related to patient care and clinical practice. The answer reflects evidence-based nursing standards and best practices. A thorough understanding of this concept includes its theoretical foundations, practical applications in various clinical settings, and its significance in providing high-quality patient care. Further study of relevant nursing textbooks would provide additional context and depth on this topic.",التمريض العام,
Q(647): Pregnant woman has convulsions associated with eclampsia which of,Diazepam,Midazolam,Magnesium sulfate,,Diazepam,Diazepam is correct. This aligns with evidence-based nursing practice.,,nursing_questions_647,"The correct answer is Diazepam. This question tests important nursing knowledge related to patient care and clinical practice. The answer reflects evidence-based nursing standards and best practices. A thorough understanding of this concept includes its theoretical foundations, practical applications in various clinical settings, and its significance in providing high-quality patient care. Further study of relevant nursing textbooks would provide additional context and depth on this topic.",التمريض العام,
Q(648): Newborn has diagnosed Development Dysplasia of hip DDH and is,Multiple,Acetabular dysplasia,Subluxation,Dislocation,Dislocation,Dislocation is correct. This aligns with evidence-based nursing practice.,,nursing_questions_648,"The correct answer is Dislocation. This question tests important nursing knowledge related to patient care and clinical practice. The answer reflects evidence-based nursing standards and best practices. A thorough understanding of this concept includes its theoretical foundations, practical applications in various clinical settings, and its significance in providing high-quality patient care. Further study of relevant nursing textbooks would provide additional context and depth on this topic.",التمريض العام,
Q(649): You have learned that in babies and children with developmental,acetabular dysplasia,dislocation,Preluxion,Subluxation,Subluxation,Subluxation is correct. This aligns with evidence-based nursing practice.,,nursing_questions_649,"The correct answer is Subluxation. This question tests important nursing knowledge related to patient care and clinical practice. The answer reflects evidence-based nursing standards and best practices. A thorough understanding of this concept includes its theoretical foundations, practical applications in various clinical settings, and its significance in providing high-quality patient care. Further study of relevant nursing textbooks would provide additional context and depth on this topic.",التمريض العام,
"Q(650): A mother, who is planned for the labour induction, is started on",Baby's head not engaged,Decreasing heart rate of the baby,Mother's blood pressure 110/60 mmHg,Abruption placenta,Abruption placenta,AI corrected Q. Abruption placenta is correct. This aligns with evidence-based nursing practice.,,nursing_questions_650,"The correct answer is Abruption placenta. This question tests important nursing knowledge related to patient care and clinical practice. The answer reflects evidence-based nursing standards and best practices. A thorough understanding of this concept includes its theoretical foundations, practical applications in various clinical settings, and its significance in providing high-quality patient care. Further study of relevant nursing textbooks would provide additional context and depth on this topic.",التمريض العام,
"Q(651): When the bag of water ruptures, the nurse should watch for which",Fetal distress,Cord prolapse,Respiratory distress,Bleeding,Cord prolapse,Cord prolapse is correct. This aligns with evidence-based nursing practice.,,nursing_questions_651,"The correct answer is Cord prolapse. This question tests important nursing knowledge related to patient care and clinical practice. The answer reflects evidence-based nursing standards and best practices. A thorough understanding of this concept includes its theoretical foundations, practical applications in various clinical settings, and its significance in providing high-quality patient care. Further study of relevant nursing textbooks would provide additional context and depth on this topic.",التمريض العام,
Q(652): A pregnant woman in active phase with cervical dilatation 3 cm. The,insertion catheter to empty bladder,Assess contraction for full minute,Assess FHR at least full minute,,Assess FHR at least full minute,Assess FHR at least full minute is correct. This aligns with evidence-based nursing practice.,,nursing_questions_652,"The correct answer is Assess FHR at least full minute. This question tests important nursing knowledge related to patient care and clinical practice. The answer reflects evidence-based nursing standards and best practices. A thorough understanding of this concept includes its theoretical foundations, practical applications in various clinical settings, and its significance in providing high-quality patient care. Further study of relevant nursing textbooks would provide additional context and depth on this topic.",التمريض العام,
Q(653): The community midwife has just finished an educational session,Disease prevention.,Increased healthy livin,Early detection of related issues.,Strengthened marital relationship,Early detection of related issues.,Early detection of related issues. is correct. This aligns with evidence-based nursing practice.,,nursing_questions_653,"The correct answer is Early detection of related issues.. This question tests important nursing knowledge related to patient care and clinical practice. The answer reflects evidence-based nursing standards and best practices. A thorough understanding of this concept includes its theoretical foundations, practical applications in various clinical settings, and its significance in providing high-quality patient care. Further study of relevant nursing textbooks would provide additional context and depth on this topic.",التمريض العام,
Q(654): Surfactant secreted in lung at gestation age of ?,22,24,26,28,24,24 is correct. This aligns with evidence-based nursing practice.,,nursing_questions_654,"The correct answer is 24. This question tests important nursing knowledge related to patient care and clinical practice. The answer reflects evidence-based nursing standards and best practices. A thorough understanding of this concept includes its theoretical foundations, practical applications in various clinical settings, and its significance in providing high-quality patient care. Further study of relevant nursing textbooks would provide additional context and depth on this topic.",التمريض العام,
Q(655): Which week lung (surfactant) will be mature?,20 week,24 week,16 week,28 week,28 week,28 week is correct. This aligns with evidence-based nursing practice.,,nursing_questions_655,"The correct answer is 28 week. This question tests important nursing knowledge related to patient care and clinical practice. The answer reflects evidence-based nursing standards and best practices. A thorough understanding of this concept includes its theoretical foundations, practical applications in various clinical settings, and its significance in providing high-quality patient care. Further study of relevant nursing textbooks would provide additional context and depth on this topic.",التمريض العام,
Q(656): When does mature surfactant begin to be Produced or secreted?,21 week,24 week,28 week,16 week,24 week,24 week is correct. This aligns with evidence-based nursing practice.,,nursing_questions_656,"The correct answer is 24 week. This question tests important nursing knowledge related to patient care and clinical practice. The answer reflects evidence-based nursing standards and best practices. A thorough understanding of this concept includes its theoretical foundations, practical applications in various clinical settings, and its significance in providing high-quality patient care. Further study of relevant nursing textbooks would provide additional context and depth on this topic.",التمريض العام,
Q(657): The size of uterus at the end of pregnancy:,900 g,1000 g,1500 g,,900 g,900 g is correct. This aligns with evidence-based nursing practice.,,nursing_questions_657,"The correct answer is 900 g. This question tests important nursing knowledge related to patient care and clinical practice. The answer reflects evidence-based nursing standards and best practices. A thorough understanding of this concept includes its theoretical foundations, practical applications in various clinical settings, and its significance in providing high-quality patient care. Further study of relevant nursing textbooks would provide additional context and depth on this topic.",التمريض العام,
Q(658): The uterus size after delivery:,900 g,1000 g,1500 g,,1000 g,1000 g is correct. This aligns with evidence-based nursing practice.,,nursing_questions_658,"The correct answer is 1000 g. This question tests important nursing knowledge related to patient care and clinical practice. The answer reflects evidence-based nursing standards and best practices. A thorough understanding of this concept includes its theoretical foundations, practical applications in various clinical settings, and its significance in providing high-quality patient care. Further study of relevant nursing textbooks would provide additional context and depth on this topic.",التمريض العام,
Q(659): A nurse is performing an assessment of women who is delivery,Hemoglobin of 11.0 g/dl,"White blood cell count of 12,000",Fetal heart rate of 180 beats per minute,Maternal pulse rate of 85 beats per minute,Fetal heart rate of 180 beats per minute,Fetal heart rate of 180 beats per minute is correct. This reflects proper patient assessment techniques.,,nursing_questions_659,"The correct answer is Fetal heart rate of 180 beats per minute. This question focuses on patient assessment and symptom recognition, which is essential for accurate nursing diagnosis and intervention planning. The answer reflects proper assessment techniques and interpretation of clinical findings. Comprehensive knowledge in this area includes understanding the pathophysiology underlying various signs and symptoms, differential diagnoses to consider, and appropriate follow-up assessments.",التمريض العام,
"Q(660): A nurse who is caring for a woman in labor, prepares to auscultate",Notify if the heart rate is greater than 140 BPM,Placing the diaphragm of the Doppler on the woman abdomen,Palpating the maternal radial pulse while listening to the rate,Abruption placenta,Abruption placenta,AI corrected Q. Abruption placenta is correct. This aligns with evidence-based nursing practice.,,nursing_questions_660,"The correct answer is Abruption placenta. This question tests important nursing knowledge related to patient care and clinical practice. The answer reflects evidence-based nursing standards and best practices. A thorough understanding of this concept includes its theoretical foundations, practical applications in various clinical settings, and its significance in providing high-quality patient care. Further study of relevant nursing textbooks would provide additional context and depth on this topic.",التمريض العام,
Q(661): Postpartum Client called to midwife after 10 days of discharge. She,Informe her to return hospital to reassesment,Reassure the mother and tell her thats normal and lochia changes in,Ask her about if she breastfeed her baby,,,Explanation not available due to missing correct answer.,,nursing_questions_661,Detailed explanation not available due to missing correct answer.,التمريض العام,
Q(662): What the important considerations that the nurse must checked,Checked if the cord is long enough for baby,Check if the umbilical cord has 3 blood vessels,Check if the cord has a meaty portion and a shiny portion.,Check if the placenta is complete including the membranes,Check if the placenta is complete including the membranes,Check if the placenta is complete including the membranes is correct. This aligns with evidence-based nursing practice.,,nursing_questions_662,"The correct answer is Check if the placenta is complete including the membranes. This question tests important nursing knowledge related to patient care and clinical practice. The answer reflects evidence-based nursing standards and best practices. A thorough understanding of this concept includes its theoretical foundations, practical applications in various clinical settings, and its significance in providing high-quality patient care. Further study of relevant nursing textbooks would provide additional context and depth on this topic.",التمريض العام,
Q(663): During vaginal examination the nurse palpated the posterior,ROP,LOP.,ROA,LOA,ROA,ROA is correct. This aligns with evidence-based nursing practice.,,nursing_questions_663,"The correct answer is ROA. This question tests important nursing knowledge related to patient care and clinical practice. The answer reflects evidence-based nursing standards and best practices. A thorough understanding of this concept includes its theoretical foundations, practical applications in various clinical settings, and its significance in providing high-quality patient care. Further study of relevant nursing textbooks would provide additional context and depth on this topic.",التمريض العام,
Q(664): During vaginal examination the nurse palpated the Anterior,ROP,LOP.,ROA,LOA,ROP,ROP is correct. This aligns with evidence-based nursing practice.,,nursing_questions_664,"The correct answer is ROP. This question tests important nursing knowledge related to patient care and clinical practice. The answer reflects evidence-based nursing standards and best practices. A thorough understanding of this concept includes its theoretical foundations, practical applications in various clinical settings, and its significance in providing high-quality patient care. Further study of relevant nursing textbooks would provide additional context and depth on this topic.",التمريض العام,
Q(665): Which of the following of maternal age and other factors that affect,Female 50 and above,Female 16 or less,Hypertension,Anemia,Female 50 and above,Female 50 and above is correct. This aligns with evidence-based nursing practice.,,nursing_questions_665,"The correct answer is Female 50 and above. This question tests important nursing knowledge related to patient care and clinical practice. The answer reflects evidence-based nursing standards and best practices. A thorough understanding of this concept includes its theoretical foundations, practical applications in various clinical settings, and its significance in providing high-quality patient care. Further study of relevant nursing textbooks would provide additional context and depth on this topic.",التمريض العام,
Q(666): What is the most common cause of fetal hypoxia?,fetal descent,Full Dilation of cervical,Contraction of uterine,cervical effacement,Contraction of uterine,Contraction of uterine is correct. This aligns with evidence-based nursing practice.,,nursing_questions_666,"The correct answer is Contraction of uterine. This question tests important nursing knowledge related to patient care and clinical practice. The answer reflects evidence-based nursing standards and best practices. A thorough understanding of this concept includes its theoretical foundations, practical applications in various clinical settings, and its significance in providing high-quality patient care. Further study of relevant nursing textbooks would provide additional context and depth on this topic.",التمريض العام,
Q(667): Which of the following statement described the latent phase ?,First 3 cm of cervical dilatation,From onset of labour to full dilatation,When the cervix is 100% effaced,Time of progress from 4 cm to 7 cm,First 3 cm of cervical dilatation,First 3 cm of cervical dilatation is correct. This aligns with evidence-based nursing practice.,,nursing_questions_667,"The correct answer is First 3 cm of cervical dilatation. This question tests important nursing knowledge related to patient care and clinical practice. The answer reflects evidence-based nursing standards and best practices. A thorough understanding of this concept includes its theoretical foundations, practical applications in various clinical settings, and its significance in providing high-quality patient care. Further study of relevant nursing textbooks would provide additional context and depth on this topic.",التمريض العام,
Q(668): Which of the following hormones are responsible for implantation of,Progesterone and estrogen,LH and. FSH Hormones,Oxytocin,,Progesterone and estrogen,Progesterone and estrogen is correct. This aligns with evidence-based nursing practice.,,nursing_questions_668,"The correct answer is Progesterone and estrogen. This question tests important nursing knowledge related to patient care and clinical practice. The answer reflects evidence-based nursing standards and best practices. A thorough understanding of this concept includes its theoretical foundations, practical applications in various clinical settings, and its significance in providing high-quality patient care. Further study of relevant nursing textbooks would provide additional context and depth on this topic.",التمريض العام,
Q(669): Mastitis is an infection of the breast that occurs most often 2-4 after,Drainage of breast abscess,Antibiotic therapy and cessation of breast-feeding,Antibiotic therapy and continuation of breastfeeding,Advise mother to stop breastfeeding until infection is clean.,Antibiotic therapy and continuation of breastfeeding,Antibiotic therapy and continuation of breastfeeding is correct. This aligns with evidence-based nursing practice.,,nursing_questions_669,"The correct answer is Antibiotic therapy and continuation of breastfeeding. This question tests important nursing knowledge related to patient care and clinical practice. The answer reflects evidence-based nursing standards and best practices. A thorough understanding of this concept includes its theoretical foundations, practical applications in various clinical settings, and its significance in providing high-quality patient care. Further study of relevant nursing textbooks would provide additional context and depth on this topic.",التمريض العام,
"Q(670): Postpartum mother was complaining of mastitis on the Right breast,",Breastfeed from both sides it is safe,The left side is only safe,The right side is only safe,Abruption placenta,Abruption placenta,AI corrected Q. Abruption placenta is correct. This aligns with evidence-based nursing practice.,,nursing_questions_670,"The correct answer is Abruption placenta. This question tests important nursing knowledge related to patient care and clinical practice. The answer reflects evidence-based nursing standards and best practices. A thorough understanding of this concept includes its theoretical foundations, practical applications in various clinical settings, and its significance in providing high-quality patient care. Further study of relevant nursing textbooks would provide additional context and depth on this topic.",التمريض العام,
Q(671): Post-operative patient to be discharged and his temperature is 37.6,informs the physician to delay discharge.,gives aspirin dose earlier than scheduled.,temperature is normal because of the time.,suspected infection,temperature is normal because of the time.,temperature is normal because of the time. is correct. This involves proper vital sign assessment and interpretation.,,nursing_questions_671,"The correct answer is temperature is normal because of the time.. This question addresses vital sign assessment and interpretation, which is a fundamental nursing skill. Accurate measurement and interpretation of vital signs is critical for patient assessment and monitoring. The answer reflects standard nursing practice for vital sign interpretation and subsequent interventions. A comprehensive understanding includes knowledge of normal ranges, variations across different patient populations, and clinical significance of abnormal findings.",التمريض العام,
Q(672): A nurse is providing instructions to a mother who has been,I need to take antibiotics. And I should begin to feel better in 24-48 hours.,I can use analgesics to assist in alleviating some of the discomfort.,I need to wear a supportive bra to relieve the discomfort.,I need to stop breastfeeding until this condition resolves,I need to stop breastfeeding until this condition resolves,I need to stop breastfeeding until this condition resolves is correct. This aligns with evidence-based nursing practice.,,nursing_questions_672,"The correct answer is I need to stop breastfeeding until this condition resolves. This question tests important nursing knowledge related to patient care and clinical practice. The answer reflects evidence-based nursing standards and best practices. A thorough understanding of this concept includes its theoretical foundations, practical applications in various clinical settings, and its significance in providing high-quality patient care. Further study of relevant nursing textbooks would provide additional context and depth on this topic.",التمريض العام,
Q(673): A nurse is giving health education for a mother who has mastitis.,Take antibiotics,Use analgesics,Wear a supportive bra.,Stop breast-feeding.,Stop breast-feeding.,Stop breast-feeding. is correct. This aligns with evidence-based nursing practice.,,nursing_questions_673,"The correct answer is Stop breast-feeding.. This question tests important nursing knowledge related to patient care and clinical practice. The answer reflects evidence-based nursing standards and best practices. A thorough understanding of this concept includes its theoretical foundations, practical applications in various clinical settings, and its significance in providing high-quality patient care. Further study of relevant nursing textbooks would provide additional context and depth on this topic.",التمريض العام,
Q(674): A client in the second stage of labor is unable to push and lacks to,Assess fetal descent,Infuse intravenous fluids,Empty the client’s bladder,Administer oxygen to the mother,Assess fetal descent,Assess fetal descent is correct. This aligns with evidence-based nursing practice.,,nursing_questions_674,"The correct answer is Assess fetal descent. This question tests important nursing knowledge related to patient care and clinical practice. The answer reflects evidence-based nursing standards and best practices. A thorough understanding of this concept includes its theoretical foundations, practical applications in various clinical settings, and its significance in providing high-quality patient care. Further study of relevant nursing textbooks would provide additional context and depth on this topic.",التمريض العام,
Q(675): A 22-years old gravida 2 para 1 with gestational age 38 week,Reassure the mother that the FHR is Ok.,immediately notify the physician or midwife.,Reposition the patient to left lateral position.,Ask the mother about the pattern of fetal movement,immediately notify the physician or midwife.,immediately notify the physician or midwife. is correct. This aligns with evidence-based nursing practice.,,nursing_questions_675,"The correct answer is immediately notify the physician or midwife.. This question tests important nursing knowledge related to patient care and clinical practice. The answer reflects evidence-based nursing standards and best practices. A thorough understanding of this concept includes its theoretical foundations, practical applications in various clinical settings, and its significance in providing high-quality patient care. Further study of relevant nursing textbooks would provide additional context and depth on this topic.",التمريض العام,
Q(676): Which hormones is responsible for uterine wall change and breast,Progesterone,Estrogen,HCG,,Estrogen,Estrogen is correct. This aligns with evidence-based nursing practice.,,nursing_questions_676,"The correct answer is Estrogen. This question tests important nursing knowledge related to patient care and clinical practice. The answer reflects evidence-based nursing standards and best practices. A thorough understanding of this concept includes its theoretical foundations, practical applications in various clinical settings, and its significance in providing high-quality patient care. Further study of relevant nursing textbooks would provide additional context and depth on this topic.",التمريض العام,
Q(677): A primigravid client who is at 14 weeks gestation has been diagnosed,Testosterone,Estrogen,Aldosterone,Progesterone,Estrogen,Estrogen is correct. This aligns with evidence-based nursing practice.,,nursing_questions_677,"The correct answer is Estrogen. This question tests important nursing knowledge related to patient care and clinical practice. The answer reflects evidence-based nursing standards and best practices. A thorough understanding of this concept includes its theoretical foundations, practical applications in various clinical settings, and its significance in providing high-quality patient care. Further study of relevant nursing textbooks would provide additional context and depth on this topic.",التمريض العام,
Q(678): Pregnant 36 weeks gestational with irregular painless contraction,Hegar's sign,Braxton Hicks,True labor,,Braxton Hicks,Braxton Hicks is correct. This aligns with evidence-based nursing practice.,,nursing_questions_678,"The correct answer is Braxton Hicks. This question tests important nursing knowledge related to patient care and clinical practice. The answer reflects evidence-based nursing standards and best practices. A thorough understanding of this concept includes its theoretical foundations, practical applications in various clinical settings, and its significance in providing high-quality patient care. Further study of relevant nursing textbooks would provide additional context and depth on this topic.",التمريض العام,
Q(679): Causes of hemodilution in pregnancy?,Anemia,Increase plasma,Increase WBCS,Decrease RBCS,Increase plasma,Increase plasma is correct. This aligns with evidence-based nursing practice.,,nursing_questions_679,"The correct answer is Increase plasma. This question tests important nursing knowledge related to patient care and clinical practice. The answer reflects evidence-based nursing standards and best practices. A thorough understanding of this concept includes its theoretical foundations, practical applications in various clinical settings, and its significance in providing high-quality patient care. Further study of relevant nursing textbooks would provide additional context and depth on this topic.",التمريض العام,
Q(680): A 3 Months Pregnant woman came with her husband to ER with,Request for blood test,Get informed consent from husband,Ask for medical history,Abruption placenta,Abruption placenta,AI corrected Q. Abruption placenta is correct. This aligns with evidence-based nursing practice.,,nursing_questions_680,"The correct answer is Abruption placenta. This question tests important nursing knowledge related to patient care and clinical practice. The answer reflects evidence-based nursing standards and best practices. A thorough understanding of this concept includes its theoretical foundations, practical applications in various clinical settings, and its significance in providing high-quality patient care. Further study of relevant nursing textbooks would provide additional context and depth on this topic.",التمريض العام,
Q(681): Neonate borned with vernix caseosa. The nurse should identify it,From injuries and diseases,From trauma during delivery or infection,,,From trauma during delivery or infection,From trauma during delivery or infection is correct. This aligns with evidence-based nursing practice.,,nursing_questions_681,"The correct answer is From trauma during delivery or infection. This question tests important nursing knowledge related to patient care and clinical practice. The answer reflects evidence-based nursing standards and best practices. A thorough understanding of this concept includes its theoretical foundations, practical applications in various clinical settings, and its significance in providing high-quality patient care. Further study of relevant nursing textbooks would provide additional context and depth on this topic.",التمريض العام,
Q(682): What is the food should be limited during pregnancy?,Raw meat,Cocked meat,Cooked fish,Well wash vegetables,Raw meat,Raw meat is correct. This aligns with evidence-based nursing practice.,,nursing_questions_682,"The correct answer is Raw meat. This question tests important nursing knowledge related to patient care and clinical practice. The answer reflects evidence-based nursing standards and best practices. A thorough understanding of this concept includes its theoretical foundations, practical applications in various clinical settings, and its significance in providing high-quality patient care. Further study of relevant nursing textbooks would provide additional context and depth on this topic.",التمريض العام,
Q(683): Which dietary intake should be initiated in pregnant woman?,Yogurt,Soft cheese,Processed cheese,Pasteurized,Processed cheese,Processed cheese is correct. This aligns with evidence-based nursing practice.,,nursing_questions_683,"The correct answer is Processed cheese. This question tests important nursing knowledge related to patient care and clinical practice. The answer reflects evidence-based nursing standards and best practices. A thorough understanding of this concept includes its theoretical foundations, practical applications in various clinical settings, and its significance in providing high-quality patient care. Further study of relevant nursing textbooks would provide additional context and depth on this topic.",التمريض العام,
Q(684): What is the food that a pregnant woman should not eat because it,Pasteurized milk,Unprocessed cheese,Processed cheese,Yogurt,Unprocessed cheese,Unprocessed cheese is correct. This aligns with evidence-based nursing practice.,,nursing_questions_684,"The correct answer is Unprocessed cheese. This question tests important nursing knowledge related to patient care and clinical practice. The answer reflects evidence-based nursing standards and best practices. A thorough understanding of this concept includes its theoretical foundations, practical applications in various clinical settings, and its significance in providing high-quality patient care. Further study of relevant nursing textbooks would provide additional context and depth on this topic.",التمريض العام,
Q(685): What is the food should be limited during pregnancy?,Pasteurized Milk,Processed Cheese,Soft cheese,Yogurt,Soft cheese,Soft cheese is correct. This aligns with evidence-based nursing practice.,,nursing_questions_685,"The correct answer is Soft cheese. This question tests important nursing knowledge related to patient care and clinical practice. The answer reflects evidence-based nursing standards and best practices. A thorough understanding of this concept includes its theoretical foundations, practical applications in various clinical settings, and its significance in providing high-quality patient care. Further study of relevant nursing textbooks would provide additional context and depth on this topic.",التمريض العام,
Q(686): Mother has 8 months child wants to give her baby an egg to eat what,Give whole egg,Don’t give for child until 1 year,Give white egg without yolk,Give yolk egg without white,Give yolk egg without white,Give yolk egg without white is correct. This aligns with evidence-based nursing practice.,,nursing_questions_686,"The correct answer is Give yolk egg without white. This question tests important nursing knowledge related to patient care and clinical practice. The answer reflects evidence-based nursing standards and best practices. A thorough understanding of this concept includes its theoretical foundations, practical applications in various clinical settings, and its significance in providing high-quality patient care. Further study of relevant nursing textbooks would provide additional context and depth on this topic.",التمريض العام,
Q(687): Mother of 10 month old baby is complaining of breast engorgement.,Increase fluid intake,Start Weaning,Give baby cows milk,,Give baby cows milk,Give baby cows milk is correct. This aligns with evidence-based nursing practice.,,nursing_questions_687,"The correct answer is Give baby cows milk. This question tests important nursing knowledge related to patient care and clinical practice. The answer reflects evidence-based nursing standards and best practices. A thorough understanding of this concept includes its theoretical foundations, practical applications in various clinical settings, and its significance in providing high-quality patient care. Further study of relevant nursing textbooks would provide additional context and depth on this topic.",التمريض العام,
Q(688): The nurse is teaching a client diagnosed with Raynaud phenomenon,Warm bath,Aspirin,Wear gloves if handling cold objectives,Avoid Cold temperature,Avoid Cold temperature,Avoid Cold temperature is correct. This aligns with evidence-based nursing practice.,,nursing_questions_688,"The correct answer is Avoid Cold temperature. This question tests important nursing knowledge related to patient care and clinical practice. The answer reflects evidence-based nursing standards and best practices. A thorough understanding of this concept includes its theoretical foundations, practical applications in various clinical settings, and its significance in providing high-quality patient care. Further study of relevant nursing textbooks would provide additional context and depth on this topic.",التمريض العام,
Q(689): Woman has experienced recurrent vaginal infection and she is,Wear cotton untiat underwear,Wipes front to back each toilet,Wear condom to prevent infection,Avoid douch and perfume spray,Wear condom to prevent infection,Wear condom to prevent infection is correct. This aligns with evidence-based nursing practice.,,nursing_questions_689,"The correct answer is Wear condom to prevent infection. This question tests important nursing knowledge related to patient care and clinical practice. The answer reflects evidence-based nursing standards and best practices. A thorough understanding of this concept includes its theoretical foundations, practical applications in various clinical settings, and its significance in providing high-quality patient care. Further study of relevant nursing textbooks would provide additional context and depth on this topic.",التمريض العام,
Q(690): Woman has recurred vaginal infection after prescribing treatment,stop vaginal doush and perfume sprays,wear cotton underwear,wash from back to front,Wear condom to prevent infection,stop vaginal doush and perfume sprays,stop vaginal doush and perfume sprays is correct. This aligns with evidence-based nursing practice.,,nursing_questions_690,"The correct answer is stop vaginal doush and perfume sprays. This question tests important nursing knowledge related to patient care and clinical practice. The answer reflects evidence-based nursing standards and best practices. A thorough understanding of this concept includes its theoretical foundations, practical applications in various clinical settings, and its significance in providing high-quality patient care. Further study of relevant nursing textbooks would provide additional context and depth on this topic.",التمريض العام,
Q(691): A nurse was educating a group of woman on prevention of infection.,"First woman ""keep vaginal area clean & dry","Second woman ""wear cotton under wear""","Third woman ""wipe from front to back after urination","Fourth woman ""Do vaginal douche twice a day","Fourth woman ""Do vaginal douche twice a day","Fourth woman ""Do vaginal douche twice a day is correct. This aligns with evidence-based nursing practice.",,nursing_questions_691,"The correct answer is Fourth woman ""Do vaginal douche twice a day. This question tests important nursing knowledge related to patient care and clinical practice. The answer reflects evidence-based nursing standards and best practices. A thorough understanding of this concept includes its theoretical foundations, practical applications in various clinical settings, and its significance in providing high-quality patient care. Further study of relevant nursing textbooks would provide additional context and depth on this topic.",التمريض العام,
Q(692): A 30-year-old pregnant lady in her 33 weeks' pregnancy. When the,Follow up,Selective,Systematic routine,,Follow up,Follow up is correct. This aligns with evidence-based nursing practice.,,nursing_questions_692,"The correct answer is Follow up. This question tests important nursing knowledge related to patient care and clinical practice. The answer reflects evidence-based nursing standards and best practices. A thorough understanding of this concept includes its theoretical foundations, practical applications in various clinical settings, and its significance in providing high-quality patient care. Further study of relevant nursing textbooks would provide additional context and depth on this topic.",التمريض العام,
Q(693): A couple asked the nurse which of the first investigation they should,Hysterosalpingogram,Serum progesterone,Semen analysis,Endometrial biopsy,Semen analysis,Semen analysis is correct. This aligns with evidence-based nursing practice.,,nursing_questions_693,"The correct answer is Semen analysis. This question tests important nursing knowledge related to patient care and clinical practice. The answer reflects evidence-based nursing standards and best practices. A thorough understanding of this concept includes its theoretical foundations, practical applications in various clinical settings, and its significance in providing high-quality patient care. Further study of relevant nursing textbooks would provide additional context and depth on this topic.",التمريض العام,
Q(694): Postpartum Mother 2 days after delivery her baby Blood collection,Avoid tighted diapper,Notify first day of first voiding urination,,,Avoid tighted diapper,Avoid tighted diapper is correct. This aligns with evidence-based nursing practice.,,nursing_questions_694,"The correct answer is Avoid tighted diapper. This question tests important nursing knowledge related to patient care and clinical practice. The answer reflects evidence-based nursing standards and best practices. A thorough understanding of this concept includes its theoretical foundations, practical applications in various clinical settings, and its significance in providing high-quality patient care. Further study of relevant nursing textbooks would provide additional context and depth on this topic.",التمريض العام,
Q(695): A nurse is educating a primigravida woman who is pregnant at 30,Breast milk can stored at room temperature,Breast feeding should be based on baby demand,Baby can beheld in different ways during feeding,Breast feeding helps the uterus to return to prepregnancy size,Breast milk can stored at room temperature,Breast milk can stored at room temperature is correct. This aligns with evidence-based nursing practice.,,nursing_questions_695,"The correct answer is Breast milk can stored at room temperature. This question tests important nursing knowledge related to patient care and clinical practice. The answer reflects evidence-based nursing standards and best practices. A thorough understanding of this concept includes its theoretical foundations, practical applications in various clinical settings, and its significance in providing high-quality patient care. Further study of relevant nursing textbooks would provide additional context and depth on this topic.",التمريض العام,
Q(696): A nurse is educating a primigravida woman who is pregnant at,Breast milk can stored at room temperature,Breast feeding should be based on baby demand,Baby can beheld in different ways during feeding,Breast feeding helps the uterus to return to pregnancy size,Breast feeding helps the uterus to return to pregnancy size,Breast feeding helps the uterus to return to pregnancy size is correct. This aligns with evidence-based nursing practice.,,nursing_questions_696,"The correct answer is Breast feeding helps the uterus to return to pregnancy size. This question tests important nursing knowledge related to patient care and clinical practice. The answer reflects evidence-based nursing standards and best practices. A thorough understanding of this concept includes its theoretical foundations, practical applications in various clinical settings, and its significance in providing high-quality patient care. Further study of relevant nursing textbooks would provide additional context and depth on this topic.",التمريض العام,
Q(697): After 3 days of breast feeding a post partial patient reports nipple,lubricate her nipples with expressed milk before feeding.,dry her nipples with soft towel after feeding.,Apply warm compresses to her nipples just before feeding,"Apply soap directly to her nipples, and then rinse.",lubricate her nipples with expressed milk before feeding.,lubricate her nipples with expressed milk before feeding. is correct. This aligns with evidence-based nursing practice.,,nursing_questions_697,"The correct answer is lubricate her nipples with expressed milk before feeding.. This question tests important nursing knowledge related to patient care and clinical practice. The answer reflects evidence-based nursing standards and best practices. A thorough understanding of this concept includes its theoretical foundations, practical applications in various clinical settings, and its significance in providing high-quality patient care. Further study of relevant nursing textbooks would provide additional context and depth on this topic.",التمريض العام,
Q(698): Which test should be performed to screen for cervical neoplasia,Papanicolau (PAP test),Vaginal rectal culture,Rapid plasma regain test (PPR),Venereal disease research laboratory test (VDRL),Papanicolau (PAP test),Papanicolau (PAP test) is correct. This aligns with evidence-based nursing practice.,,nursing_questions_698,"The correct answer is Papanicolau (PAP test). This question tests important nursing knowledge related to patient care and clinical practice. The answer reflects evidence-based nursing standards and best practices. A thorough understanding of this concept includes its theoretical foundations, practical applications in various clinical settings, and its significance in providing high-quality patient care. Further study of relevant nursing textbooks would provide additional context and depth on this topic.",التمريض العام,
Q(699): Female patient has been advised that laboratory tests confirm,Once Every 6 months,Once Every year,Once Every 3 years,,Once Every 6 months,Once Every 6 months is correct. This aligns with evidence-based nursing practice.,,nursing_questions_699,"The correct answer is Once Every 6 months. This question tests important nursing knowledge related to patient care and clinical practice. The answer reflects evidence-based nursing standards and best practices. A thorough understanding of this concept includes its theoretical foundations, practical applications in various clinical settings, and its significance in providing high-quality patient care. Further study of relevant nursing textbooks would provide additional context and depth on this topic.",التمريض العام,
Q(700): A women should get their (pap smear test) each :,6 month,1 year,3 years,Abruption placenta,Abruption placenta,AI corrected Q. Abruption placenta is correct. This aligns with evidence-based nursing practice.,,nursing_questions_700,"The correct answer is Abruption placenta. This question tests important nursing knowledge related to patient care and clinical practice. The answer reflects evidence-based nursing standards and best practices. A thorough understanding of this concept includes its theoretical foundations, practical applications in various clinical settings, and its significance in providing high-quality patient care. Further study of relevant nursing textbooks would provide additional context and depth on this topic.",التمريض العام,
Provide care for people who are dying & their families. Patients have only 3–6 months to live & focus on relieving pain & providing emotional & spiritual support.,Hospice organizations,Business services,Family doctor,Long-term care facility,Hospice organizations,Hospice care is specialized support for end-of-life patients and their families.,—,4_5998835192314204805.pdf,Focuses on comfort and emotional support over curative treatment.,التمريض العام,
Omnibus Budget Reconciliation Act requires all nursing assistants to complete a training program and pass a test.,Requires training & test,Nursing Care Plan,Omnibus Budget Reconciliation Act,A Patient's Bill of Rights,Requires training & test,Ensures competency in long-term care assistants.,—,4_5998835192314204805.pdf,Standardizes education and ensures safe caregiving.,التمريض العام,
Which of the following is a basic right of residence?,Right to choice,Right to privacy and confidentiality,Right to be free from abuse,All the above,All the above,Residents have multiple legal rights to dignity and protection.,—,4_5998835192314204805.pdf,"Resident rights include freedom, dignity, and protection from harm.",التمريض العام,
The range of tasks that a nursing assistant is legally permitted to do?,Five rights of delegation,Competency Evaluation,Scope of practice,Primary Nursing,Scope of practice,Describes duties within legal boundaries.,—,4_5998835192314204805.pdf,Prevents unqualified practice by limiting tasks to training.,التمريض العام,
Which machine is used to measure saturation/oxygen in the tissue?,Pulse oximeter,Tuning fork,Spirometer,Hammer,Pulse oximeter,Measures blood oxygen non-invasively.,—,4_5998835192314204805.pdf,Monitors oxygen saturation in real time.,التمريض العام,
Why should you ask permission before listing someone as a reference?,They may not want info shared,They may not give a good reference,Info might be outdated,All of the above,All of the above,It’s respectful and practical to confirm first.,—,4_5998835192314204805.pdf,Prevents miscommunication and ensures valid references.,التمريض العام,
Means that others can count on you to come to work every day as scheduled?,Accountability,Punctuality,Reliability,Empathy,Reliability,Reliability reflects consistency and dependability.,—,4_5998835192314204805.pdf,A core trait in trusted caregivers.,التمريض العام,
Information obtained directly through senses or measurements?,Subjective,Objective,Symptoms,Recording,Objective,Objective info is measurable and not opinion-based.,—,4_5998835192314204805.pdf,Objective data supports accurate assessment.,التمريض العام,
What is important for communicating with a hearing-impaired patient?,Speak slowly and distinctly,Talk very loudly,Never call on phone,Communicate only in writing,Speak slowly and distinctly,Clear speech and feedback are key.,—,4_5998835192314204805.pdf,Helps ensure mutual understanding.,التمريض العام,
A new patient doesn’t speak English. Most effective communication?,Speak slowly and loudly,Ask closed-ended questions,Maintain eye contact,Put messages in writing,Encourage nonverbal communication,Nonverbal cues bridge language gaps.,—,4_5998835192314204805.pdf,Facial expressions and gestures enhance understanding.,التمريض العام,
Communicating with someone grieving who refuses to accept loss is called?,Sympathy,Mourning,Denial,Depression,Denial,Denial is a defense mechanism.,—,4_5998835192314204805.pdf,Denial helps initially cope with traumatic news.,التمريض العام,
Which is an open-ended question?,Did you follow instructions?,What time did you take meds?,Which insurance plan?,Will you tell me about your pain?,Will you tell me about your pain?,Open-ended questions encourage detailed answers.,—,4_5998835192314204805.pdf,Improves understanding through elaboration.,التمريض العام,
Medical assistant on phone; new call comes in. Best action?,Ask 2nd caller to hold,Put 1st caller on hold,"Finish 1st, ignore 2nd",Put both on hold,Ask 2nd caller to hold,Finish the first call politely before switching.,—,4_5998835192314204805.pdf,Professional etiquette ensures organized service.,التمريض العام,
Characteristics of a first-degree burn?,Blistered skin,Charred skin,Reddened skin,Edema,Reddened skin,Reddening is typical of superficial burns.,—,4_5998835192314204805.pdf,Involves only the outermost skin layer.,التمريض العام,
"To control bleeding from palm laceration, apply pressure over?",Subclavian artery,Brachial artery,Medial artery,Radial artery,Radial artery,It's the main artery supplying the hand.,—,4_5998835192314204805.pdf,Accessible and effective point for controlling bleeding.,التمريض العام,
Term for excessive thirst?,Polyuria,Polyphagia,Polydipsia,Polyglycia,Polydipsia,"Polydipsia = abnormal thirst, often seen in diabetes.",—,4_5998835192314204805.pdf,A symptom in diabetes mellitus due to fluid loss.,التمريض العام,
How to assist visually impaired patients?,Sighted caregiver,Schedule for transport,Verbally inform actions,Walk them to room,All of the above,All of the above,"Full assistance includes preparation, safety, and communication.",—,4_5998835192314204805.pdf,التمريض العام,
Communicating with non-English speaker: most effective method?,Speak slowly,Ask closed Qs,Eye contact,Write messages,Encourage nonverbal communication,Reinforces meaning without needing translation.,—,4_5998835192314204805.pdf,Useful where interpreter isn't available.,التمريض العام,
Best position post-cardiac catheterization?,Semi-fowler,Sims,Prone,Supine,Supine,Lying flat avoids bleeding from puncture site.,—,4_5998835192314204805.pdf,Ensures hemostasis and recovery at femoral site.,التمريض العام,
Patient most at risk if exposed to radiation?,Elderly man,Middle-aged woman,Pregnant woman,Teenager,Pregnant woman,Fetus is extremely sensitive to radiation.,—,4_5998835192314204805.pdf,Radiation can cause birth defects.,التمريض العام,
"When caring for a person having a seizure, which action is NOT appropriate?",Hold victim down to restrain from convulsing,Remove dangerous objects to prevent injury,Do not put anything in mouth,Cushion the patient’s head,Hold victim down to restrain from convulsing,Restraint can cause injury during a seizure.,—,4_5998835192314204805.pdf,Patients should be protected from injury but not physically restrained during seizures.,التمريض العام,
Which artery is used to check pulse during CPR?,Brachial,Ulnar,Radial,Carotid,Carotid,Carotid artery is most accessible and reliable during CPR.,—,4_5998835192314204805.pdf,"Located in the neck, it remains palpable even in low blood flow conditions.",التمريض العام,
Where should pressure be applied to control bleeding from upper leg?,Dorsalis Pedis,Carotid,Brachial,Femoral,Femoral,Femoral artery supplies blood to the upper leg.,—,4_5998835192314204805.pdf,Direct pressure over the femoral artery helps control heavy bleeding in the leg.,التمريض العام,
What does the term otalgia mean?,Discharge from the ear,Disease of the ear,Pain in the ear,Inflammation of the ear,Pain in the ear,Otalgia = ear pain.,—,4_5998835192314204805.pdf,It is a symptom that can be primary or referred from nearby structures.,التمريض العام,
Which position is used in surgery to displace abdominal organs upward?,Sims,Prone,Trendelenburg,Lithotomy,Trendelenburg,Trendelenburg position raises legs above head.,—,4_5998835192314204805.pdf,Improves visualization during abdominal and pelvic surgeries.,التمريض العام,
Ms. Jackson is 64 years old and has difficulty assuming the lithotomy position. What alternative position might be more comfortable?,Knee-chest,Sims,Dorsal recumbent,Prone,Dorsal recumbent,Offers similar access for pelvic exams with greater comfort.,—,4_5998835192314204805.pdf,Recommended when lithotomy is uncomfortable or painful for elderly patients.,التمريض العام,
Which diagnostic tool measures how much and how fast air is pushed from the lungs?,Nebulizer,Oximeter,Spirometer,Bronchodilator,Spirometer,Spirometry is the standard method for assessing pulmonary function.,—,4_5998835192314204805.pdf,Useful in diagnosing conditions like asthma and COPD.,التمريض العام,
A patient is diagnosed with high blood pressure. What term describes this condition?,Hyper systole,Hyperextension,Hypertension,Hyperpnea,Hypertension,Refers to persistently high arterial pressure.,—,4_5998835192314204805.pdf,May require medication and lifestyle changes.,التمريض العام,
Choose the abbreviation meaning “twice a day”?,TID,BID,QID,QOD,BID,"BID = Bis in die (Latin), meaning twice a day.",—,4_5998835192314204805.pdf,Common in medical prescriptions.,التمريض العام,
Correct spelling of the term for “blood pressure cuff”?,Shygmomanometer,Sfigmomanometer,Sphygmomanometer,Sphgmomanometer,Sphygmomanometer,Accurate spelling of the device used to measure blood pressure.,—,4_5998835192314204805.pdf,"Derived from Greek: 'sphygmo' (pulse), 'manometer' (pressure measure).",التمريض العام,
What does the QRS complex represent in ECG?,Atrial depolarization,Atrial repolarization,Ventricular depolarization,Ventricular repolarization,Ventricular depolarization,It reflects electrical activity during ventricular contraction.,—,4_5998835192314204805.pdf,"Most visible part of ECG, crucial for rhythm analysis.",التمريض العام,
Proper way to provide perineal care to a female patient?,Wash front to back,Side to side,Back to front,Scrub vigorously,Wash front to back,Prevents bacteria transfer from rectal to urinary area.,—,4_5998835192314204805.pdf,Helps reduce risk of urinary tract infections.,التمريض العام,
Joint motion that moves away from midline?,Circumduction,Flexion,Extension,Abduction,Abduction,"Abduction = movement away from midline (e.g., raising arms sideways).",—,4_5998835192314204805.pdf,Important term in musculoskeletal exams.,التمريض العام,
Which machine is used to examine the breast?,Mammogram,Sphygmomanometer,Oximeter,Bronchodilator,Mammogram,X-ray for early detection of breast cancer.,—,4_5998835192314204805.pdf,Recommended screening tool for women over 40.,التمريض العام,
Which tool measures how fast air exits lungs?,Nebulizer,Oximeter,Spirometer,Bronchodilator,Spirometer,Spirometry tests help in detecting obstructive and restrictive lung diseases.,—,4_5998835192314204805.pdf,Often used before/after bronchodilator treatment.,التمريض العام,
Impulses from smell receptors go to the brain via?,Proprioceptors,Glossopharyngeal nerve,Vestibulocochlear nerve,Olfactory nerve,Olfactory nerve,Responsible for transmitting smell to brain.,—,4_5998835192314204805.pdf,One of the few nerves that bypass thalamus.,التمريض العام,
Shortness of breath while walking—what position helps breathing?,Supine,Fowler’s,Jack-knife,Semi-Fowler,Fowler’s,Elevates upper body to ease breathing.,—,4_5998835192314204805.pdf,Commonly used in COPD and heart failure.,التمريض العام,
What specimen is used to detect tuberculosis?,Sputum,Capillary blood,Venous blood,Throat swab,Sputum,TB bacilli are typically detected in respiratory secretions.,—,4_5998835192314204805.pdf,Early morning sputum is most accurate for TB detection.,التمريض العام,
Term for paralysis of both legs and lower body?,Myoparesis,Hemiparesis,Hemiplegia,Paraplegia,Paraplegia,"Affects lower limbs, often from spinal injury.",—,4_5998835192314204805.pdf,Common in spinal cord trauma.,التمريض العام,
Term for abnormally high white blood cell count?,Hypochromia,Anemia,Leukopenia,Leukocytosis,Leukocytosis,Indicates infection or inflammation.,—,4_5998835192314204805.pdf,May also occur in leukemia and stress responses.,التمريض العام,
Maslow’s theory about human motivation?,Need Hierarchy Theory,Self-Actualization needs,Five basic needs,Physiological needs,Need Hierarchy Theory,Proposes pyramid of needs from basic to self-actualization.,—,4_5998835192314204805.pdf,Lower-level needs must be satisfied before higher ones.,التمريض العام,
Changes that occur physically over lifespan?,Growth,Tasks,Development,Intimacy,Development,"Involves milestones like puberty, aging.",—,4_5998835192314204805.pdf,"Encompasses biological, emotional, cognitive growth.",التمريض العام,
What is Fowler's position used for?,Over-bed table,Fowler's position,Room divider,Bedside table,Fowler's position,"Elevates head and knees; used for eating, breathing.",—,4_5998835192314204805.pdf,Enhances comfort and respiratory function.,التمريض العام,
Mattress tilted with head higher than foot?,Room divider,Reverse-Trendelenburg position,Trendelenburg position,Call light system,Reverse-Trendelenburg position,Promotes venous return and reduces reflux.,—,4_5998835192314204805.pdf,Used in gastric surgeries and some diagnostic tests.,التمريض العام,
Heimlich maneuver is used when?,Transport patient,Anaphylaxis,Airway obstruction,Puncture wound,Airway obstruction,Dislodges object from throat to restore breathing.,—,4_5998835192314204805.pdf,Quick abdominal thrusts to expel blockage.,التمريض العام,
Prefix “dys-” means?,Pathologic change,Good,Difficult/painful,Abnormal narrowing,Difficult/painful,"Used in terms like dysphagia, dyspnea.",—,4_5998835192314204805.pdf,Indicates impaired or abnormal function.,التمريض العام,
Best position for patient during Nasogastric tube insertion?,Semi-fowler,Lateral,High fowler,Supine,High fowler,"Reduces aspiration risk, facilitates insertion.",—,4_5998835192314204805.pdf,Upright angle supports gravity drainage and comfort.,التمريض العام,
Emergency incision into trachea is called?,Tracheoplasty,Lobectomy,Pleurectomy,Tracheotomy,Tracheotomy,Provides emergency airway.,—,4_5998835192314204805.pdf,Life-saving procedure in obstruction cases.,التمريض العام,
Adrenal cortex disorder?,Diabetes mellitus,Grave’s disease,Cushing’s syndrome,Giantism,Cushing’s syndrome,Due to high cortisol levels from adrenal gland.,—,4_5998835192314204805.pdf,"Symptoms include obesity, hypertension, osteoporosis.",التمريض العام,
Which gland causes calcium release from bones?,Parathyroid gland,Absorption,Motor nerves,Toward the heart,Parathyroid gland,Regulates calcium via parathormone (PTH).,—,4_5998835192314204805.pdf,Increases serum calcium levels.,التمريض العام,
Erythrocytes are?,Specialized cells,Epithelial lining,Short bones,Red blood cells,Red blood cells,Carry oxygen via hemoglobin.,—,4_5998835192314204805.pdf,Key to respiration and circulation.,التمريض العام,
Systole is defined as?,Myelin sheath protection,Resting cardiac phase,Gap between neurons,Active cardiac contraction phase,Active cardiac contraction phase,Systole is when the heart contracts to pump blood.,—,4_5998835192314204805.pdf,"Occurs after depolarization, pushing blood into arteries; measured in blood pressure (e.g. 120 in 120/80 mmHg).",التمريض العام,
Inflammation of the joints with pain and stiffness?,Cataract,Embolus,Arthritis,Phlebitis,Arthritis,"Arthritis affects joints, causing pain and swelling.",—,4_5998835192314204805.pdf,Can be degenerative (osteoarthritis) or autoimmune (rheumatoid arthritis).,التمريض العام,
Third-degree burns involve?,Epidermis only,Superficial skin,Muscle and bone,Mild redness,Muscle and bone,Full-thickness burns extend to deeper tissues.,—,4_5998835192314204805.pdf,"High risk of infection, shock, and long-term disability; urgent treatment required.",التمريض العام,
"To maintain normal blood glucose, balance of which factors is critical?",Emphysema,Diabetes management,Muscular dystrophy,Kidney stones,Diabetes management,"Diet, exercise, and medication affect blood sugar.",—,4_5998835192314204805.pdf,Poor management can lead to hyperglycemia or hypoglycemia.,التمريض العام,
Asthma attacks make breathing difficult. How are medications given?,Cancer meds,Emphysema,Heart failure,Asthma,Asthma,Asthma medication is inhaled or taken orally.,—,4_5998835192314204805.pdf,Bronchodilators and corticosteroids reduce inflammation and open airways.,التمريض العام,
Gout is caused by accumulation of which substance?,Sputum,Venous thrombosis,Phlebitis,Gout,Gout,Gout is due to uric acid crystal buildup in joints.,—,4_5998835192314204805.pdf,"Uric acid deposits in joints lead to severe pain and inflammation, especially in the big toe.",التمريض العام,
Paralysis on one side of the body is called?,Paraplegia,Hemiplegia,Pneumonia,Bronchitis,Hemiplegia,Hemiplegia affects one side due to stroke or brain injury.,—,4_5998835192314204805.pdf,"Unlike paraplegia (both legs), hemiplegia results from brain hemisphere damage.",التمريض العام,
Second-degree burns extend to?,Partial-thickness,COPD,Phantom pain,Burns,Partial-thickness,Second-degree burns reach the dermis layer.,—,4_5998835192314204805.pdf,Symptoms include blisters and severe pain; risk of infection is higher than first-degree burns.,التمريض العام,
Best position during endoscopy?,Left lateral,Sims,Sitting,Supine,Left lateral,Left lateral facilitates scope insertion and patient safety.,—,4_5998835192314204805.pdf,Gravity assists the endoscope’s passage and minimizes aspiration risk.,التمريض العام,
Condition where tendons shorten from lack of movement?,Assistive Devices,Restorative Care,Occupational Therapy,Contractures,Contractures,Lack of mobility causes contractures.,—,4_5998835192314204805.pdf,Prevention includes frequent repositioning and physiotherapy.,التمريض العام,
You find blood on the floor in a patient's room. First action?,Clean the area,Tell the nurse,Wear PPE,—,Wear PPE,PPE must be worn to ensure safety before cleaning or notifying.,—,4_5998835192314204805.pdf,Protecting yourself is the first step in infection control.,التمريض العام,
Which program assists low-income families with medical care?,Diagnosis,Medicaid,Sanction,Medicare,Medicaid,Medicaid is a joint federal-state program for medical coverage.,—,4_5998835192314204805.pdf,"It covers low-income individuals including children, elderly, and pregnant women.",التمريض العام,
"Before transferring to wheelchair, what must you check?",Blood pressure,Weight,Seat width,If wheels are locked,If wheels are locked,"To prevent falls, the chair must be stabilized.",—,4_5998835192314204805.pdf,Ensures safety during patient transfer procedures.,التمريض العام,
"When handling linens, always?",Shake to remove dust,Put dirty linens on floor,Hold linens away from body,All of the above,Hold linens away from body,Reduces contamination risk to uniform.,—,4_5998835192314204805.pdf,Holding linens away protects from cross-contamination.,التمريض العام,
Which PPE is required when removing used bed linens?,Gloves,Gown,Eye goggles,No PPE,Gloves,"Hands are at risk of exposure, so gloves are essential.",—,4_5998835192314204805.pdf,Gloves prevent contact with body fluids and contaminants.,التمريض العام,
"To protect your back when making a bed, what should a nursing assistant do?",Gather linens before starting,Raise bed to a comfortable height,Lower the bed near the floor,Lock the wheels on the bed,Raise bed to a comfortable height,Prevents bending and back strain.,—,4_5998835192314204805.pdf,Raising the bed allows the assistant to maintain proper body mechanics and posture.,التمريض العام,
When is bed linen changed?,When the nurse says so,Once weekly per policy,"When wet, soiled, or wrinkled",Twice a week regardless,"When wet, soiled, or wrinkled","Linen should be changed based on condition, not schedule.",—,4_5998835192314204805.pdf,Maintains hygiene and patient comfort; prevents infection.,التمريض العام,
What is the best position for administering an enema?,Trendelenburg position,Sims position,Prone position,Supine position,Sims position,Allows gravity flow and patient comfort.,—,4_5998835192314204805.pdf,Left lateral (Sims) helps the enema fluid move easily into the colon.,التمريض العام,
Where does a tympanic thermometer measure temperature?,In the ear,In the mouth,Under the armpit,On the temple,In the ear,Tympanic = ear.,—,4_5998835192314204805.pdf,Tympanic thermometers read infrared heat from the eardrum.,التمريض العام,
Most accurate route for measuring body temperature?,Axillary,Rectal,Oral,Temporal,Rectal,Rectal route reflects core body temperature.,—,4_5998835192314204805.pdf,It is generally 0.5°C higher than oral measurements.,التمريض العام,
Convert 37°C to Fahrenheit?,98.6°F,99.5°F,97.7°F,96.8°F,98.6°F,37°C = 98.6°F using the formula (C × 1.8) + 32.,—,4_5998835192314204805.pdf,This is the average normal body temperature in Fahrenheit.,التمريض العام,
What does it mean if a patient is febrile?,Has a fever,Is near death,Does not have a fever,Is normal,Has a fever,Febrile means elevated body temperature.,—,4_5998835192314204805.pdf,Often indicates infection or illness.,التمريض العام,
Hyperpnoea is defined as?,Fast deep breathing with anxiety,Normal breathing,Increased rate and depth of breathing,Decreased rate and depth of breathing,Increased rate and depth of breathing,It often occurs during exertion or metabolic acidosis.,—,4_5998835192314204805.pdf,Important in identifying respiratory imbalances or compensation.,التمريض العام,
Which BP reading shows hypertension?,120/80 mmHg,148/94 mmHg,118/78 mmHg,110/68 mmHg,148/94 mmHg,140/90+ is classified as hypertension.,—,4_5998835192314204805.pdf,High blood pressure increases risk for heart disease and stroke.,التمريض العام,
Most common site to check pulse?,Brachial artery,Radial artery,Carotid artery,Apex of the heart,Radial artery,Radial artery at the wrist is easily accessible.,—,4_5998835192314204805.pdf,Used routinely for counting heart rate in conscious patients.,التمريض العام,
"When preparing a tepid bath, what temperature should the water be?",98.6°F,100.2°F,104.8°F,110.4°F,98.6°F,"Tepid means lukewarm, close to normal body temperature.",—,4_5998835192314204805.pdf,Used for reducing fever; too hot or cold may cause discomfort or shock.,التمريض العام,
Which of the following is a parenteral route of administration?,Oral (PO),Nasogastric (NG),Rectal,Intravenous (IV),Intravenous (IV),"Parenteral = non-GI tract, typically injection.",—,4_5998835192314204805.pdf,"Includes IV, IM, and subcutaneous routes.",التمريض العام,
"In lateral position, pressure ulcers most likely form on?",Breastbone,Coccyx,Shin,Hip,Hip,Pressure points in lateral include hip and shoulder.,—,4_5998835192314204805.pdf,Repositioning is critical to prevent skin breakdown.,التمريض العام,
The purpose of a footboard is to?,Prevent foot drop,Prevent edema,Prevent ulcers,Free foot movement,Prevent foot drop,Supports foot alignment and prevents plantar flexion.,—,4_5998835192314204805.pdf,Foot drop is a common complication of immobility.,التمريض العام,
"When dressing a stroke patient with right-side paralysis, start with?",Right arm,Left arm,Remove pants first,Use pull-over clothes,Right arm,Dress the affected side first.,—,4_5998835192314204805.pdf,Prevents strain and ensures comfort.,التمريض العام,
Where should the assistant stand when helping a wheelchair user into an elevator?,In front bending knees,Behind the chair,Next to the chair,Beside the door,Behind the chair,Gives better control when moving in or out.,—,4_5998835192314204805.pdf,Ensures safety and stability for the patient.,التمريض العام,
"If a device is unsafe in hospital, assistant must?",Inform maintenance,Call security,Inform doctor,Inform HR,Inform maintenance,They are responsible for technical safety.,—,4_5998835192314204805.pdf,Reporting ensures timely repair and patient safety.,التمريض العام,
"For sputum sample from gallbladder patient, assistant should?",Instruct cough deeply,Wash mouth first,Support wound with pillow,Remove wound cover,Instruct cough deeply,Sample must be from lower respiratory tract.,—,4_5998835192314204805.pdf,Ensures quality sample for diagnosis.,التمريض العام,
Tumor noted in leg during consult—assistant should?,Measure breathing,Take blood pressure,Take pulse in affected leg,Apply plastic bag,Take pulse in affected leg,Pulse check can show circulatory compromise.,—,4_5998835192314204805.pdf,May indicate need for urgent vascular assessment.,التمريض العام,
Which vitamin prevents neural tube defects?,Biotin,Riboflavin,Thiamine,Folic acid,Folic acid,Folic acid is essential in early fetal development.,—,4_5998835192314204805.pdf,Deficiency linked to spina bifida and anencephaly.,التمريض العام,
A patient has a cast on their arm. What is a sign of impaired circulation?,"Pale, cool fingers",Warm skin under cast,Slight itching,Mild odor,"Pale, cool fingers",Indicates reduced blood flow.,—,4_5998835192314204805.pdf,Can lead to necrosis or nerve damage if not addressed immediately.,التمريض العام,
Purpose of elastic stockings for immobile patients?,Prevent edema,Support weak muscles,Reduce joint pain,Prevent blood clots,Prevent blood clots,Compression promotes venous return.,—,4_5998835192314204805.pdf,Helps reduce risk of DVT (deep vein thrombosis).,التمريض العام,
"When assisting a blind person to walk, you should?",Hold their hand tightly,Walk behind them,Let them hold your arm,Push them slightly forward,Let them hold your arm,Gives them control and awareness.,—,4_5998835192314204805.pdf,Promotes independence and safe guidance.,التمريض العام,
A hearing aid should be cleaned with?,Alcohol swab,Soap and water,Dry soft cloth,Disinfectant wipe,Dry soft cloth,Moisture may damage device.,—,4_5998835192314204805.pdf,Keep away from water and harsh chemicals.,التمريض العام,
What does the Heimlich maneuver help relieve?,Seizures,Choking,Heart attack,Stroke,Choking,For airway obstruction relief.,—,4_5998835192314204805.pdf,Abdominal thrusts force object from airway.,التمريض العام,
The first step in CPR is to?,Begin chest compressions,Check for response,Open airway,Call for help,Check for response,Assess consciousness before proceeding.,—,4_5998835192314204805.pdf,Ensures victim truly needs CPR before starting.,التمريض العام,
Which fluid is encouraged in constipation?,Carbonated drinks,Alcohol,Caffeinated tea,Water,Water,Hydration softens stool.,—,4_5998835192314204805.pdf,Fiber + fluid intake promote bowel movement.,التمريض العام,
Which food is best to prevent constipation?,White rice,Cheese,Bananas,Bran cereal,Bran cereal,High fiber aids bowel movement.,—,4_5998835192314204805.pdf,Insoluble fiber adds bulk and speeds transit.,التمريض العام,
What is the most accurate way to measure fluid intake?,Estimate based on reports,Use a graduated container,Mark a water bottle,Weigh the patient,Use a graduated container,Allows exact volume measurement.,—,4_5998835192314204805.pdf,Accuracy prevents dehydration or fluid overload.,التمريض العام,
Which position helps prevent aspiration in feeding?,Lying flat,Side-lying,Fowler's position,Prone,Fowler's position,Keeps airway open during feeding.,—,4_5998835192314204805.pdf,Upright position reduces risk of choking.,التمريض العام,
Which nutrient is essential for healing wounds?,Vitamin A,Vitamin D,Vitamin C,Calcium,Vitamin C,Essential for collagen formation and tissue repair.,—,4_5998835192314204805.pdf,Promotes immune response and wound closure.,التمريض العام,
Which sign is most concerning in a diabetic patient?,Headache,Irritability,Cold sweat and tremors,Fatigue,Cold sweat and tremors,"Signs of hypoglycemia, can lead to shock.",—,4_5998835192314204805.pdf,"May progress to confusion, coma if untreated.",التمريض العام,
Best response to a patient who is upset and crying?,Ignore and leave them alone,Give medication,Sit quietly and listen,Tell them to stop crying,Sit quietly and listen,Shows empathy and support.,—,4_5998835192314204805.pdf,Active listening builds trust and reduces distress.,التمريض العام,
A resident becomes combative during care. You should?,Restrain immediately,Call police,Step back and ensure safety,Yell to gain control,Step back and ensure safety,Ensures your safety and patient’s.,—,4_5998835192314204805.pdf,Avoids escalation and protects all involved.,التمريض العام,
A patient on oxygen reports headache and nausea. You?,Remove oxygen,Call nurse immediately,Adjust flow rate,Give water,Call nurse immediately,May indicate oxygen toxicity.,—,4_5998835192314204805.pdf,Only licensed staff adjust oxygen therapy.,التمريض العام,
You notice another assistant neglecting a patient. Action?,Report to nurse,Join them,Do nothing,Warn the assistant privately,Report to nurse,Neglect must be reported immediately.,—,4_5998835192314204805.pdf,Ensures patient safety and upholds ethical care.,التمريض العام,
How to lift a heavy object safely?,Bend at waist,Keep feet close,Use back muscles,"Bend knees, keep back straight","Bend knees, keep back straight",Prevents strain or injury.,—,4_5998835192314204805.pdf,Core principle in body mechanics.,التمريض العام,
A patient needs ROM exercises. You should?,Perform quickly,Force full range,Do it once per week,Support joints and move gently,Support joints and move gently,Prevents injury and pain.,—,4_5998835192314204805.pdf,Improves mobility and circulation.,التمريض العام,
Purpose of a care plan?,General guide,Outline specific patient needs,Staff schedule,Discharge form,Outline specific patient needs,Individualized patient-centered care.,—,4_5998835192314204805.pdf,Ensures continuity and quality of care.,التمريض العام,
You see a fire in a patient’s room. First action?,Remove patient,Call fire department,Sound the alarm,Get extinguisher,Remove patient,R in RACE = Rescue first.,—,4_5998835192314204805.pdf,Ensure patient safety before anything else.,التمريض العام,
The most important way to prevent infection spread?,Wearing gloves,Using disinfectant,Washing hands,Wearing mask,Washing hands,Removes pathogens effectively.,—,4_5998835192314204805.pdf,Hand hygiene is the cornerstone of infection control in healthcare.,التمريض العام,
A patient refuses care. Your response should be?,Call the doctor,Report to nurse,Force care anyway,Ignore the patient,Report to nurse,Respect autonomy and escalate appropriately.,—,4_5998835192314204805.pdf,Patients have the right to refuse care. Informing the nurse is required.,التمريض العام,
Which condition requires airborne precautions?,Tuberculosis,UTI,Cellulitis,Appendicitis,Tuberculosis,Transmitted via airborne droplets.,—,4_5998835192314204805.pdf,Requires N95 mask and negative-pressure room.,التمريض العام,
What does a pulse oximeter measure?,Heart rate only,Blood glucose,Oxygen saturation,CO2 levels,Oxygen saturation,Assesses oxygen level in the blood.,—,4_5998835192314204805.pdf,Normal range: 95–100%; used in respiratory monitoring.,التمريض العام,
Which is a sign of dehydration?,Excessive saliva,Wet skin,Dark urine,Clear urine,Dark urine,Indicates concentrated waste due to low fluid.,—,4_5998835192314204805.pdf,"Other signs include dry mouth, fatigue, confusion.",التمريض العام,
What is the purpose of reality orientation?,Confuse the patient,Stimulate memory,Limit choices,Discourage questions,Stimulate memory,Helps patients with cognitive impairment.,—,4_5998835192314204805.pdf,"Used for dementia or disorientation; involves calendars, clocks, conversation.",التمريض العام,
The safest way to identify a patient?,Ask roommate,Check wristband,Ask patient’s name only,Ask family,Check wristband,Ensures correct identity.,—,4_5998835192314204805.pdf,Mistaken identity can lead to medication or procedural errors.,التمريض العام,
A restraint should be checked at least every?,1 hour,2 hours,4 hours,Once per shift,2 hours,"To assess circulation, comfort, and safety.",—,4_5998835192314204805.pdf,"Observe for skin breakdown, breathing issues, or distress.",التمريض العام,
The abbreviation “NPO” means?,No people allowed,Nothing by mouth,Needs personal observation,Non-patient order,Nothing by mouth,Used before procedures or with swallowing risk.,—,4_5998835192314204805.pdf,Patients are withheld food/drink for safety or surgery prep.,التمريض العام,
"Before feeding, you should confirm?",Patient isn’t thirsty,Correct diet and patient identity,Patient has NPO order,Patient is sleepy,Correct diet and patient identity,Prevents errors or choking risk.,—,4_5998835192314204805.pdf,Always match tray label to ID band and dietary order.,التمريض العام,
Which action promotes dignity when bathing a patient?,Expose entire body,Use cold water,Close the curtain,Rush the procedure,Close the curtain,Ensures privacy and respect.,—,4_5998835192314204805.pdf,Maintaining patient dignity is crucial to quality care and comfort.,التمريض العام,
Purpose of the gait belt?,Hold pants up,Patient comfort,Support ambulation,Monitor blood pressure,Support ambulation,Used to assist walking safely.,—,4_5998835192314204805.pdf,Helps prevent falls and provides caregiver support during transfers.,التمريض العام,
Best response to a patient who is hard of hearing?,Speak loudly,Shout close to ear,Speak clearly and face them,Ignore them,Speak clearly and face them,Supports lip-reading and better hearing.,—,4_5998835192314204805.pdf,Also reduce background noise and ensure hearing aids are functioning.,التمريض العام,
Which is an example of objective data?,Patient feels dizzy,Complains of pain,Temperature is 38.5°C,Says he is tired,Temperature is 38.5°C,Measured and observable.,—,4_5998835192314204805.pdf,"Objective data is factual and recorded through tools (e.g., thermometer).",التمريض العام,
When should you document patient care?,Before giving care,At end of shift,Whenever convenient,Immediately after care,Immediately after care,Ensures accuracy and timeliness.,—,4_5998835192314204805.pdf,Delays in documentation can lead to errors or omissions.,التمريض العام,
Why you used a defibrillator when the heart stops?,to supply energy to the heart muscle,to increase heart contractions and output,to reduce deficiency and cardiac acidosis,To complete the heart's work after contraction stops (cardiac arrest),to supply energy to the heart muscle,Defibrillators deliver a dose of electric current (shock) to the heart to restore a normal rhythm.,,حسن الختام,"Defibrillation works by delivering a high-energy electric shock to the heart, which interrupts the disordered electrical activity and allows the normal pacemaker of the heart to reestablish its rhythm.",التمريض العام,
What is the best advice given to a 42-year-old male patient who takes 75 gm Clopidogrel (Aspirin) daily?,No need for frequent blood tests,No need for multivitamins,"If he is taking sleeping pills , they should be stopped",Stop taking ibuprofen (paracetamol) if he is taking it because of the pain,Stop taking ibuprofen (paracetamol) if he is taking it because of the pain,NSAIDs like ibuprofen increase the risk of bleeding when taken with Clopidogrel.,,حسن الختام,"Combining Clopidogrel with NSAIDs increases gastrointestinal bleeding risk, hence it’s crucial to avoid ibuprofen or paracetamol unless prescribed.",التمريض العام,
What are the recommended markings for all laboratory instruments?,halogens,chemicals,electric current,Biological hazardous waste,Biological hazardous waste,Lab instruments dealing with biohazards must be clearly marked for safety compliance.,,حسن الختام,Marking with biological hazardous waste symbols ensures that tools exposed to potentially infectious materials are handled properly.,التمريض العام,
What is the best way to directly dispose of used and contaminated needles?,Close the needle and put it in the trash,Send the needle to a company that incinerates hospital waste,Do not close the needle and put it in the sharps container,Put the needle in a cardboard box and dispose of it in the trash,Do not close the needle and put it in the sharps container,Sharps containers are designed to safely store used needles without recapping.,,حسن الختام,"Recapping needles is a known risk for needlestick injuries, so direct disposal into sharps containers without recapping is standard protocol.",التمريض العام,
A health assistant prepares to check the vital signs of a patient. What is the most important step for a health assistant to take?,Turn off the TV in the room,Hand cleaning,Raise the head of the bed,View previous vital signs,Hand cleaning,Hand hygiene is the most effective way to prevent infection transmission.,,حسن الختام,Cleaning hands before patient contact prevents healthcare-associated infections and ensures patient safety during vital sign monitoring.,التمريض العام,
What should the health assistant do when the seller sends a shipment less than the required number?,Remain silent to avoid harassing the supplier,Requesting an additional quantity to ensure receipt of the required quantity,Documentation in the logbook and reporting the deficiency to the supervisor,Tells the supplier that this is unacceptable and refuses the shipment,Documentation in the logbook and reporting the deficiency to the supervisor,Proper documentation and escalation ensures supply chain accountability.,,حسن الختام,Logging discrepancies and reporting to supervisors maintains quality control and procurement accountability in healthcare logistics.,التمريض العام,
A health assistant while moving the patient in bed noticed a dirty bandage placed on the head of the bed. What should be done before touching the soiled pad?,Wear clean gloves,Notify the registered nurse,Determine the original location of the dressing,Asking the patient if he feels pain,Wear clean gloves,Wearing gloves prevents contamination and protects against infection.,,حسن الختام,PPE such as gloves should always be used before handling any potentially infectious materials to prevent healthcare-associated infections.,التمريض العام,
What is the best way for the health aide to order supplies?,Order the same quantity each month,Order the same quantity every two weeks,Order the average amount of use each month,Order the same quantity used since the previous order,Order the average amount of use each month,Ordering based on average use ensures efficiency and avoids overstocking or shortages.,,حسن الختام,"Using monthly usage averages for inventory ensures optimal stock levels, reducing waste and avoiding shortfalls.",التمريض العام,
"A health aide checks that tools are properly available while preparing a treatment room for a specialist Ear, nose and throat. Which tool is necessary?",Stethoscope,tuning fork,tape measure,reflex hammer,tuning fork,A tuning fork is essential for ENT evaluations like Rinne and Weber tests.,,حسن الختام,ENT specialists use tuning forks to assess hearing sensitivity and differentiate between conductive and sensorineural hearing loss.,التمريض العام,
A six-month-old infant came to the laboratory to draw a blood sample. What is the best site for capillary puncture?,heel,the thumb,middle finger,the ring finger,heel,The heel is the preferred site for infants under 1 year to minimize pain and injury.,,حسن الختام,Capillary blood collection in infants is commonly done from the heel due to accessibility and reduced risk of nerve damage compared to fingers.,التمريض العام,
Which of the following is the main factor in the patient education process?,The patient must be willing to learn,The nurse should encourage the patient to participate in the ongoing care,Patient education can influence adjustment to health and recovery,"Patient education should be individualized, specific and understandable",The patient must be willing to learn,Patient willingness is essential for effective learning and behavior change.,,حسن الختام,"Without the patient's readiness and willingness, educational efforts are unlikely to result in improved outcomes or adherence.",التمريض العام,
A 75-year-old female patient complained of glossaries with tingling and numbness in the hands and feet. What is possible anemia?,plastic,Pernicious,Side cell,Autoimmune hydrolytic,Pernicious,"Pernicious anemia is associated with B12 deficiency, causing neurological symptoms.",,حسن الختام,Symptoms like tingling and fatigue point toward pernicious anemia due to intrinsic factor deficiency affecting B12 absorption.,التمريض العام,
A 16-year-old patient complains about food in the hospital. The health assistant shows the patient the food pyramid. What is the most important food group?,Milk products,Fats and sweets,"Rice, bread and cereal","Meat, legumes and eggs","Rice, bread and cereal",Carbohydrates are the base of the pyramid and primary energy source.,,حسن الختام,"Foods like rice and bread form the foundation of daily intake in the food pyramid, providing essential energy.",التمريض العام,
"Any color of the cap of the blood collection tubes, to which sodium nitrate is added and used for coagulation analyzes the blood?",red,Blue,Yellow,Mauve,Blue,Blue-top tubes contain sodium citrate for coagulation studies.,,حسن الختام,Sodium citrate acts as an anticoagulant and is standard for PT/INR and other coagulation tests using blue-cap tubes.,التمريض العام,
Why should the health assistant understand supply management?,To get plenty of supplies,So he can order supplies before they run out,To obtain the required supplies in the right quantity and time,To know how to order supplies when stocks are out,To obtain the required supplies in the right quantity and time,Efficient supply management ensures timely availability of needed items.,,حسن الختام,"Understanding supply chain management helps prevent delays, shortages, and overstocking in clinical operations.",التمريض العام,
Which of the following actions is most important when preparing to hospitalize a patient?,Communication and exchange of information,Consent form signed by the patient or guardian,The nursing diagnosis is made at a specific time after the patient is admitted,The patient must be clearly identified by a bracelet containing his or her information,The patient must be clearly identified by a bracelet containing his or her information,Proper patient identification is critical to avoid medical errors.,,حسن الختام,Wristbands with patient details are essential for safe care delivery and are a universal hospital policy for accurate identification.,التمريض العام,
What is the required quantity in milliliters for a urine analysis?,5−15,15−30,30−50,50−70,30−50,Typical urine sample volume needed for analysis falls in the 30 to 50 ml range.,,حسن الختام,"This volume allows for multiple types of analysis including dipstick, microscopic, and culture if needed.",التمريض العام,
A health assistant prepares a room for a patient who will reside in the unit after an abdominal surgery. Which action is appropriate?,Place the bed at the same level as stretcher,Placing an intravenous column in the corner of the room,Putting the bedside table at a level of 90 degrees,Place several pads near the upper side rails,Place the bed at the same level as stretcher,Aligning bed with stretcher ensures safe transfer of post-surgical patients.,,حسن الختام,"Height alignment reduces risk during transfer of patient from stretcher to bed post-surgery, aiding safety and comfort.",التمريض العام,
Which of the following describes the best way to remove and dispose of a face mask?,"Take off the mask by holding the top tie, then remove it by holding both ties","Take off the mask by holding the bottom tie, then remove it by holding both ties",Remove the mask by holding the upper tie,Remove the mask by holding the bottom tie,"Take off the mask by holding the bottom tie, then remove it by holding both ties",Proper removal prevents contamination by touching the front of the mask.,,حسن الختام,Removing the bottom tie first allows controlled handling and reduces the chance of contact with contaminated outer surfaces.,التمريض العام,
Which of the following body parts is most effective in combating bacterial infection?,the mouth,the nose,The eyes,the skin,the skin,The skin acts as a physical barrier to prevent pathogens from entering the body.,,حسن الختام,"The intact skin is the first line of defense in the immune system, forming a tough outer layer that prevents microbial invasion.",التمريض العام,
A patient felt itching on his skin and the back of his throat after eating. What should the health aide do immediately?,Ask the patient to take sips of cold water,The patient's position with his feet raised above the level of the heart,Undo the patient's gown from the neck,The patient is given an epinephrine needle,The patient is given an epinephrine needle,"These are signs of anaphylaxis, requiring urgent administration of epinephrine.",,حسن الختام,An epinephrine shot reverses severe allergic reactions by relaxing airways and increasing blood pressure to counteract anaphylaxis.,التمريض العام,
A diagnostic test uses high-frequency inaudible sound waves to produce an imaging. What is this test?,computed tomography,Magnetic resonance imaging,X-ray,Ultrasound,Ultrasound,Ultrasound uses sound waves to generate live images inside the body.,,حسن الختام,"Ultrasound imaging is safe and non-invasive, ideal for visualizing soft tissues, organs, and fetal development using high-frequency sound waves.",التمريض العام,
Which of these models shows the correct order for hand washing?,A,B,C,D,C,Handwashing steps follow a set sequence for thorough disinfection.,,حسن الختام,The correct model illustrates all steps from palm scrubbing to rinsing and drying hands in accordance with WHO guidelines.,التمريض العام,
A 60-year-old female patient appears pale and suffers from a blood disorder. What is the best course of action?,Vein puncture,laboratory studies,Perform a complete physical exam,"Review of her current medications, including over-the-counter medications",laboratory studies,Lab tests help determine the specific type and cause of anemia or disorder.,,حسن الختام,Paleness and history of blood disorder warrant laboratory evaluation to assess blood counts and related pathology before further steps.,التمريض العام,
A 50-year-old woman was admitted for surgery the next day. What should be done to prepare the room?,Determine the patient's comfort level,Hospital gown and personal hygiene products,Measuring the ability to adapt to a change in the surrounding environment,Introduce the patient to room control methods and routines,Hospital gown and personal hygiene products,These items are essential for preoperative preparation.,,حسن الختام,Preparing hygiene items and a hospital gown supports comfort and readiness for surgery while maintaining hospital cleanliness protocols.,التمريض العام,
"What is the first action for a deep, bleeding cut on a patient's forearm?",ring setting,Pressure on the brachial artery,Arm raise,Direct pressure on the wound,Direct pressure on the wound,This is the primary step to stop bleeding.,,حسن الختام,Applying direct pressure compresses the blood vessels and is the most immediate and effective way to control external bleeding.,التمريض العام,
How long is the time required to sterilize and clean laundries or sinks?,once every day,Clean up a day and leave it a day,once a week,once every 12 hours,once every 12 hours,High-use areas require more frequent sanitation.,,حسن الختام,Sinks and laundries can harbor bacteria if not cleaned regularly; 12-hour intervals balance safety and feasibility.,التمريض العام,
Which of the following should be taken into account when dealing with a patient suffering from tuberculosis?,drain fluid,Contact,Fungi,Air (breathing),Air (breathing),TB is an airborne disease and requires respiratory precautions.,,حسن الختام,Tuberculosis spreads via airborne droplets; healthcare workers must use masks and isolate infected individuals accordingly.,التمريض العام,
Which of the following does not affect the coagulation process when a vein is punctured?,Anticoagulants,Excessive movement,Vitamin K level,Abnormal liver function,Excessive movement,Excessive movement affects sample quality but not the actual coagulation factors.,,حسن الختام,Movement may lead to hemolysis or clot disruption but does not physiologically alter the coagulation cascade itself.,التمريض العام,
Which of the following is the name of the device used to dispense medication to a patient who makes a whistling sound when breathing in?,Ventilator,BIPAP device,Mask Nebulizer,spirometer,Mask Nebulizer,A mask nebulizer helps deliver inhaled medication especially during wheezing.,,حسن الختام,Patients with respiratory issues like asthma often use nebulizers which convert liquid medicine into mist for inhalation.,التمريض العام,
Which of the following conditions indicates the correct use of PPE?,PPE used in Room 118,PPE used in Room 119,PPE used in Room 122,PPE used in Room 123,PPE used in Room 122,Airway aspiration in Room 122 requires full PPE including face masks.,,حسن الختام,Suctioning procedures may expose healthcare staff to aerosols and require protective equipment to avoid infection risks.,التمريض العام,
The patient began to sweat and complained of dizziness post-mastectomy. What should the health aide do first?,Tell the patient to continue walking,Assist the patient in returning to room,Help the patient sit or lie down,Fetch a wheelchair and leave the patient,Help the patient sit or lie down,"To prevent fainting, assist the patient to a safe resting position immediately.",,حسن الختام,Dizziness and sweating are signs of post-op hypotension; sitting/lying down prevents falls and stabilizes circulation.,التمريض العام,
What is the benefit of using a vacuum system (vacutainer needle) when drawing blood samples?,Practice universal precautions,Reduce anxiety and enhance cooperation,Prevent blood clotting using minimal withdrawal,Transfer blood slowly into test tube without bubbles,Transfer blood slowly into test tube without bubbles,Vacuum tubes control flow and reduce risk of hemolysis.,,حسن الختام,"Vacutainers maintain consistent suction, allowing clean sample collection ideal for accurate lab analysis.",التمريض العام,
The most important measure to prevent the spread of infection is:,Use of gloves,Sterilization of tools,Hand washing,Use of masks,Hand washing,Hand hygiene is the most effective and simple way to prevent cross-contamination.,,حسن الختام,Washing hands removes pathogens before they can spread between patients or surfaces.,التمريض العام,
How should used syringes be handled after injection?,Wrapped in paper and placed in regular trash,Placed in a biohazard bag,Recapped and reused,Disposed of in a sharps container,Disposed of in a sharps container,Sharp items must be discarded in puncture-proof containers to avoid needle-stick injuries.,,حسن الختام,Proper disposal reduces the risk of blood-borne pathogen transmission to healthcare workers and waste handlers.,التمريض العام,
A patient with limited mobility is at risk of:,Falls,Infection,Pressure ulcers,Diabetes,Pressure ulcers,"Lack of movement causes prolonged pressure on skin, reducing blood flow.",,حسن الختام,"Preventing pressure ulcers involves repositioning, skin care, and nutrition in immobile patients.",التمريض العام,
A patient complains of pain and swelling after injection. The assistant should first:,Apply ice to the site,Document the event,Inform the physician,Reassure the patient,Inform the physician,Reporting adverse events ensures proper treatment and documentation.,,حسن الختام,Swelling may indicate infection or hematoma; the doctor must assess for further management.,التمريض العام,
"When preparing a patient for surgery, what should the assistant do first?",Give preoperative medications,Explain the procedure,Ensure the patient is fasting,Shave the surgical area,Ensure the patient is fasting,Fasting prevents aspiration during anesthesia.,,حسن الختام,NPO (nothing by mouth) status is critical to reduce the risk of vomiting and aspiration under anesthesia.,التمريض العام,
Which of the following should be done before assisting a patient to walk after surgery?,Give the patient fluids,Check blood pressure,Encourage fast movement,Remove surgical dressings,Check blood pressure,Orthostatic hypotension is common post-op and can cause falls.,,حسن الختام,Monitoring BP helps ensure the patient won’t faint upon standing after being bedridden.,التمريض العام,
A patient has a urinary catheter. What care should be taken?,Clamp the catheter hourly,Keep the bag above the bladder level,Encourage fluid intake,Change the catheter daily,Encourage fluid intake,Fluids help prevent infection and maintain flow.,,حسن الختام,"High fluid intake dilutes urine, reduces infection risk, and ensures catheter patency.",التمريض العام,
The assistant notices that a patient is suddenly unresponsive. What should they do first?,Start CPR,Call for help,Check for breathing and pulse,Shake the patient,Check for breathing and pulse,Assessment is always the first step before taking action.,,حسن الختام,"The primary survey includes airway, breathing, and circulation assessment.",التمريض العام,
A patient is vomiting blood. What is the appropriate term for this condition?,Hemoptysis,Hematuria,Hematemesis,Epistaxis,Hematemesis,Hematemesis is vomiting of blood from the gastrointestinal tract.,,حسن الختام,The term refers to bright red or coffee-ground vomit caused by gastric bleeding.,التمريض العام,
The best time to measure body temperature for a baseline reading is:,After eating,Before physical activity,After sleeping,During stress,After sleeping,Resting state gives the most accurate baseline.,,حسن الختام,"Sleep provides stable body conditions, free of external influences like food or activity.",التمريض العام,
A patient was found with slurred speech and one-sided weakness. What should be suspected?,Heart attack,Seizure,Stroke,Hypoglycemia,Stroke,These are classic signs of cerebrovascular accident (CVA).,,حسن الختام,Immediate medical attention is required to prevent brain damage.,التمريض العام,
"Before assisting with feeding a patient who has difficulty swallowing, the assistant should:",Check for gag reflex,Warm the food,Offer fluids,Use a straw,Check for gag reflex,To ensure safe swallowing and avoid aspiration.,,حسن الختام,Gag reflex helps prevent food from entering the airway.,التمريض العام,
What is the normal range for adult respiratory rate per minute?,8–12,12–20,16–30,20–30,12–20,This is the typical range for healthy adults at rest.,,حسن الختام,Abnormal values may indicate respiratory distress or underlying disease.,التمريض العام,
Which nutrient is essential for wound healing?,Vitamin C,Calcium,Iron,Vitamin D,Vitamin C,It promotes collagen synthesis and immune function.,,حسن الختام,Deficiency leads to poor tissue repair and weakened immunity.,التمريض العام,
The assistant sees smoke in a patient room. What is the first step?,Alert the fire department,Move the patient,Use a fire extinguisher,Close all doors,Move the patient,Ensuring safety of patients is the priority.,,حسن الختام,Evacuation comes before containment or extinguishing in emergencies.,التمريض العام,
What is the first step in donning personal protective equipment (PPE)?,Wear gloves,Put on mask,Put on gown,Hand hygiene,Hand hygiene,Always wash hands before putting on any PPE.,,حسن الختام,Clean hands reduce the risk of contamination during the donning process.,التمريض العام,
Which of the following can transmit hepatitis B?,Shaking hands,Using common towel,Contact with infected blood,Coughing near patient,Contact with infected blood,HBV is a bloodborne virus transmitted via body fluids.,,حسن الختام,"Avoid needle pricks, blood spills, and unprotected contact.",التمريض العام,
When should the assistant report a patient's condition to the nurse?,At the end of shift,Only during emergency,When there is any change in patient status,Once a day,When there is any change in patient status,Timely reporting ensures patient safety.,,حسن الختام,Any change—improvement or deterioration—must be communicated immediately.,التمريض العام,
What is the term for surgical removal of the gallbladder?,Appendectomy,Gastrectomy,Cholecystectomy,Colectomy,Cholecystectomy,"""Chole-"" means bile, ""cyst"" = sac, ""ectomy"" = removal.",,حسن الختام,Gallbladder removal is common in gallstone cases.,التمريض العام,
What is the best method to prevent pressure ulcers?,Keeping patient hydrated,Applying ointments,Frequent repositioning,Covering with warm blankets,Frequent repositioning,Repositioning improves circulation and relieves pressure points.,,حسن الختام,Immobile patients must be turned every 2 hours.,التمريض العام,
"If a patient begins to fall while walking, what should the assistant do?",Try to lift the patient,Grab tightly to stop fall,Ease the patient to the floor,Leave to get help,Ease the patient to the floor,Prevent injury by supporting descent.,,حسن الختام,Don’t try to catch fully—guide gently to protect both.,التمريض العام,
What is used to measure blood pressure?,Stethoscope,Sphygmomanometer,Thermometer,Otoscope,Sphygmomanometer,It's a cuff device to measure arterial pressure.,,حسن الختام,Often used with stethoscope to hear Korotkoff sounds.,التمريض العام,
Why is proper body mechanics important?,Prevent injury to patients,Increase assistant strength,Prevent fatigue,Avoid injury to assistant,Avoid injury to assistant,Proper posture protects spine and muscles.,,حسن الختام,"Always bend knees, keep back straight when lifting.",التمريض العام,
What is the normal adult body temperature in Celsius?,36.5–37.5°C,37.5–38.5°C,35.5–36.5°C,38.5–39.5°C,36.5–37.5°C,This is considered the normal range.,,حسن الختام,Fever is generally defined as over 38°C.,التمريض العام,
Which of the following is the first sign of infection?,Redness,Fever,Pain,Swelling,Redness,Local inflammation is the first response.,,حسن الختام,"The area may become red, warm, and tender early.",التمريض العام,
What is the term for listening to internal body sounds?,Palpation,Percussion,Auscultation,Inspection,Auscultation,Typically done with stethoscope.,,حسن الختام,"Used to examine lungs, heart, abdomen.",التمريض العام,
Which organ is responsible for insulin production?,Liver,Pancreas,Kidney,Spleen,Pancreas,Beta cells in pancreas secrete insulin.,,حسن الختام,Insulin regulates blood glucose levels.,التمريض العام,
Which of the following is the correct needle disposal method?,Trash bin,Plastic bag,Sharps container,Wrap in tissue,Sharps container,Prevents injury and contamination.,,حسن الختام,Must be puncture-resistant and labeled.,التمريض العام,
"If a patient faints, what is the assistant’s first action?",Call doctor,Start CPR,Lay patient flat and raise legs,Give water,Lay patient flat and raise legs,Improves blood flow to brain.,,حسن الختام,Known as shock position to reverse syncope.,التمريض العام,
What is the normal pulse rate for adults?,60–100 bpm,80–120 bpm,50–90 bpm,100–140 bpm,60–100 bpm,Resting heart rate in healthy adult.,,حسن الختام,"Above 100 = tachycardia, below 60 = bradycardia.",التمريض العام,
What is used to check pupil response?,Penlight,Tongue depressor,Reflex hammer,Stethoscope,Penlight,Assess neurologic function.,,حسن الختام,Pupils should constrict to light.,التمريض العام,
Which side should a patient use a cane?,Weaker side,Dominant hand,Stronger side,Either side,Stronger side,Cane supports opposite side of injury.,,حسن الختام,Reduces load on affected limb.,التمريض العام,
Why should a Foley catheter bag be kept below the bladder?,To avoid air bubbles,To prevent infection,To ensure accurate urine measurement,To prevent backflow,To prevent backflow,Backflow can cause infection.,,حسن الختام,Gravity drainage is essential for safety.,التمريض العام,
Which of the following is a symptom of hypoglycemia?,Dry skin,Sweating and shakiness,Rapid breathing,Slow pulse,Sweating and shakiness,Low blood sugar affects nervous system.,,حسن الختام,"May lead to confusion, fainting, or seizures.",التمريض العام,
What should be used to clean a thermometer after use?,Water only,Soap and water,Alcohol wipe,Tissue paper,Alcohol wipe,Disinfection removes pathogens.,,حسن الختام,Especially important for oral or rectal thermometers.,التمريض العام,
Which of the following is used to test for blood glucose levels?,Sphygmomanometer,Otoscope,Glucometer,ECG,Glucometer,Measures sugar level in a blood drop.,,حسن الختام,A glucometer provides quick blood glucose readings from a finger prick.,التمريض العام,
Which pulse site is used during CPR in adults?,Brachial,Radial,Femoral,Carotid,Carotid,It’s easily accessible and reliable during cardiac arrest.,,حسن الختام,"The carotid artery is large and close to the heart, making it ideal for CPR assessment.",التمريض العام,
Which term describes difficulty breathing?,Tachypnea,Apnea,Dyspnea,Bradypnea,Dyspnea,Refers to labored or uncomfortable breathing.,,حسن الختام,"It may occur in asthma, heart failure, or lung infections.",التمريض العام,
What is the medical term for low blood pressure?,Hypertension,Hypotension,Tachycardia,Bradycardia,Hypotension,"“Hypo” means low, “tension” refers to pressure.",,حسن الختام,"Hypotension may cause dizziness, fainting, or shock.",التمريض العام,
Which of the following is a sign of inflammation?,Blue skin,Yellowing,Redness,Coldness,Redness,Redness is a result of increased blood flow.,,حسن الختام,"Other signs include heat, swelling, pain, and loss of function.",التمريض العام,
"When lifting an object from the floor, the assistant should:",Bend at the waist,Keep legs straight,Bend knees and keep back straight,Pull with arms,Bend knees and keep back straight,Prevents strain on spine and injury.,,حسن الختام,"Use legs, not back, when lifting anything heavy.",التمريض العام,
What is the main reason to reposition patients every 2 hours?,Improve sleep,Enhance comfort,Prevent pressure ulcers,Reduce boredom,Prevent pressure ulcers,Relieves pressure and improves circulation.,,حسن الختام,"Immobility causes tissue ischemia, leading to skin breakdown.",التمريض العام,
Which is the best way to identify a patient?,Ask their name,Ask the family,Look at face,Check ID bracelet,Check ID bracelet,Wristband is an official identifier.,,حسن الختام,Reduces errors in medication or procedure administration.,التمريض العام,
What does NPO mean?,No pressure on,New patient order,Nothing by mouth,Not prepared orderly,Nothing by mouth,NPO is a pre-op or diagnostic order.,,حسن الختام,Used to prevent aspiration during surgery or procedures.,التمريض العام,
Which organ removes waste from the blood?,Liver,Pancreas,Kidney,Stomach,Kidney,Kidneys filter blood and produce urine.,,حسن الختام,"They regulate fluids, electrolytes, and waste excretion.",التمريض العام,
The term “edema” means:,Redness,Swelling,Dryness,Itching,Swelling,Edema is excess fluid in tissues.,,حسن الختام,"Seen in heart failure, kidney disease, and inflammation.",التمريض العام,
What is the purpose of a TED hose (compression stocking)?,Warm the legs,Prevent varicose veins,Improve circulation,Prevent foot drop,Improve circulation,They promote venous return to the heart.,,حسن الختام,Used postoperatively or in immobile patients to prevent DVT.,التمريض العام,
Which is the most accurate method to take body temperature?,Oral,Rectal,Axillary,Tympanic,Rectal,It reflects core temperature.,,حسن الختام,Rectal readings are closest to internal temperature.,التمريض العام,
"When documenting in a patient’s chart, the assistant should:",Use pencil,Leave blanks,Record subjective opinions,Use black ink and facts,Use black ink and facts,Legal and professional standards.,,حسن الختام,"All entries must be legible, factual, and permanent.",التمريض العام,
Which body position is best for a patient with breathing difficulties?,Prone,Supine,Fowler’s,Lithotomy,Fowler’s,Upright position improves lung expansion.,,حسن الختام,45-90° upright posture facilitates ventilation.,التمريض العام,
Which isolation precaution is used for tuberculosis?,Contact,Droplet,Airborne,Universal,Airborne,TB spreads through tiny particles in the air.,,حسن الختام,Negative pressure rooms and N95 masks are used.,التمريض العام,
What does the abbreviation BID mean?,Twice daily,Before meals,As needed,Bedtime,Twice daily,From Latin “bis in die”.,,حسن الختام,Standard medication timing abbreviation.,التمريض العام,
What color indicates a biohazard waste bag?,Black,Blue,Red,Yellow,Red,Red signals infectious material.,,حسن الختام,"Used for contaminated gloves, gauze, and items with blood.",التمريض العام,
What is the best action if a patient refuses a procedure?,Do it anyway,Ask a family member to force,Respect their right and document refusal,Ignore and leave the room,Respect their right and document refusal,Patient autonomy must be honored.,,حسن الختام,Inform the nurse and document in the chart.,التمريض العام,
What is the correct order to remove PPE?,"Gloves, mask, gown","Gown, gloves, mask","Gloves, gown, mask","Mask, gloves, gown","Gloves, gown, mask",Gloves are most contaminated.,,حسن الختام,Remove in reverse of donning order to prevent contamination.,التمريض العام,